customer_id,customer_unique_id,customer_zip_code_prefix,customer_city,customer_state
0040b00970e2139e8c43b647c0da5305,8dfb9fff0eac6a63f34ed7707068e988,12942,atibaia,SP
00474d2582fd72663036795b7ab8cfc1,7bf845014243c08bdcea071d6981303e,87600,nova esperanca,PR
007b7f04a35e02745c23ea706492ca20,46dd28b3f7e33b789acf42d3093b7773,35950,alvinopolis,MG
00f3b3a7cd0b6566435090c7fbda03a2,c2b845a86c16b519c0c1d9598576f276,37940,alpinopolis,MG
01415cfeb907d8ce0e17075b4c097fe9,c2154b6ca788852f644e6f56dc7abbe9,05409,sao paulo,SP
01a0d45a369a4356ac4652584652109a,611110d26326c28456ebe437516be00e,14806,araraquara,SP
01be2c0c2d55c597b5ec011e26e4b0d1,0b3dc7efaafb0cf78a4796d42fa8d74c,22410,rio de janeiro,RJ
01e0d4fb731e6ee47df3f3f179cc0a0b,9a47f3ac5c51599a24bb848c16ece5f4,05633,sao paulo,SP
01f7b7a4e25cda9ce48c0f7263f7452d,e55fbf4f9ca883b98aeaa2b149987027,29400,mimoso do sul,ES
01fc05160cf790b9ed54ec795ff07688,225e63e9d240db566203b1ed918a809c,20760,rio de janeiro,RJ
021833e9737a1145b5a6e3053f0f4329,18af4524eed79155034a9374880c5078,03211,sao paulo,SP
0280e2736a179aa87a59447236a797fa,1c61833a5bbe555d71990cf46c3ccd2b,13313,itu,SP
02cb3a8ef6e13d37560379559e2f533d,d51c96d2f1d710b94744d6f7b88387d7,12245,sao jose dos campos,SP
031f08a1ebdcfb5e706831bf64de3860,4e23e1826902ec9f208e8cc61329b494,20550,rio de janeiro,RJ
0324eee00643cd63d11ec25cb930d53e,3d8b5f7499ecd5b1d995bb18d9ef69fe,21770,rio de janeiro,RJ
03376f61962efe4dccecd7ce47dcb511,e2a9ce5993c4e7bd7929e889da70a919,25060,duque de caxias,RJ
038f88979c9816294e2a236465e8096d,32203277565d5e9a28b9f0da4ed32698,44059,feira de santana,BA
03b753419e88796de2c7127ff13dce58,f6fe57d378dab85208a1fdd0172548e0,23020,rio de janeiro,RJ
04356ca5b944f7a92d6b103bdb44268a,2774c87659bdca5ddfc6df1a688a54e5,04561,sao paulo,SP
04a043776b45158df5f274435321c199,7e6f4c38a581cced287444d779368aed,35770,caetanopolis,MG
053716fea805d6b29d6f8b6113fefe4d,3b2aa495b3557acad84b380301a9cc94,62570,bela cruz,CE
055e117cce871c681f903f52d7a866d4,c40388c86f0334d1d69f33fc43322a8c,45985,teixeira de freitas,BA
0595cb1106adc0f2c0f617c560fb8e57,9d31457a03125fc870787a251760315a,05025,sao paulo,SP
064064dd94c43013786fc1e1a14d6374,00115fc7123b5310cf6d3a3aa932699e,71015,brasilia,DF
06a70917afd2dcd59396e1eac836c646,451c36d15ca9729da50f130f5c0f1c59,31870,belo horizonte,MG
06b74967617d6e12688e779fdc1a580c,8f09add4b8d8c9c4311d881d29b8d58c,88845,cocal do sul,SC
06cd112a475fd4d834eff32968147050,527cd2850ef91088969ffbef0103dec3,80030,curitiba,PR
070db51ef1d6a1bd858c21b03de83e66,1f98e3467d2b48dfb44fc12b137d3447,05074,sao paulo,SP
073a1dd224494392bd923c55a093ce4e,f59dcbbff80e462d11eba16dbbc43ff6,09020,santo andre,SP
076a5ddb5b1240c532093a399dcb47f5,76cfb52cb2b6b08a3a01454ad83e73f1,74915,aparecida de goiania,GO
08958a40dbb52a0eb07d38b5e9ba3e51,03d8e50ab83b5e43e11d51bbadb8b0bd,13221,varzea paulista,SP
08b0db04ac8d73532750572156241d88,0fc4512b047ebec6da8414a427494244,36050,juiz de fora,MG
08c5351a6aca1c1589a38f244edeee9d,b7d76e111c89f7ebf14761390f0f7d17,69309,boa vista,RR
08c95eb831d93a76079d7e24a117db29,e0998bd9b9ddc78c925d8a815f18673a,90540,porto alegre,RS
08fbfcc1b6c48f73ddca8312c78f6f53,4d30f9e0514e084c4ad6368a3afeeceb,35170,coronel fabriciano,MG
0974e9a00257a842b2ab61eb66b3b435,ea7086ab7cd398da72b160bd0f89b9b9,04505,sao paulo,SP
0975c3cf2e418ebfa5d1191a2dffd59d,f7b981e8a280e455ac3cbe0d5d171bd1,80030,curitiba,PR
0a9ee4d9030acbe428769c79d0c4da69,d0f63e7f9adb09e4efc7f4f276b977e4,45355,apuarema,BA
0b8c055126a79bb506c592eea2ddb8eb,9f86523d50f6768bc624252e42e938ff,11900,registro,SP
0b8cca6cd998b579f4a0556a31f388f4,4d5db20ccc7f8a5f045b475d9fc6d8ec,17250,bariri,SP
0c17965e427088da168bf202d9847f7a,3f26a900e8a097011c321eb6eb66ded7,05014,sao paulo,SP
0c63b4438ff050942153aaa4c19ad1d3,8ca747eb93e7b8d6a56532b8f074d185,38414,uberlandia,MG
0c6e74d3848e590888f197074ee1f5ff,58aa424ba24df5dc745e1a3941abc5a3,08593,itaquaquecetuba,SP
0c9250b6e51b94c3250b3992631fb100,04544a89f79714c0abcc3ae49e884209,01303,sao paulo,SP
0cd8afa06f9985eabdce1fc7b25c7de0,90903e514222249170252e90f6b358fa,89010,blumenau,SC
0d00d77134cae4c58695086ad8d85100,8886115442775dd8a20c2dcc921c7cc8,88070,florianopolis,SC
0d0f6b38e873757a949a9c3624b21a93,5e0aa142dc4760e62a74c1830cbf91b1,29845,boa esperanca,ES
0d1c2dc5009dfaf9722bc97439e6d82b,e819069612699e215127ae14289c413c,55636,cha grande,PE
0dc0162bbe9965694a426d8c6f1a56fb,7a2679d6c164f6b6a2f36daf1b2fbc9d,08161,sao paulo,SP
0ecec081acf716b8ae4ee28348f7b04a,dbd646e11d140ae5452828dd2eb2c6e9,50740,recife,PE
0f51eea87ae9e277d0f099d51637772d,7af2db50b8a1a1c7fdf77acb033ba6b0,68005,santarem,PA
0fbba4e64c66162f8108ba004d0b929d,29607e7e09b983abf0027c079c05efb6,04222,sao paulo,SP
1013b3cb87e89aa951b7f556f8c26d33,0032c76b20340da25249092a268ce66c,13515,charqueada,SP
109cf3ecc53afd27745a79a618cb5ec4,3af90f255e824d1d53b3584a4e89ad58,35162,ipatinga,MG
10d74e1a3adaeada0d8da4a2b2891cc3,abcee124c52c041bafc381cbc0036d24,13081,campinas,SP
1124aa987445b3d3f42412a375522a89,d98096b0c597ce4bf28a2839ad0f89fc,07020,guarulhos,SP
115159a20c6d95890cbf83916b57b07c,2fb246d1ccf7be8743d4a385db89cbb9,86300,cornelio procopio,PR
11ec73ddb032be97ae8f0219cce6cfa3,6b4f7aec68e9574e9383d72653ae0ea1,99950,tapejara,RS
12b9ed9bc1f4f6648dab5fe7324a3d58,bdfe47b4aabb5f74902e1c197e18c549,75912,rio verde,GO
12dca0bf14588cc10f18a9f9abaef604,6259b1f4da26c67879164ebce6333481,98900,santa rosa,RS
1365d1374ca6c72869ff0c56963f176c,e37af39d93f352f64ede45a151161d0c,21215,rio de janeiro,RJ
136f4c1a0629b4ef8681a46dfeeddc2e,8c4eb133c4a45634289a9727130a32e1,89560,videira,SC
13733cc0a4aafa89ac9017036cc89fe6,8b72bba76cc10c0710aea06efcadeff7,07700,caieiras,SP
13db9c37d449305364a897e44f479406,746c7bded4ed70487bf7d6461e9f855a,65590,barreirinhas,MA
14a2912b7f370c345cebcda474774f55,48eb05fb37e33f3079495d0145ef2711,29122,vila velha,ES
14c40450842463a4e86a52654f2e3ff9,3720ce768cc8e7b9a23fcb794ac67179,02111,sao paulo,SP
15b7fb20d8805996eca064ddedb843c6,43b1465a233a9c1c822dbc043a864e2b,08275,sao paulo,SP
15e004d388d75132c9f43433c4073f2a,4c7c157b7ca1593ff4b83309db3a3255,36415,congonhas,MG
160ac713dfef7d7f57a0f61d8a0df5b4,6bc9bf98a4897e4c512e8bfe808fe584,11666,caraguatatuba,SP
16e14c1e6e050fe6730c961ff638ca23,df2988ba3ed226b10521a0e4da849b61,23092,rio de janeiro,RJ
17066ea92fe83b36cb9f9997c3cca3af,eafe35709d25fa19c1ac63692d5c293f,20921,rio de janeiro,RJ
1710b798ebdc5db6665c815b90a64999,5c418344883a1f8617cb5577648adb4a,65110,sao jose de ribamar,MA
17e6d37366dc8c8865588b0d1740d606,3c34090736785a45dd8cbf536ad289c4,86181,cambe,PR
185f6a4579e6c10122c789bc38ba3337,397d9b4fe1a6f27a7180b14a42dab978,23946,angra dos reis,RJ
1898e33d23781c0e4574a114fe73c73d,1ae78cd8cf034823e5cca58266ca894e,49500,itabaiana,SE
18c97899df0947157d3e829e27aeaba4,d059a0ec4c911c7abb10602099670325,06719,cotia,SP
193fc54759c7948c87e0795ada003c69,2dd087e327b9bdff4f2ac6cf855a3b06,37490,sao goncalo do sapucai,MG
198b639c2da0e7f71ae2b720ad67f47d,55b9662183a72ec77b8f467ff8d42fa3,80610,curitiba,PR
19d8d28432946239ce9f75e1990f7e58,d6fdf70f71d5b82ae601638a446bd228,64770,sao raimundo nonato,PI
1a690c199a6496cabdbf071e3983ce68,e40d59fa312bc135e52952f33e30252e,36305,sao joao del rei,MG
1aaa5eaa9dd9bafb385aadc1930ef8e4,854e546b53f9b86fecc634f1cc7587cb,37701,pocos de caldas,MG
1ad07b0c4441e0b5550631b23fc22312,4935a78ccb4610047befc89c31602c36,13087,campinas,SP
1b68647cee091c5dcf4f7200ba5dd760,9ebb078703bce2d1db28c206d2aae886,59151,parnamirim,RN
1c1e931635c21508c29086be9de9aada,87b3f231705783eb2217e25851c0a45d,36016,juiz de fora,MG
1c282323584deebf1025c4c72dde565a,2a20697e5508f62175c47760b460bd01,31744,belo horizonte,MG
1cbeb91a58bd89ee2df1bc32f3311209,e75b9df782b21f27d61449864774108b,83045,sao jose dos pinhais,PR
1cf722ec2d1f484c35c1ecfe752b263d,ed8d3a85dcebf694f8dde843f3cef35a,93032,sao leopoldo,RS
1cf8e420d259ba1c8e79065408f9bb9e,f188bcfdf0d853ae624280116fd6009e,05756,sao paulo,SP
1d2b981cedb5a187a9eb0c2ecbf0df2a,e6765cc5f48f2c03a00dff340ea1dd93,20950,rio de janeiro,RJ
1d34ed25963d5aae4cf3d7f3a4cda173,753bc5d6efa9e49a03e34cf521a9e124,28735,quissama,RJ
1d4559618ae0a6bcc7dc8baaf5ad58cc,cc93f0fd2d5903386827b0dd3de6fc42,05008,sao paulo,SP
1d48a5dcde374b9d63b2c29e6af97cb8,1d2435aa3b858d45c707c9fc25e18779,21760,rio de janeiro,RJ
1d72f0479018c73cd9f58abcb01e776f,9e51b7aa58099f4e2a91f93968c15377,40290,salvador,BA
1db74a8b644afe5d02543026ba693e76,9ab6e9ce8afdb15b37eaa92421cb81e6,37245,carrancas,MG
1df2dcecdf59a9ec5bbd2f877821219e,a4ed37fc830d1fb2889b4193ebb09a91,36031,juiz de fora,MG
1e3005980e35ffabad12c31116e746f2,17225933796c17da3f4e3d73ef87550e,86010,londrina,PR
1e6cd8588a826f646f124d1725eab3a8,f6e2c0cdc5cd3baaf61274104bc4e69a,04661,sao paulo,SP
1e88b5f20d4c915f63c41dae61f1c23f,3274f2b2174433e889854e791974e48c,38055,uberaba,MG
1f49021da1642fde361de30ee4f1c935,ed5ef953c0941dc977aba367437e876c,37950,sao sebastiao do paraiso,MG
1fb3df5efb074be6ef543b2ac76833e2,0af9e2cf24bbd44ec390c828b1eb7356,15960,ariranha,SP
1fb9f3e7704d50dd72f6adfd4f6d8ffe,028ae0b8c77250d12323b40f2cbb38c7,35901,itabira,MG
1fc56719b52f82c03caddc5faf531fbb,40b41ade17bb2121b576b07e25ce622b,95500,santo antonio da patrulha,RS
1fe4c3902c5bd6510a869b3d4fd3843b,123ecbb4fb560cff85dd1072dd0a613d,22421,rio de janeiro,RJ
1ff98f738e6baa6c7d6c262757e82720,9980b713c602b47b07150683862c49d6,04272,sao paulo,SP
207df7ad3a701cc5f0a232000cca51f9,6bd4f06d5599d085d7a367cf49626155,04021,sao paulo,SP
20d32833d8983a835cafcd54099631a0,1150664499f22ea0d558af89a2c053fc,12952,atibaia,SP
2155e6e404e41736933c696382c1328b,f27f6f093a0769b96f8f80a445c9fba6,04747,sao paulo,SP
219f6aa1ddc83ec7dbf2498e664129c1,92dd9c8abb3cfdd902e9528cab9cc3cf,16300,penapolis,SP
21a6abdf0197fbe57451bd0a1d3c59a2,5fc74f8947fe099b44a20bde30661d83,03683,sao paulo,SP
21cf8b03074c935aa1de2d527371916f,f79fe58e24e35fe4c036e1fb462769de,37470,sao lourenco,MG
2208577a67480f29e84ad6f2419e8945,9a6a08ddde38a6a1a71b918e0840d4d5,09725,sao bernardo do campo,SP
230787cbf8da57cbd10d7c223cde6f1f,ad1cb06f09b27e4773870d1f76a68557,13058,campinas,SP
237bf1bb29147868ba252c6fa367c746,1ebcaa4880a924804df1ea3656e1c623,23510,rio de janeiro,RJ
23adca7b92ea9f7c40e60be117e47c6b,dfc02cf6b5c4222c8d5408ad15acb02f,79072,campo grande,MS
23b8c6b8acf581a5d3c4bd97d55c86bc,83822098b0d5345dc6cb790a224c4492,24460,sao goncalo,RJ
24cf4347382b8e190a512b2de912f89c,5dfa073ad1f07633e87ad388a99a55b1,04405,sao paulo,SP
24d27d857775354d2ef3c83e95be2935,71f9d647cd3876fd59aa40c74c81e972,07122,guarulhos,SP
24d46169d90daaa687cbf122c3243df8,bcdd3f31625ec664aca676d1c101e753,17502,marilia,SP
258c52543b8045fe23644c47a645c9fb,de6150bc32a048990e6cbb6dbd3825bb,60822,fortaleza,CE
2591b8425f1f3f363d644917fbc238db,b0e456c406192d77c8ff45ba89c81d61,21820,rio de janeiro,RJ
2605d144097120a05a112c61bd1c4397,8f800fc6d16456d0e952825096c0f40e,20260,rio de janeiro,RJ
2707853be7df8de3a4c4e8c718de99ba,012e12f54f6e73b1faba89a119dab849,75930,maurilandia,GO
27129ce1ebca4ffa23a049c51cc8ec95,12f5d6e1cbf93dafd9dcc19095df0b3d,82200,curitiba,PR
27ab53f26192510ff85872aeb3759dcc,f922896769e9517ea3c630f3c8de86d0,96832,santa cruz do sul,RS
285195a5b585842e25bd1ef9015a8413,acf5cef98a4798f470a2bb70a330ac07,13304,itu,SP
28783e4198a64a0285d35e5967d9956c,7f11d8cba2b0b40ef25915bf8e0c48c0,85801,cascavel,PR
28d65a634bc74f4f8b823cf8dd5e8b34,c9a46f6978294b1095dffd3f228bea68,66093,belem,PA
28e414622d3770ff33c04a3151bb77fa,12b3f3ecec72ac5252b5bbc137ca3c59,18080,sorocaba,SP
28fdcbdf2ebc3b9d20d4a810cec6a8b7,1fe76010d06f4c73ed78f3a7d469d93e,38360,capinopolis,MG
29c13f323716a5bbd7356343e45d9868,35e146c985a9cf989c91edb4c0c156fa,21371,rio de janeiro,RJ
29d768c153dabfc1ecfeb0c1c389727f,b5ccc57b179210bda569df984bdf7df3,57200,penedo,AL
2a69da30b726b7f3db7f1059af5d4304,f7b62c75467e8ce080b201667cbbc274,22071,rio de janeiro,RJ
2acac3dfe4fa0e75b07461873a67e7e6,93027a697145bb67a134f56e9a3f0d9a,66833,belem,PA
2b3dc71b4cce6a5cb97f6ebf5d6ede5f,62875d300d81b5f33990d8bd3ef103be,35476,piedade dos gerais,MG
2b8784fee7592d8c11a970f175cb5d71,b7da10f6d11e0b62cddf30186578200d,95703,bento goncalves,RS
2bd859804139f43a638beb3cabc4b204,0f1190ffa87d71271b42b9df8245258f,78128,varzea grande,MT
2bea781be88980e68fb5bbac765fccdb,ecf55c92c7bf73cc1d576a0f6a235b0b,24230,niteroi,RJ
2c03e5b9680aeca26ed87d369d4e097b,b77d9287064d0c8130947b0c84166a76,15990,matao,SP
2c98452bdf306ac1a6055b52c9132067,0f20997f7f9f1c75f9b546a4598989f0,86280,urai,PR
2cb0c084ec56c7fc7d6278cdd8787670,259a143b745a93c577b929e9fe90adaf,40150,salvador,BA
2d2037b93b52f5a7ac9e286e8bd69d15,f571289f61836e3356b8c679b0652f3a,37026,varginha,MG
2dae38555287b3c42938a0688936c53a,572d41d4bcd3c9cefce4aca490ea0343,37500,itajuba,MG
2dffab2135e36d25087cad94f4e559ab,82629037a1fd4821b8645ceae55845bd,58051,joao pessoa,PB
2e19009aaf5ce281eadf19914ea75b5c,dfad52af74ef4e4efcd09c4f00de979d,89675,vargem bonita,SC
2ebf822bbf33241c7bffb42235519f92,bdb88619ffe5ca24fa5732468bd34573,37704,pocos de caldas,MG
2ec7666d1077597d4e4ff2116a319530,f171039a67a78b3d57475168802da70a,72720,brasilia,DF
2ed1b5c01561bcf39cc2f1566a8ac9f1,ed05a1bbf9f8816af23fcc68084bb87d,06806,embu,SP
2f21a50c8c1214f27c501848fce8eb64,1ccbae0dcd0c452b88a40c54f9d78401,88400,ituporanga,SC
2f58bb32416886045970ba0c48719094,cc80ae8fd9fa74580d1f502543704c6c,13202,jundiai,SP
2f9e8eaed5dc638e5b884a9a37268fca,ead79f0f7e56bfe34b76c5712e623363,35701,sete lagoas,MG
2ff5a6455514da421bd25d6e4ceb1d12,2e629c69eaa172cb271dcf7f890f921a,33400,lagoa santa,MG
30159428cd8098929d2d39e5e357fcc5,a696ba5db33cf4835a04dd5965a86781,07787,cajamar,SP
303f96887b473d72e34c2d0e492fa43b,01f156677184504063bd19739f924af1,88735,gravatal,SC
30df93bd0e2874646d39d37dec1764d5,faf47b5b5d6da79375665838f42e5136,21221,rio de janeiro,RJ
3140c5d46f2d38e4f14a9675359d6a27,7f3ae1ea298c60b1a19751a1ded40199,91260,porto alegre,RS
31a4ecf0bd3ea9436b7132bac1a1bdb3,24c0806a2407ad1f14b1323849bd246c,02044,sao paulo,SP
31ec530ca6c36d8cd17146241c119887,cb3709632b79a6369878c981ccb22045,89225,joinville,SC
323a81cf20fb536503c017cfd5c2d54f,58f814af5001d06b0d34d8a836ab18eb,30516,belo horizonte,MG
3257a8d4cbb3343dcf40eac13ba329cb,04ed62dc4fa17047b2d70df383dc1f4d,25040,duque de caxias,RJ
32734d8ce19dd70c65a8aa63c4e080e9,a5e42bf4c43302b886ff16d4007fd695,37505,itajuba,MG
332ea0e2b2e87e9ed11f7aee42cf698f,44e2da016dfb42c8d28e6ee043a812a2,06624,jandira,SP
3357130ad85f3c9758c6623ba3d51bc4,bb07648db5b0a3cd55ca6a116f011fc4,19053,presidente prudente,SP
33e655dd86058bc865f1f3d9fa5912aa,f8ea14322aa66955d27b0d049b3dad79,13845,mogi-guacu,SP
3422a239d7c7bf95b72216d779a28de6,1aba41ff60afaade1aadfc1eeb30f87f,71907,brasilia,DF
345243f3e37e32114d9cf17eb7a11c29,8f7036a46f0fba0b1caea70c6ca36203,03254,sao paulo,SP
3489fb03bfa99335c385df8b863a701b,046ed33aa8bef51855af6010a11a835c,25261,duque de caxias,RJ
34d9abbd51f86b7faec4fb8bd8a630d5,a48ce24144099b583b6150e0f69712d4,24465,sao goncalo,RJ
355077684019f7f60a031656bd7262b8,32ea3bdedab835c3aa6cb68ce66565ef,04106,sao paulo,SP
356e49e06716cab5d634234a371dba70,8416fd034dbaeface8a52c0819d3dffa,74870,goiania,GO
3576d9f3793f6dbfd0d915eb446d31c5,9b0e2c4e40a458cf215f8f652f64a5ba,38408,uberlandia,MG
35f26e073ace0e3cd12f259eb5c75fb8,83e75db9c4f88190e300f1a6cca95540,76510,crixas,GO
3619684d733b95a9860ca496206a6ab0,ffebb6424578e7bb153322da9d65634f,07260,guarulhos,SP
363d3a9b2ec5c5426608688ca033292d,d8bee9ec375c3a0f9ef8ed7456a51dcd,76940,rolim de moura,RO
36648b18906353abea5d060f554acb0e,05f0509adff9a7c6e37cc5d6e5c57e8a,08372,sao paulo,SP
367163bdcc25d2ab5b6748c0068e0e32,f702d3ff30b8cf5083af2bf140043067,30421,belo horizonte,MG
36e0f840035e7f9bacad69b27b953a02,4a9b32703700ed17c13a3a6c1a784e1d,59091,natal,RN
378149ca89a5e5020931071114dd8865,b313b4a68d70a37718f0313f32789e2b,09030,santo andre,SP
3887e889fec8574f573081115ab2ddf8,2abd1358778a9cc18d04cf7211b799b9,95890,teutonia,RS
38fa25096a695e1972739e2dd6821f83,3e36312a56bdb312242490706752940b,13059,campinas,SP
3917cd13f3dd7d8b6124ce56f00e88ae,b824f6981f2ee1c30533c4138572428c,25995,teresopolis,RJ
396e166b4e65309db46b7c9945c89a33,1bc6a6effbe393f0be2f25e73d8ce50a,97960,sete de setembro,RS
39d5f491d314a5e26d16cf74581bff02,5d81012f5f20f3781512403410be3043,06624,jandira,SP
39ecef3d8a542ee6b91e7bfd7e9a6b87,e08b2dabdfac348704d3b031dfbf6d5f,35547,carmo da mata,MG
39f51cf31b3d2266b99005da1b5d5b79,86f04460dd37a57e3a0ecdeaffb1919b,17740,rinopolis,SP
3a47005be3c2748d25859444f49b0048,0e1990d494dc3c1a2f5fca4b56c35a4c,35170,coronel fabriciano,MG
3a4ccb2c6fb972d301b8f9edfbf81fbd,ff822e5e1322cef6c211ad8a0591999e,25740,petropolis,RJ
3a7856f2a103364d279de7f72e18b7c4,29a63a400c3ca9982907ce8de1f19527,80030,curitiba,PR
3afe43b81b0d102b2ca5138ab53f418a,15fbc48df691e0ad51b0cf30d86392a2,04609,sao paulo,SP
3b00ef5e72ddc9ea0209d45514deddec,c0ffced3ebdad307fbf1bff6b9f65bca,27211,volta redonda,RJ
3b02662e1fc027ed85be9b59f038d63b,753b0bdcb8024540f111c24f2be614c1,54768,camaragibe,PE
3b2b96751131c948164edc5d21d27abb,55b3a0a9998356016bbb072bf8c188a6,60830,fortaleza,CE
3b7db71fcb0e1493dc3f486768a67239,cd4b9f268bcad20a5d9cb8b41a2e6ed1,22723,rio de janeiro,RJ
3bb0f1d5881cfaf2de8eacdbe88b2d58,4079d39cb3fdea47201540107c1673dc,07804,franco da rocha,SP
3bb3946913ea760c53bc4298f9ecf5bd,08c64a66736d94ea0a55c397c9da85fc,31365,belo horizonte,MG
3c03fed2df425b8291c5913c52b51b84,2e8eb06baae199a63d3a7b603efa771a,28375,varre-sai,RJ
3c0b720f2a9aebf70b250e73ef4fda63,b40f9f5a8ddb36c2b9dded8fc1f5a255,84940,siqueira campos,PR
3c521eac04e2dca4702dcc69789618c2,5f7e36fb1d42d0b1c408b5b41bc52bb3,13846,mogi-guacu,SP
3c6484a7438cd35dcc54f53f4b945829,7c6157bc4c2bae550d37b6fc445db0d5,13061,campinas,SP
3c8735c5a045fb31f956e4ab8f23c566,bf27e53164b2385d9eecc0e04a566e3a,06868,itapecerica da serra,SP
3cfaedb59f39332d98cde2d6a9a1de08,f78a1d6281b3b4a1542c00bd1d8b503a,12942,atibaia,SP
3cff79bc3cc73ae212fbc01eb269acfe,32845d7f61934b59a9c3cce3fad4ba9d,25935,mage,RJ
3d1d66accf98c118e170e779aab66b67,3564c4748fd6c1097ba1a7e7c6fa5ff1,89825,xaxim,SC
3d5c479107dce026a67c0a78ec5f87f2,d7a4ea17f19293f471d6dac189d74e66,13184,hortolandia,SP
3d89e437bbd02dfc96b7ebf2d791bfc2,911a7d4fed122180dfff1453bf5a5094,23020,rio de janeiro,RJ
3d8e326c3cef3a9bba7ca121baac5fc3,b18b6d40c3c5510727e0f22b568d3e1f,91430,porto alegre,RS
3d97524e491c9aba1f09141ecfde08d4,5b4f4020c6264b792133c4a42e41a0b3,13483,limeira,SP
3dc7eb6da6c008460353d9a171e8fe6d,af46f006f8c0e0d06975480af3805422,06449,barueri,SP
3dd2f8a8b58ffd06e8bff60f30b84f91,6cceb051264e3bac0ac2a98182eba14f,07724,caieiras,SP
3e538d735070c509095ccbdb699f798d,4f6e6ec3891fe96b3fbe50c587769eec,04849,sao paulo,SP
3e6d5ab80ad405a8ebfe75d52974e93c,e7b4387753fe653df8d20554cb443465,08900,guararema,SP
3f3aaaac1d9df140266ee77970735eaf,c40388c86f0334d1d69f33fc43322a8c,45985,teixeira de freitas,BA
3f402674c608ea67085eb5e0ec4d96ef,83e7958a94bd7f74a9414d8782f87628,80030,curitiba,PR
3f5939e06e89efd9e9ca8ef3ab9d68c7,6b7e1090d106aaee31d5ed12d2bbc2af,01310,sao paulo,SP
3f63878c497f2703038d3eb23f8516b0,a5cad0a33504fb5b9725ac33ed686359,89247,balneario barra do sul,SC
3f6f000d5b0a959f38481fad4ab7cac2,221234182f828fb9f2a4ba9c89874ede,87820,cidade gaucha,PR
3fb14779b189f5fde47f8918e88dcc36,62b690c75a3008d4712aa691ac30b7ba,04607,sao paulo,SP
3fb83e207757e8f15ff70d937c86929b,334deb4a736eacb94c6305e4e8278d54,38735,cruzeiro da fortaleza,MG
3ff64bf4067f2b8c240397252473423b,dca82da75297f7cf5596674a229c89c5,88804,criciuma,SC
407136bd5649e73981dce394b201897d,b4e9fd0c998da3801378993e637076b9,13930,serra negra,SP
40b3dfbf520c45c6107a0d749c13855d,2205452883526d0f4dfe5f23ba2fd6d7,13504,rio claro,SP
40e7a663ffaa7aa2f2ad20d6d40d6b14,c69e5a82eb301db90128811f6ef51125,13360,capivari,SP
40e7f92901dab91f3c1b9acbec7d05bf,7465b59810cbcff4636277053dfd7bbb,13920,pedreira,SP
4161d3785c2c4c6517a57143ecb0c466,71683fbf22478b08ea6f36050eb0994d,64006,teresina,PI
416b717e3c11cf6c596c624c76630afa,122abbabd602cf9a5af359b07a3c0a38,13566,sao carlos,SP
41ee1607f629eea5c7aa658053748326,53ab246426bad17ebfa16c1a84e67294,61663,caucaia,CE
41fdaf0dcabfb53a5556c46cd8cc0a32,fc545111108ebc9bf49eb27c828d25fd,80420,curitiba,PR
42048dec015103c5b5715657565ec274,9baf1392eba0e3765864edc27c11a9a4,85568,saudade do iguacu,PR
42528556eaad6bbc96bb8eff982ae387,bf56e7a0d1d125f0ebf7218b759752ac,68780,vigia,PA
428ed8065f1b2eb32338b0ff5f30c8d1,2d9355ab664231a2eecd5dd9890934ec,12935,vargem,SP
42bc73dba3fba40b50d647a428d1089f,02251550f4d16aca44ce66e4263c0522,05501,sao paulo,SP
42d1b4eb863054dcb04a019944ecd2d8,fc00da40808e113053d8a26c3e854ccf,22723,rio de janeiro,RJ
42d857e22f61f10476f0cda1aacc018a,728e4a7d0db4845270091ded0923c71f,80540,curitiba,PR
432c8b4df960ec2d281a90a77bd51ce5,523730e4b2ef7654c243699b81763112,98550,redentora,RS
43986b46f9e4f256ce314abde818220a,bc56d92fe90f91143046c14582bdb974,02403,sao paulo,SP
439f42a3cd2931ef5f1bb20e54f2357d,ee3f102da1f94d5782046090f5c6c67c,35700,sete lagoas,MG
43d9a8df81f815755d9a258f2ee3135f,2b18ce67b0eecc6b8f099bfdaabf545b,55150,belo jardim,PE
442d66f0d96f656096dd70f1b0391e40,45d9410bc1f3c6e36dea41d8f823ada6,20511,rio de janeiro,RJ
44b521ae63ec470874a89c37fcea4c6a,a327e19095ffb086d25f7ee477c9d3c6,26276,nova iguacu,RJ
45442979a333bc62efccd8a2481481fe,78712b57b1b1c000eec8434d73a7e37e,51030,recife,PE
45b5b5e9424ca746ad6a3161de453e00,4543480cbf99692641f5b35eeae7947f,13487,limeira,SP
45cb0fe36535222805dbee60662f9dee,72190b69b96d51e002b07103b1e0c809,45606,itabuna,BA
45cdfac600e3e044e7d986b3639ac8f3,4a1827d2f38e2c00736326bfb9f68ee8,13563,sao carlos,SP
45f5c9d984dbfa2105e3544cc85133bf,86a2b7754f964102510d42ab30898f63,13056,campinas,SP
45fd70ff9e07d189b82f07ee776b64d5,0383aca4e461346b22c75ea54eb548f2,15061,sao jose do rio preto,SP
46fc16f07712c5cdcdd55911a3297e16,3b6d8779a13d0e022d93c46e814de0fa,68638,rondon do para,PA
47443a10c52e727aeab6b6cae75dbdb6,7f2a5d876d919c76959e14657acdf942,35290,mantena,MG
4773a6473ca23c156f7a69ec38d0eb86,16c362fd9bd8fd63d3e70f7f94b640a1,04015,sao paulo,SP
47fd93db3f6e715f6d06f90ba501b94d,da5bbfd583efb762f6fda762f1aaf4a9,87020,maringa,PR
480aee92a572792a7a5043f486656da8,8b55f7f0b79b0885eaea2966bb6c7155,93265,esteio,RS
483da61b9de320d057934319d30504b5,a45afad7fcd7b8fa4fae020780a05b55,08529,ferraz de vasconcelos,SP
48e5d2b2d852ddbca633fe87804939cb,c29fa3544a4e3c96964055e4c1a45138,91570,porto alegre,RS
48f239e15744ed5e7ffbafc6bb6e882b,169381f51e4c3e926ef199364aeced22,41830,salvador,BA
48fe0a56997c0eaac6fa6f50fc9d8020,64fbafb2935c7a2588d6a26a9d750487,03063,sao paulo,SP
494622d8ca78370960fce737e9ad15c9,f3c581f21aff6af44eae11dc363a6562,85710,santo antonio do sudoeste,PR
495b67cd5a866ee9a61ea6e8b4cadb51,2e43e031f10de28e557c35ef668f9396,92410,canoas,RS
497444aa14246e71ed88c2c37540ddfb,d748ffd406ceef24252c8879c1b27f96,49945,sao francisco,SE
4a06381959b6670756de02e07b83815f,b92a2e5e8a6eabcc80882c7d68b2c70b,06730,vargem grande paulista,SP
4a3ceccbd2b8304e6aa7c986c1a4f755,746db413bf377af701e6dabdfb3509f5,05409,sao paulo,SP
4a5dc0dfa0d6bb6fee6eac33a4b39d7b,b9ac5718b8f3ff34b2929ac08661f82a,02521,sao paulo,SP
4a929b369cfa8293f0a22f9a65ad4b1d,d93129fd763bf7f5541e5e69dcc2830e,24855,itaborai,RJ
4aa40fd3991ea64e9dead06fe15f021c,cb923e4fcdbc3c7a091a33f5603fa9d3,88395,sao joao do itaperiu,SC
4aa9a7eb520f8efdf80da20ba889f190,a36dfd7f887f03e4818a77b11784236e,18079,sorocaba,SP
4ab07666a1b8ff428bda51600a94f753,d8cef4d551f57b2f2657619815495c56,05709,sao paulo,SP
4ae48f8e3942147402a1286118601c83,dce5a2ec04713ca71d7fd432f45b70cc,28640,carmo,RJ
4b60b3ade055c6ad88a00758c8e8a162,b88b78a413e70182e18b032361b24f91,44900,irece,BA
4b671f05b6eb9dc1d2c1bae9c8c78536,0ecf7f65b5ff3b9e61b637e59f495e0a,30411,belo horizonte,MG
4bb880cac21c7a9e1371ab1ebd601706,3f4f614c632af7fc7508462a7cb55ac2,05007,sao paulo,SP
4bfe7cd506a992a41031d3fe407e2b2b,8dca1e6a2d880073f8104b4b0064c105,77305,conceicao do tocantins,TO
4c2352fefc6c76c844fb918aa3a1478f,120abf6e9c05f5ba0d69603dc05a98cd,38600,paracatu,MG
4c27e133e1de3148cb84c92249d51316,576d7fc1b6143c56e16f9190a52957d4,26279,nova iguacu,RJ
4cd81e890532dc8cf4ee9c2667629e43,218cfff9dc92d8ada9f47343cb1c82b2,01140,sao paulo,SP
4d145fd1d3245cbb3697dd41b4bcf19b,fa57a93088b5154400f24bee58fdf772,20071,rio de janeiro,RJ
4d27341acd30a36bca39008ee9bb9050,e021e698833bdeb89dfef3acb2e91f37,89254,jaragua do sul,SC
4d44a73097bff381fc95fe6d86a96160,d9ee7056d3b273526910787687c3c218,35901,itabira,MG
4d7f34d701f198e39e1c0cd92c3ee12c,430e6e24b7e95282f6e8fb4299a63082,98335,boa vista das missoes,RS
4da838ac0a5e78523963ae590a05ef43,85f577ceedf143eb1f3248c42e7c52f3,06663,itapevi,SP
4f3e4e67565f7302194622e4a3a21365,1beb7538ce743db62750b0f52a698864,14460,cristais paulista,SP
4f3f778022aefa22b9f9e52d2c47edf3,cd5a5843d35eebdf90368bf24d4a04cf,09390,maua,SP
4f531f24ba13efa329c743d01004891a,6844cfbae485da8c9ac6d7dd38e1d3e3,74633,goiania,GO
4f69c8c7d5ad1cd8337480b4a7e04a31,23d3359084c05fac6141ce51b3376074,85555,palmas,PR
4fc51fa588914fea8f3fa681f148db44,9fd7e4635ba52782e24a3faad8753eef,27143,barra do pirai,RJ
500bbe66867d0f0bdb3531af1e052b4b,f7be9bec658c62ab6240b44cd26c0b84,80030,curitiba,PR
501e5b016fc09bda702e55fec5be78dd,0f69b4a32db912773a707dcf9659450c,09530,sao caetano do sul,SP
503d0a7d55227b38ccce96ec23251f5a,b2639226e3ba85c1e40abf59a40d5b66,29154,cariacica,ES
506a9747164ba320cf874723aad41c23,2557b9d6b7d5ca77ebc116062e558214,16402,lins,SP
5116eacd8d620b734c26a0f04e19b60a,d7046ea561b819649385d6d524166f04,03438,sao paulo,SP
5156283c24fef4abea13a6a6f4469a98,28989ef45087c96e5a4346e88216c2ba,69912,rio branco,AC
519fe7375966b917ba9d1f8b7a8784eb,aaa1c67c77562ad0d99806a54088fc9e,12460,campos do jordao,SP
51cc1e38d0489d588d7a687da73b2458,ff68ad2883e793597f1c343dd6505f5d,14085,ribeirao preto,SP
51d9009f107df3256dcb608b5cb40a7c,0922f37485310929b1b94e8f0c984ca5,86037,londrina,PR
5263febf1413e9a60ceb7b842008b7ef,6f90ec5150be36c4475835b5941ab56f,82980,curitiba,PR
532719903d588d324f360c02d3b1706f,f20b97897894d369d80ea3a23263bad8,74823,goiania,GO
53a400fdb22676639e4cbf33197e2a6e,37751f6b47c9a1dc55fffde08f0183fc,08051,sao paulo,SP
53cc5d344077104b59d4f6836a90eb0b,2ad10f49ef1f061d5f6739c89d3ade68,39402,montes claros,MG
54078a8661b0336a50e00afab86da419,59299ea0e75eec7b97507e1dc6ac13d1,91010,porto alegre,RS
5458c93e0db88f9b885bc7dbc3bfa2a3,81e5fcd4b5436bb7e3eefd166f7bc489,78015,cuiaba,MT
548d14db00395dec9825ea9673c7e672,bb78901615bf2df3f75b52cd41813869,03134,sao paulo,SP
54cca8020b69fbb204ac117154b079b7,6b5c621e7785587af556b3750d9e075f,03572,sao paulo,SP
5511dd149c4585a6552aa75a1dd6ac8c,acf91aaa6f337456d3c506a5a494552c,36420,ouro branco,MG
553ee9fd74f79d17eb36a817a4873ca5,48a5985f8d97849159f7675e5f05ed75,81925,curitiba,PR
556960436775082c323282512ab48129,a427a6c44aec3df75fbbf7da7ce3b178,39801,teofilo otoni,MG
5589151bd114970188a1141fbd5c8d25,9783afad41afa667522bf03656c516f3,22713,rio de janeiro,RJ
55c9044401ffab0c717f24405e2e042f,d291f3a15290c4c1edb70dc04fa8f35c,22725,rio de janeiro,RJ
56d6226f23b849ac14f6386041dc492e,a327e19095ffb086d25f7ee477c9d3c6,26276,nova iguacu,RJ
57108de6e1cf238dfd0ed00e3d878096,5da3ad487547da6f4f3011269b38f324,38550,coromandel,MG
5720a15d022c09d2634c71c80c8d4102,9f302d00dd3e18ed3745778184b4f0fe,67013,ananindeua,PA
572178b4530a9a986a59205bedea0712,1fd8862a2eff56f95aaf5ebbb5619971,12922,braganca paulista,SP
575a192461d4a325e5f9667e6ce5c2df,e3ea295349259fa59779c6a8e18e5bba,08140,sao paulo,SP
57de18af3ee9319c436bc09bfb515b5d,6879d467c6969cf149a17b5813535837,05018,sao paulo,SP
57f964df70a28c4770200f68dfd54532,0fe412c57843f290998cdb0547b5b233,11440,guaruja,SP
5844a62772b729f3f92ba756dc9411e5,a4618346ed2c851bde1ab02759ea2e76,07041,guarulhos,SP
584a48000c599c79acafff0af5cd4cf1,bf4023e50a4a19e09b7200e861af76c6,02452,sao paulo,SP
58550909176303c05f37a9f3a3e913cd,ad79377cfe4283dfba93ba8c545437af,94085,gravatai,RS
587c6261599b61d8089fab854cb753cd,7f75d82fb48730a02d3c678dd2242e44,63360,aurora,CE
588047d7101d88c333691e47659d7099,12f5d6e1cbf93dafd9dcc19095df0b3d,82200,curitiba,PR
58a549319c3ffcfc868efa613016466a,b4be434bcbf5fac41b8be0e055135c9a,03402,sao paulo,SP
58d1b021c741cc8728280bbe6d0b3da8,35cd47c762d9677a58dbe27d5e6c5630,92420,canoas,RS
58fd1de47b74bd72637ccb4179c475bc,173cc731309ecc2b6c8a3ea70a715508,35900,itabira,MG
594ceaa56731ed8539ea1b5437d9e311,040e4df45a02c9d398c233227f207f67,71503,brasilia,DF
596201f6091e62ac70da64aad9d0ba58,f801278dc42ce9d4773cb91ad0e21ab8,76200,ipora,GO
5967895f1299e02b1b0cb7a8ef4a437b,2f8b722d3e62bb8a9860c7a29ad2b60f,13174,sumare,SP
59b219b2e1d1b20580c3551e07db6648,27ede105a6042b71a261bf57f75fdcf8,21331,rio de janeiro,RJ
59d0d218d4427b9960ee18cc5556770d,e8b6125bf3d0401db0c1d2cb7ce00c21,78050,cuiaba,MT
59e4d7310198da197337571749b47ff2,753edf44d14afd72110c66fb22b69c91,21820,rio de janeiro,RJ
5a46fcfb9cb1aa7feef0014acace422c,502c07b7330ba7d5edd4fffe8c5ae0c3,18425,taquarivai,SP
5b477d525dd0c1eb93148e22ce5d3ba6,3855608848a57e1e3c776ac5c336b813,28623,nova friburgo,RJ
5b7b7de303afbe0e48035449a3e86a5e,80f272114de4e7dfa88629b9f3bf0095,80730,curitiba,PR
5b894cf9a0b95ce53a6ce010fe000104,d2e96fc998d538905a948410e26fee2c,02346,sao paulo,SP
5be96cc643f055c5ec688661898ff816,c293bfd1d0d3bca4b541fbfeb93d4d96,11471,guaruja,SP
5bef68c4d2d04c09aee2195ff540f131,d8e40a4b16990a6fd1095feae46aa1af,13562,sao carlos,SP
5c495510e9f861b83aa5fb7c308e8d76,28989ef45087c96e5a4346e88216c2ba,69912,rio branco,AC
5c58d1ea5a893380ecdd96dd6dfd5ec5,2ad9e4ed11e15401527b7e30080ce45f,12243,sao jose dos campos,SP
5c5932c767b1eea17f6374dab31c76ec,35d5991f246b8b9c4e1b4b1a927b1465,12031,taubate,SP
5cdec0bb8cbdf53ffc8fdc212cd247c6,2f96790fba243100730c8d1185dd2f25,05846,sao paulo,SP
5ced20bad39ba7915376770d8d933233,29cde91fa14abca6b723ec94c18c2a59,35053,governador valadares,MG
5d38c66c874ea566658a9ef3f31812e3,46ff58bc972f26ff6132f8e3c2b0215c,95043,caxias do sul,RS
5da810af4515e4470379a90fcf246a15,83e7958a94bd7f74a9414d8782f87628,80030,curitiba,PR
5dd777a48c8124ad7284bf0ae14057e9,d58063e0329c70d19363e6225ca43128,36660,alem paraiba,MG
5e2eb678bf7712ade6ed644acfd44f5e,2f0a45d60154020f24cd2d0758e71028,04552,sao paulo,SP
5e6c17c1aac5a1acf6e38746eeebc11d,2fb4183605995aad1ff94ef572b91a21,13067,campinas,SP
5e81e1b0b6164c14269bb934e9c43c3d,008f3d5f45a11059239a5c452cd00006,65920,sao pedro da agua branca,MA
5f52377aba982636a0de8c3c12128b70,706d8bed4a8fad874e8090a15b498212,26535,nilopolis,RJ
5f6478ee9ad1339b32bfa4f5fe674ea8,39e4c9fa276aaa9b6af1fcd80901351c,30775,belo horizonte,MG
5f767a0a4e820c2361c11dab364d3f98,7a176e5d88c7acb6000a055e008c055d,03147,sao paulo,SP
5f78e0062e08a91ecc6a7cd787bd29ba,85e2be50c49cbf58fcc2b12cfbaded03,68560,santana do araguaia,PA
5f825bf617f8288a4cb4f50c3c179794,4bd7f188edf5bda0c155c8460457d76b,33913,ribeirao das neves,MG
5fecda646005785f0338ead4ed426198,9ad1506972e27cf782ac75246c5ee76e,24140,niteroi,RJ
603dd05a409bcfe63ca922996c72bdfb,a6f05f77ad475fa43a454923be0c97e8,12320,jacarei,SP
60582a6628af83a283474d8c94e3ff7a,e106b0bf1efc2352bda60eaeced76675,33600,pedro leopoldo,MG
606eff563eff430f88394911d8f868d3,f46db3d98ff04f63ba4b26edba489dad,07193,guarulhos,SP
6088f7a0127c12595d6335b10bb37a2d,1c259d4575f154dccfefa0576b0ca987,80610,curitiba,PR
60a63d5cfff369d6ca0d86ab8073c8d5,325e19085f3017b73be3d9fd98a93301,32400,ibirite,MG
61293d3c42c2bfad777bcedcab7c3bd5,40f4b191d404a10a6039af0b26dd62c7,65393,buriticupu,MA
6152d0774bbbf74f7140541c0569dafa,12f5d6e1cbf93dafd9dcc19095df0b3d,82200,curitiba,PR
616fa20bdc978ccaf552b46fbc0567a5,7ffbd36383421f26e00e047afb3bdb21,89540,santa cecilia,SC
617e79a8f584d33d7cd446ac3d1519a2,581718884f188057afa54a3da0349dd6,18160,salto de pirapora,SP
61aecad4ecccb2ef8e88726a68d832d5,c8bc38379b2217871ffd56f27cebda40,81450,curitiba,PR
620732fed5579e0bdfdddee02aad4c54,0ecf7f65b5ff3b9e61b637e59f495e0a,30411,belo horizonte,MG
622e13439d6b5a0b486c435618b2679e,009b0127b727ab0ba422f6d9604487c7,12244,sao jose dos campos,SP
62d7df8850fd19bf7a67afca5b7e65bb,a280408a71fb62ddc8ba902d4f86d681,09015,santo andre,SP
63433f6eb6f0a79cbb24e940d0ab17ad,6222ef69df52b4ed71be551725551cc0,82600,curitiba,PR
637add33cc02415a6567d6b134828754,8331d73eb4989100a9a2dfa095dceaa7,48790,tucano,BA
63b1c99583effeec017dd7546c6a97ae,b3724b93edd00e472e1db7017236f60a,22740,rio de janeiro,RJ
640e434ec3d0792f339955ac55798c63,ab3ae2b67d11f63dfd9ee1899afda3e4,13240,jarinu,SP
644182a0f196539f214b3f8877fb19bd,969df6f6e673e73cac594a693bcf7524,44002,feira de santana,BA
6443519fe0538b895632d5d7817aaff3,d78014098f313770fc276a44a9e84a87,93540,novo hamburgo,RS
64b56cb1662271f54a81d96a28741487,da9c90677b1963eca1cf8a14c338cf6e,80220,curitiba,PR
64c17343b6c53ee761fd232e84384848,522e714643e682c9eff7415cffae54fb,13871,sao joao da boa vista,SP
64e2e80c6c053f95af9f072968fc8196,609846ecfa57e90e8ce0fe6c0e06b0ad,01532,sao paulo,SP
65b8331f36ef1247c8b665fdb5b2308a,d2e20ff389a9279d9dd515f5cf857e76,12604,lorena,SP
65b9f936439ccafa20f0d6888a5875d3,04e6136a14d4d23d0b5d79443b94225b,08773,mogi das cruzes,SP
65d08e2bfce2c91a832885c4995025de,644f6a10e96a8d7888d94d2062d485b5,95630,parobe,RS
65e1faa1535d1b4ca089fd7b9e84b5b3,958df1746c3131f9c7359ae5fb848497,49680,nossa senhora da gloria,SE
6630c34d7fef13e0ec591d96f6c24362,35e146c985a9cf989c91edb4c0c156fa,21371,rio de janeiro,RJ
663c23427108785957931a3ac88f6085,2e15add79c76241beffe812a24ad3a31,22745,rio de janeiro,RJ
6676a459c2b773481c9dacde3c44c680,4766fb51c287a3a3a67eae04ed0e75a4,81150,curitiba,PR
668bca75c9fde63d376e1042ff8e2fe8,652452e3f6467b9df7e3b65399262956,35570,formiga,MG
66ab9fd5f2a463fcfa0995c05f46680c,1ab766d3d553649d7d8c7e2bb60f5c9d,04760,sao paulo,SP
66f6f1200cf04a1950b327fecf045fa5,2e8561bf8b43a8b182c53dfb53fc9a7f,12214,sao jose dos campos,SP
67588b81dcadc1a20b20aac2ca3ed209,aa6a5249d19627faaad6d0291a966104,66040,belem,PA
679b47a0e9e57e5f32b43a333b746f55,fd25374ab64dff3da1f5bf91fccd7450,81870,curitiba,PR
67c0b78998f16fcd722c1fcd70f51bd0,ca40481c9c607bad6c15ed1ddf354012,35338,ubaporanga,MG
680043a09260a212d1dec021dd1efadc,f2fa99f89acf8b2c2f63775d218def26,68193,novo progresso,PA
683c54fc24d40ee9f8a6fc179fd9856c,4854e9b3feff728c13ee5fc7d1547e92,99025,passo fundo,RS
684cb238dc5b5d6366244e0e0776b450,6ff8b0d7b35d5c945633b8d60165691b,11030,santos,SP
68b3d6ac0b851622aa7e60f808a8c38f,cf535b89614daf41d4d6ec7d3226c5d7,29102,vila velha,ES
68c74d748a55f9d29e6698f4b01a0df7,cb1bc069e25d9c59773c85a2e2a46713,08683,suzano,SP
68f4ad79cc0c2ad06e19088f5c00e9fa,00f0b70fdcb8a6e1671b52a2472bd41f,05362,sao paulo,SP
68fcf3339b654cd981786ff00d15bbfe,8b1371e4a43d8e62075c06d7256373f8,13736,mococa,SP
691d28310063e5b36b732b117f2bcfc0,15896826233a6eda72c64e1b99a0856a,22793,rio de janeiro,RJ
698a74f33469466fa4172e829505d1c6,c6f624cf0e9908fe310d59a80350bea0,36240,santos dumont,MG
69ed85715d3bff3b648ef923daed0056,29f7c5991de58cbc11aaf2f023cf28c6,81130,curitiba,PR
6a58b195be76f8ad6544e032b6c7316b,f7ace36f8a10c4b2ede9ea7708e01454,80820,curitiba,PR
6a6c433159ff775ba7f5ff8ec38b5b6f,b0bc6de4a99007470bbdbbf5cc502ea9,03910,sao paulo,SP
6a9cb951f5f44cb1c5f3f2a34dfe16e8,860052aea27ab400cbe474e6956013fc,78050,cuiaba,MT
6ad1ab20e1583a1e1d20961b363df092,3f81a7afc0532976d0e0f41b20adf2b0,15054,sao jose do rio preto,SP
6b3ed42b480bc5831a094f35dc11b668,9342b18c97a2bbf3fa9d97aceb0b6dd4,59054,natal,RN
6b3efc29f67766dd725bb29e857614f2,c9517b423493063fa4e805acf2cc4564,33400,lagoa santa,MG
6b4acd0818e5852c5271cb061ccbb493,28706b8dc0fe2a95fbcec1e53253d8e4,60175,fortaleza,CE
6b79d5d9914b88e0e05a19e76dfe926b,880e01d45fe9fdf7f417f37e55e7730f,89820,xanxere,SC
6b7e649105e4c5388bd8c3c4e9efcff3,3575846eb504cb74d447525fdc21bf0c,24220,niteroi,RJ
6b93377502d7cd14b2a3864fc7d635a8,ba1fbfc4658a50a4f0f9971a1e3e08f6,14750,pitangueiras,SP
6c57e6119369185e575b36712766b0ef,59a7bb642795ddc85534fbd5f7360334,20091,rio de janeiro,RJ
6c65055adfbc0007dbb4c5a22ea5ba8c,c31f4549e788bd1e0afbd0cc8d64c671,97502,uruguaiana,RS
6cc7634e5230927a764a9047700c9bba,648f4c0ea8f7710f2b99375dcb1707ca,39715,virgolandia,MG
6cd7106899e59a1fbd0622d5f1efedf4,6360ff9a3d58800ba0b03b1c6c290d92,11730,mongagua,SP
6cdb70bd1221c6913ebb68b580713161,2734edbaf3ea5d3c5383fc431d10ca29,13417,piracicaba,SP
6cfc3156dfe1802dfe72368fa29c63ca,9fd8877693ff130016da781131003785,13214,jundiai,SP
6d3e9ccd146cea260421e9a7bae2e63a,33faaac58c27088e3a8a8afd6058a6de,09895,sao bernardo do campo,SP
6dd39ae1549359ab24a5110b54452360,c237c66fa20c6bb05c90ac56fdd95173,20271,rio de janeiro,RJ
6deeb4ffef6cf320ef5a642302f04104,5f61b10d70849d46be5643b7453e1708,65065,sao luis,MA
6df048a54bfef499d9e6dd224351e90c,6709a7ea04a5251937e8def213bd93e8,60833,fortaleza,CE
6e7b0f93dfebf606621b18ba1bbca33c,b4a5f3d0becb4574e563e90cc42024ec,14055,ribeirao preto,SP
6f065c44abf2024a4cb9ee299921ed6a,2d7a88002fb4c6073fbef4f59707a0e0,13504,rio claro,SP
6f989332712d3222b6571b1cf5b835ce,61db744d2f835035a5625b59350c6b63,90040,porto alegre,RS
6fa16a8d44a2d9a89710e9758688c7f2,840048bff3cbd6d92d97a3816521222e,04841,sao paulo,SP
70210c917bc804a1269942a71308a4f7,6d9e2c0d8e12764c96436cdd2cd11655,13330,indaiatuba,SP
705ea3eb85deaed8f68356890e5e3c7d,b997e25246ed06045ed885ca74385b4d,74845,goiania,GO
707fac20a2b45cac1486d1ba891b629c,4940b91a3fa4f12b278323515e9eac62,05451,sao paulo,SP
7096909336d32cce878923632d3d4208,88d5a81aa8baf9e0ff6c8d888aa97a11,04335,sao paulo,SP
70da82df80a3f1ca6fb62b41b08c7c53,568877b6b81f66898aaeff1e2d66ba5a,85870,foz do iguacu,PR
70fc57eeae292675927697fe03ad3ff5,b8b8726af116a5cfb35b0315ecef9172,22770,rio de janeiro,RJ
71058039e9883484d1264522cbc9c2f1,d8f3c4f441a9b59a29f977df16724f38,09720,sao bernardo do campo,SP
7155051815aa96d970a1a40583f95e8b,95e70fa5b9014a6a718b63350260356c,22440,rio de janeiro,RJ
7235fa173d845addc1fab54a111725f4,1151be76113653dc4ed5d7e7fd17763a,12071,taubate,SP
725053273ea08ee2997d63e7a36b984c,4e98cae79b0b943a40111a0c2b0a9e07,60426,fortaleza,CE
72cb2f7e00c6b47c25afdd7ea20ea3f2,cb4241101b3bfb3ecee4b2810bf9a4c2,01418,sao paulo,SP
7322e04a8cee7f728d698f4666645567,09a3196b73375086b541e01cc3269738,13360,capivari,SP
7345796de7fb5b3566b3564b2b10f9d9,1c4b42ca9386909cddeb8ae649be0f9e,40296,salvador,BA
739615c495132b26d5897b7f91e8c19f,bce81bd5656dc95b94c97f0a05db1250,20720,rio de janeiro,RJ
73c69c8a9d541d145648ae9cffc3aa2e,e7fde3366ddfd6dd15e59e5676f33100,97700,santiago,RS
73cb441c896a460a30affe43bff3df82,d355afc67927984cd3dc896414197c47,13274,valinhos,SP
73f958ad1ba68bf3c7f01cae085ed153,3ed5e288eb859999092ba5da0c1b3128,01457,sao paulo,SP
742cedd54dad5e81da2cdaf719678e3d,ddbead72efcebad74eb7e952b034e995,08717,mogi das cruzes,SP
743eb1a642f457af79087cfaa894a63b,c8286434bb87dd80be297fc3e6bdc49b,59056,natal,RN
746c850fc3309628645b7b22b4603e55,81c553db2d819c53f841bd93b680f35a,02469,sao paulo,SP
7470a1ddb5f78a811fbef15b2556781b,5d2db05a565eda438cf5069b7be6b1bb,35400,ouro preto,MG
75435919ec1c2171f20033e15cbaf004,80b62bae3408ac888ded81a3ee24dabb,30668,belo horizonte,MG
7543dc2c9f203502439305c8b2ea63bc,15033c3f1dddf5d996ffb71e2f31835b,12239,sao jose dos campos,SP
758b633d88b82063db189810084f4ea9,4b3207464f5f7a48a7f63fa0b1251d86,14025,ribeirao preto,SP
7591ab894fb4a47debe5beef968b6804,e8d4692a6aec2ab156ad409cd1a72bb7,08431,sao paulo,SP
75e8f990b9e289013b1d092614b52487,2bf93b9956e26356b52f5d426c7801de,03275,sao paulo,SP
75ed40e82dfc05de3c82d79a73f4b48e,9eb6958dbab7b4136d22e411cfa8ff03,35160,ipatinga,MG
7615536f9443d90e9971a9002fd9abf5,4642cd486e01df18aa3d8468d43b2d9b,20231,rio de janeiro,RJ
76329463ae17ce6629dd04e014aa72e4,b1a17b1877beaabde6421f631c95a734,81030,curitiba,PR
766d9773a9cfa50e19a5c27a88d1b911,960c60e7ac1870b12902f5685d7cce08,30315,belo horizonte,MG
76a5a351fffbceba0b0767a5bba5cc6d,f74f1d6a350eee4e9dc08bfcfc7fe590,35557,carmo do cajuru,MG
76c0c1cbc865dd70e1225ca35bd5f305,dcb9ccbeba1a08fd27d8f50618ffbb2a,35606,martinho campos,MG
76c74aaff2f3f7355f46d9818ad092b8,f08dd31e4b7d59c4a80c1eba48355547,20765,rio de janeiro,RJ
76fee7c59d7317435aef4230a46b23bd,a8e4a8d784c5a994b94dd2f368de5cf2,35300,caratinga,MG
77069f163bef4933c6efeea244b3f606,99e41e69b60bd63edd83935499523063,21616,rio de janeiro,RJ
7784b523efa600a47de73bd1e9f7f022,6ec09595e0817c04ed4844f143251a69,25035,duque de caxias,RJ
7812fcebfc5e8065d31e1bb5f0017dae,87776adb449c551e74c13fc34f036105,12030,taubate,SP
7820fb76c321c0ad6ffe4eb9fc1e5af6,62e69a7b8e3d109af287f367e3b0f143,37701,pocos de caldas,MG
784210ee365c635556aeb69e14e072fc,8fedeab003cb5fbd2bb599ccb940c49d,69309,boa vista,RR
78d97021c6f17f11e1c84245d5def5ec,fdc4ce0f1854f89a62dc83a38c6a08db,78700,rondonopolis,MT
7a3638e2731f92703d9cfc5ef2c220d5,14b24293371e96bdb40f996ad4067cce,03179,sao paulo,SP
7a692b1ff18c8c21156b886e02e80040,c8befcc96d8aeb7181c618aa56d9d624,07500,santa isabel,SP
7aae6b74d7e0a2a11051bf8a16e16021,ff39ae410be7f9b3a2457c546c6f67de,74845,goiania,GO
7ab83c4dcbf17bff5832baf041f71fab,69aab61687fa416ef601af332bd0ff0d,12230,sao jose dos campos,SP
7b1536d40b410674d6580bf1a6883985,6bf33cbc32d6feef3072bf6a6ff13769,87045,maringa,PR
7b7ba461fc53c28a671aef86b651235d,64386d23b350d16648e3e0dc7cc7d60d,98400,frederico westphalen,RS
7b8ca289129bab18d8b098ca02bbc4bc,688711ace86b45baab9186b99028062b,04362,sao paulo,SP
7bea2f07ef082a136c0fd7d455c8e142,cb77bc826e0061d5f6e1702be7b87370,37478,soledade de minas,MG
7bebaaaa1a33db48ca58e50d6af76be1,c179057f564af5f24ea3d13b24616f19,11444,guaruja,SP
7c29c309c685f2f7388ad10624008acd,63299f459ddbe79050c7094da3f69b8f,17380,brotas,SP
7c495c9a1dbeeb7167642f15ae11bab8,967ee07cb69460a7e1d42c7747142572,78600,barra do garcas,MT
7c72a0cfc64d38509b262a4e85c84d9a,b10f780a5e22a8c7fbce07bb3da6eeff,18279,tatui,SP
7c852d7bbf1b4c00b69926f3b380e288,65ab3020e6a929e4e9a4b61e643da832,98175,jari,RS
7c912bf7e7b05be2cc0a11c603a6332d,0d8813732f25d4185df8c792dafe28c8,09405,ribeirao pires,SP
7c94da97db6fe83e123f80baab533a97,aa811dd4c5b1ca28de6db905ec51ad5e,82030,curitiba,PR
7cc773cce3ceea8640c54a88b0f007a9,0aca54eb7e0e261cb6d9781fecaf6e9a,83701,araucaria,PR
7cde25498a31a63d00e82b29b929cc49,a5cd1e6a1af12f7edfba75c57fbff47f,15570,cardoso,SP
7d2c43741147f86f3242da5baacf1da7,d60a512747263c5307fef65a58ff7532,62050,sobral,CE
7d9631fe32b276d4c6aa04ba141a03e8,6b681e2738264eb39f1da19f82919630,98803,santo angelo,RS
7dac3d4de500983168e1b1bca53be307,351a33d3fc09554e07f3384309e31bd1,35190,iapu,MG
7dbc842dc7479f9708f950fb68fa7f29,5e8fcce8e57e95ac2100751527c9a485,71927,brasilia,DF
7dec82bd3f93ed6107cb7bc7e2242618,e30b83af13d6ff0b0f427b2a67c43b39,37704,pocos de caldas,MG
7df0a02f3a48198615dec3720500fe42,5a1ca59d931014c3141a150d51a00994,93800,sapiranga,RS
7df232c2148f611e1be8e3fd383599e0,3d92572ad56193b186bf331850e189f5,64056,teresina,PI
7dfd10dcc726950fc6171cea83872351,48368b31672665cca1b8a03047a1702a,33115,santa luzia,MG
7dfd921b8d5eeee59b1b012e6696a99f,c45bca52946a193b21364ad877e60342,29304,cachoeiro de itapemirim,ES
7e0ccb80f03547847437a81f88b7e7ad,1c27234fb5b518b965a03cad960bde1f,18240,angatuba,SP
7ebbd71d486f47070362e2e9be10898b,16a860be408af5ee2e9f8a8dad56ef17,70800,brasilia,DF
7ec40b22510fdbea1b08921dd39e63d8,2f64e403852e6893ae37485d5fcacdaf,98280,panambi,RS
7ec44117b7760d297447f1cff2a10967,b0cfaead61116dafe5fc20f4c9a91754,22250,rio de janeiro,RJ
7f0ca17bb33b230b47459437cf0682c7,1dc848c11c2985635c268ff3dea707eb,21853,rio de janeiro,RJ
7f10859af8483458fbe59d40da3d04f5,08114c58968d782002f7cbb2d4cdf823,13825,holambra,SP
7f18a55ab36bb9522b71a169132b049a,c4a6d90ff659b1fc7a16bb0681f2afa7,17520,marilia,SP
7f51c513004ef3f35e834c142f286778,30fceee7cb0dbe6926f2b1128f2b3648,31910,belo horizonte,MG
7f5f6d402a23a76d2efc737bbd3d7d1e,01838e7d69d87bd8ff2b6ff06789adfb,66620,belem,PA
7f6a345ff92095fba2660f11ec6574e4,fdb86bf15a984dc8b14912e4ddc78f79,87200,cianorte,PR
7fd973e7865ee210512c6222d387e7aa,3b32327f677fba6212c2e8e13792da74,13575,sao carlos,SP
7fdeb74955a334e7a83f3bb365c07727,80846d571262926feb13147a5965a9ba,29031,vitoria,ES
80446c9ca01b14a65601abf14d15bf61,ac9356cb7ca89ff80b1262257580468e,21031,rio de janeiro,RJ
80463b3160eb97d89c576a54700a0e91,df6454025c6b8513d78d144824b68d94,48903,juazeiro,BA
80600605c908c076d9e4073f2cb9430a,0a2acc24796a8a33d615a44dcd2a5fdb,96610,encruzilhada do sul,RS
806e9984a49a008bbb424f31641d62db,cd363e5f88337f6d8b9b7a8510dc1752,06775,taboao da serra,SP
80a46d4f35bf6a44fb4194ff13d945c9,45f8e065815894a5aab5e89b61dd7b52,57570,cacimbinhas,AL
80a9f7586c30dab1b6cf315b01f20174,7fab7e8b8aa68f7a538ca818b7b57322,86020,londrina,PR
814d58f5b1b9829ab9a1d690b13dba62,4dab471599dbcca61ac7f57baf6537c5,06170,osasco,SP
816346b2de82fd39be31ae7f42fef07f,e1b59a2032b34097d0c1c8d320f40832,30150,belo horizonte,MG
81e4aed5ab4253757305267b80712689,d7afcd4b6f0d645a8efa24bef0b66ca0,13820,jaguariuna,SP
8283002ac9ca2ece392746190b152185,45db875949ee3ef18fafdf817076165f,95052,caxias do sul,RS
83913bf92fd18aeb5d5763e3bc298d26,04f6eb99852a2a911082d4e8f3a882f6,65058,sao luis,MA
83b52613d1bcd8c6a66b41526405bad6,2e43e031f10de28e557c35ef668f9396,92410,canoas,RS
83b54583d45924de2866eff235f84a2f,b48d4174294cc546a7745ef40258de49,23020,rio de janeiro,RJ
84670f973f394ff5609861af7d0157ae,c133266c3fa2b7e61977e256dec074a0,82120,curitiba,PR
85163f5cd854d552b1627f12e52721fc,c84bec9314ced846300a26484ef9a52b,35970,barao de cocais,MG
85a0cc8a137bc4c700f160c817467671,1d4e969b43ef0e67167ec4d418830125,25946,guapimirim,RJ
85c01e2393b32c57d22f4db20020da31,ce88d6a35796ddae6e12cc1206efcb38,76824,porto velho,RO
85ed641fe825f188f1a67b317b5f540c,318b69202a96429368680f215843340d,59129,natal,RN
85f03d59e05ad20dc077b89342b9f710,a34dc635486de07782636bdef2afd77a,03630,sao paulo,SP
85f0e92957e9fb9c5f72ba5378f492a0,cfbb7c1c3d613d974eef515b180e2c9b,23060,rio de janeiro,RJ
863b6381550660b774a6f43d857d2b0f,c4601f3d0e8da101aeba12d2ed530285,12270,jambeiro,SP
86445cd94757169dd251d4052f7d0544,6b8adddd6900dade3fc39d42df662316,28500,cantagalo,RJ
86555999695e810261dac1dc96ede234,e5d285d676edd47600c0df873fb8310a,23028,rio de janeiro,RJ
867ac9a8fc8fc9611ab69114e719457a,5d2c057bbb50353737f8eb80d08e82f2,06653,itapevi,SP
86bbc4a292e9d3f4191ea8a4c82e6c10,e1f24958eab121f153e4f405b6e9c843,97210,formigueiro,RS
86dc2ffce2dfff336de2f386a786e574,830d5b7aaa3b6f1e9ad63703bec97d23,14600,sao joaquim da barra,SP
8721213de91e5eb5867eb97de23ec440,d1085742841cb2fae8916a506086de13,88780,imbituba,SC
87b0f9495e8483a396c8722f9e5dd2ee,5f2d0693b4bacfc00bfe92a15c42b837,64800,floriano,PI
87f135f5f28a7056c1076dd8dd122e5f,539f3b8a4fbc3bc6eb1d3e4c83bf2abc,29185,fundao,ES
8830eaba57f7db8ff493f4e2c3da5df2,a79d550defbe2232aefb4a509c61df55,13455,santa barbara d'oeste,SP
883bce2f3694717d0403432a07768b05,e63589e329d238ea543d5ba8e6d18161,36900,manhuacu,MG
88427d6cb0325a6da3f9a0201a17338c,b6e333234b9abfc51d7e00157d29f8f7,88058,florianopolis,SC
8875aea6f056699f247e669173862026,6e53cd87d8ff264139a1afbd7f235c3b,03928,sao paulo,SP
88927ff4f54b497957d9947e926ec6fe,6320163c8653234370204578f308e39f,14166,sertaozinho,SP
88c36fbd3df96094f90f0315e1d2dd90,e629cd3ff381ad0a234016fa7dd76f46,08610,suzano,SP
88dc22aad9cf20898eb3780977173dc5,ba1a0b654ccab39f3691fbc1b35c2499,45603,itabuna,BA
89517109d03f8c3f1c63b84418e97559,8cb40ef133339b4e57628635a421ec87,88107,sao jose,SC
896ca8dffa927becb8dca9eabff5ff84,18bc87094128bbfe943cf88adcf72059,01238,sao paulo,SP
89c9e4085217b358939bdfb269edc709,36620f9fa97dadf4867e4e15e3488f48,88111,sao jose,SC
8a5881366c8a17270865c025f0636675,de179e054de0c203fe910e0443746173,07850,franco da rocha,SP
8a67f4176555ddc74a6e897968988a74,14b79aa03b656dbd7c3abdbecbcab862,29055,vitoria,ES
8a861c441f42b3297875a0eb3bf98b5f,a68366a33b3fb472b124bba255416bea,96450,dom pedrito,RS
8a863458d761a9b40faba0ea98094eb9,37d1cea760ff9b96298e678a10b02c85,24445,sao goncalo,RJ
8b16b8c513d302bd3d2f218644fed1a0,1e9ebbaa6a3a66ad3f47d4480be0bb95,39120,gouveia,MG
8b822fa56bbe10f4f14af6500eeed98b,247c8264f852b34cd3124aec69332a9e,11704,praia grande,SP
8b8e02be8fef10b7c6e2d210dbcfba7c,ed05a1bbf9f8816af23fcc68084bb87d,06806,embu,SP
8bd4a71f026b8b9c1d1cbd23c9b0827c,cbc4f49aae539ccc7305e0c700a8eda4,03929,sao paulo,SP
8c4bcd3c3737198f62421c18e0348554,45a529e4af8f502a189094332e8ed24e,95330,veranopolis,RS
8caa2b611962f72d9905feffb8501593,7588c20c457369de8caad958afc1cc06,76824,porto velho,RO
8cb4d4ae78fe9aa67a08a4d8c322c201,86d9e56cfb6bb093863537fddea0efb4,78635,agua boa,MT
8d17a0679312b6c68213eb0c197b3c48,d4ec1db68ee6fafe0ce4293bdf2c1b4a,71699,brasilia,DF
8d3b3107ff3d5416c2aaede11192d34b,fb67e36c7821196d862282dc44ead86b,37503,itajuba,MG
8d5db117378b874eb1894bbd190f03f6,e0887426e5f891db9992803bdbc505a1,15900,taquaritinga,SP
8d668ebf82d5e30bfd13822db8b51d59,6390d97ae2f3c536d8a95344fd308a71,12236,sao jose dos campos,SP
8daafb5e7776c08e384b8bdd6b708dfc,8262788edf806677acaffdbb1709ed3f,68792,santa isabel do para,PA
8dcc5cd0569e6c1cfd0444e4a26419d4,c6b482cd350f5dc9a48ec4c1292c72bd,59200,santa cruz,RN
8e320ed64bc2510dbab1b27a8d8dcbbb,5775e893a4aeb1c749e1c5afa731735d,24210,niteroi,RJ
8e43a72ca4287806280d0daea3cc46fa,e2ebf2a8b112fe192cb13433227baf54,04902,sao paulo,SP
8e5fb420cf8c57efbdf1632de43b3f16,e752cbd4b0fd0f52ceec3b4cf56cc34b,48930,curaca,BA
8e941206a8be5ff6eff0de04fa1629e5,22e16e7154401d6eb4f7ba788b3edb7e,60060,fortaleza,CE
8ec1617ce630c731866f5a041b5d408c,74cce650b76111461f996421e71fc23e,16901,andradina,SP
8eff66e5b7c425dfbbe9a2cbf0f3883f,b2272a60af3b7f5afe04c6cbf1dcfb15,24710,sao goncalo,RJ
8f1d0358a348695533891708836a34d7,0b71af0a1a119b2db8a6c0200b552ebf,13460,nova odessa,SP
8f3419df1806ae4718c94209d5fed4ea,3dbb0fae1525f2917412d3a890987f7e,02215,sao paulo,SP
8f99d406f72a8339a5507e598bb187de,3d290fc97428b4be07eb2972455141c6,75806,jatai,GO
8fa33a3159dfc303b8aeccf859b9bee5,d753459418d268407f19b64be28e3c5a,80030,curitiba,PR
8fbab2ff4df1a7cc9531b14a686bb3ce,e3299196e1482e1ae1320fcb594bc23e,09580,sao caetano do sul,SP
9012f48ac2c416c82819101da4e4b75e,89ff26f9d000b4a6d0f6e8c513f1cf08,78556,sinop,MT
9015549e1e0438244f52123c59498fa6,e22c7e55a547f8d9bc30d2957ba1c9c5,45810,porto seguro,BA
9031f9dcde5860b34e6c65ac5c796d30,f99053da7416fd6d626451cd49e44e0f,45820,eunapolis,BA
90e1931af4fb878dbe45c79e6e458015,36f1caf9bdbb0f6201dfdc27a08c6338,13068,campinas,SP
91105b71b2fce387050df6f91fc0fcef,a664475b319be56b8b754e8bdad7615d,78735,rondonopolis,MT
9116afdef84d57d567a2d87cc9dd12bc,70c54f44c2b0fea644d1caae6142ed62,13334,indaiatuba,SP
912f108a7026f25f99240a5c4c60e2c3,cdf2b280dbabe2b047ba03f1886265e6,91250,porto alegre,RS
915b040fe51ec246edf9bd062ee7da8b,a5d3bfee5b23b430b95c4ae295e1028a,13844,mogi-guacu,SP
91a10aff1998894aefda53b691a5d6f6,4a1256ba59833d19d91b2139da81c1b1,88301,itajai,SC
91fd5aa21b364a805141f532a7bfab2d,dcb44a6d9e33bca1bd008f7faaf3cd68,64049,teresina,PI
920262e9d102e1706e797902ac8e9d4b,fec0f9b88ab21b6b9bd1961500e83665,01258,sao paulo,SP
922955184e7e92d55ad006fbe9f14d74,cfdb7df7f1d257ca5779f967d259cec9,44571,santo antonio de jesus,BA
924743e5e7df4683b9f051c4b9961e9e,95c47b016360d9186ca9138abb0e080d,05445,sao paulo,SP
92afe47b8038840f6761684db0da3e40,24072811917876a84c81166f96aed0c1,35360,sao pedro dos ferros,MG
92da31c4d9d81552801e3c1a6194b796,b74deaa44a000da4ce9bf2913cb8e232,58305,bayeux,PB
936142b381374fdae2041552d1743af7,bc2387c48428a2e128eaa3d5b18b3591,25750,petropolis,RJ
93794f99eb7b7e4cb838e17e2032377b,054ffdea48c902c9ec66095e46b74c46,11050,santos,SP
937bb74713a47912471275b234236764,6222ef69df52b4ed71be551725551cc0,82600,curitiba,PR
93b0959b3704e65ceaf6cd4bcdfea834,8de8484141a728d73763be267b73cda2,30441,belo horizonte,MG
93d8e0590f3a63f34c9506149982618b,4b753f7e58c2f8129715691ba3957fda,04679,sao paulo,SP
942be1042b4ac4e4ef3780b25188fe99,4b5f998cce2788f75444c20bd6a3d065,75200,pires do rio,GO
9465670791e0f1a1ba60680fa2677f3b,b8d76f06a0601ac8fe3fa52e6fe8742a,11462,guaruja,SP
9472d282b4d8b3cf62bbc7933b2215ba,820083de6ee79c7fef5528eb251a7c16,74367,goiania,GO
94ae739e955e77518c3ca587d09accf0,0362cd11581b91270ed0b9a1028b34e5,95900,lajeado,RS
94b216231ec09ee34764a8d456126328,1d6bf991d51a595e57cf95d8bc861a15,71699,brasilia,DF
950c3e2b1eab245ac9e26cf96a1c6a23,202fad4a680401564558b2cda0c5a8de,83540,rio branco do sul,PR
95446917717bb58d553d107d0f1668f6,aa6ea6f8307ee33b985192329cd8c79c,60811,fortaleza,CE
957eb9ed2b71b5439f68a865a736de0d,a78e22cba17a2973cf70d283b4119b5a,88904,ararangua,SC
957f8e082185574de25992dc659ebbc0,07d5b1f9bdd053347f0213187b343ac9,03531,sao paulo,SP
95c44daefa7bfb91c6bb0665a0cd22fc,623b94cac35b6629e4a77bd398beca52,20775,rio de janeiro,RJ
95e838701bbc7791a50ccf58140ebada,fe810d4870b11964c5d0ae1817aaa97b,24350,niteroi,RJ
95f592086150f0c95d3082aea047b816,9a7d84a4238838d9573057c632139951,31140,belo horizonte,MG
96054b94409f7712eeffe8edfa6959a6,7122b4f327033b35961170342401066c,13270,valinhos,SP
9605611724e3d18d409d01f49f56ff54,ea7db74b1a04a7a1bbfab5c7d67f3f25,14402,franca,SP
964343a3f8a65e01ffad1b9bfaa7d7e9,d9643e0f17a9f63e44217990f46a96f9,28892,rio das ostras,RJ
964dff9f3a81c5f1815798c10f503aba,98c385e058b15aae533e5e2c6181ca9f,60743,fortaleza,CE
9668e82e922394b6e8ee41f4400580eb,6de829a55f2a1592af7e35782e8cf48c,37200,lavras,MG
96bbcbc8372c86da857d842dfda6bd72,e347a8d0bfec0255258cc913ed28d3a9,28010,campos dos goytacazes,RJ
96c492da7645ca77d09a59b20d415cfe,ccafc1c3f270410521c3c6f3b249870f,74820,goiania,GO
96c6d161a734e063fba237c7d58f75d6,43f7e3bbb6ef01b8524741070eec8701,09133,santo andre,SP
96fc2a988f8ec40a078ab92f1623bdd4,ef3508c4c50a1f7c885ea2ee92218f08,72460,brasilia,DF
97324b134a7e75d33decb2a65d637343,617a7998a5246e035bbf0c6eb97bf436,38015,uberaba,MG
97574aee35383afe8577dacb0e15a551,54ac170f384b3ca08d8ea2aa6389c483,26020,nova iguacu,RJ
976224a95faf328b17654b1b1411d5e1,40a0d0ab497152d487c6f59a27830c98,36081,juiz de fora,MG
97e5e50c02504e32d222320d8c4dfbd1,350e8b23ce9d4b0cb07e219f1735b04a,88103,sao jose,SC
97efa29b4cb6dc4b10acb8f9baa46cdb,9ff65289796499ec62ee319b027dcff0,21020,rio de janeiro,RJ
97f4b6e455ba303fbf1dfea62b8b6f61,ad7f0d20b46f7386fa4509cbd19c095d,65300,santa ines,MA
98153d5b1cde47994c69ad02de498d26,890428d68645fb2cbb42bc2e46ac2241,71694,brasilia,DF
9834899aa900947d8832062231831871,6f01b9ac4c9a8eefc69b60aa64325a12,42700,lauro de freitas,BA
98661b627038780e9e655a56ebc23dc6,d6cbe5bf7d8f5583902fd66f1b7a2f44,17990,pauliceia,SP
98bfbf477ed9f40a0264f5e527a446be,8aa802da0f525a68e7fae5e67929ebdd,18147,aracariguama,SP
999196dca58a3db3d966d8f148532010,a6a1951929248912bcccea06be552ea2,11025,santos,SP
99de4444dbc09f097afa14d4ac4ae448,e028094e844981adaf6de76e17d60351,81350,curitiba,PR
99ebcd13bb5b88f4acd805f7890567ad,0306e708bc20c7e3517227bbffbe5959,30220,belo horizonte,MG
99ed295fa7b1f749594ce5f709ef1073,ef026b181b8edf96c9ba24e7a989f7b4,20921,rio de janeiro,RJ
9a3f62a5bf3676fc5f7197d68d626515,0becec3df826cb50f107c7a99cb44b90,29185,fundao,ES
9a4973b677cf78fb287918da79e7177a,a59fce8e4ef38a56245316ca247b9bc0,13179,sumare,SP
9a8ff91307a424b26e4ffb88eb1e79b9,eb5bdaa9ace81785a5c3526bbd8d759b,20535,rio de janeiro,RJ
9b29afbe5be6f07ceca7ecd44ae83a4f,b8bdfc9a2e1db42608cef6cd5002e32b,55805,tracunhaem,PE
9c018b34406d19adc1adac5f4b23b74f,2a371d6666ff3a5b688a6e353fb83542,13322,salto,SP
9c2344a071565e12fbf3fae2abc986da,293c7d76ee9907ebe673abe57a230ba2,06663,itapevi,SP
9c44588abb2a5c2b5bbd40184e3ac0b3,cc61b7d08f418647cd5c7766e1f2f9fa,75250,senador canedo,GO
9c964fe94972e8d6ee8498dd08d47b09,73252a53d6a47f20fa67b7a56f7771f5,78048,cuiaba,MT
9cf0657bb79b3c818fd37100f4526d8d,2108073aab31d087b1043c32fd9fdc47,12091,taubate,SP
9e18a290b9d17b14fe33b68a0ea2bfeb,3c752a5f42170574e38358384ece8819,13425,piracicaba,SP
9e1d60f744e20177e6c2b1062af5c97c,47819e2fe2feece1eaa798f2c2398221,88339,balneario camboriu,SC
9e241a9965210ac822859a94c0f33162,6e4c8eed6842146f77d917f7b437b4c2,59152,parnamirim,RN
9e2d9c6000d88cd4b51ab4dc2bc58ef9,2d7a88002fb4c6073fbef4f59707a0e0,13504,rio claro,SP
9e7ba5e8f54ad8293a1da0e2e458b4b4,234d6113db7ff4b1a933c65da3d9bf1c,95500,santo antonio da patrulha,RS
9e7fe4ea65ba59140cab054bdbdf018e,6d94a894c28059c9703befc3603704cc,04530,sao paulo,SP
9ebd9edc6854d388eb4a9d1283acdf96,827e0258c06b6c4bfecec9e54bc04960,09770,sao bernardo do campo,SP
9ec73448134f871bc7bdfdfd444813eb,89a70a556b3bcb25ed26720f08450bf4,30626,belo horizonte,MG
9ed06342197fde512695b88ef49400c2,64529bfbbfe1ab1832b1bad404aa249e,35400,ouro preto,MG
9f1a7f33083fc1cd8865c587eb71c3e5,5d335fd42a9c034be9220578ccc41d51,03344,sao paulo,SP
9ff88efe6c5c047c8894c5e6c2cd206f,7a176e5d88c7acb6000a055e008c055d,03147,sao paulo,SP
a05daaa7b79d7053da895ee3b342cf2d,d09bda44c78bc7eee6ab6a5814d73461,13480,limeira,SP
a08c3f511f37158bd7e1964e6efafa2a,04b0c01cb1debde1573403fb50c5d915,38036,uberaba,MG
a0b7bf085451ca667f8c8015e9812e3b,1c6c7f4687318090a16753eeefd5b1b1,12820,areias,SP
a0ba6852184c70cbee04bed3909bf011,2c92b3c621adddeae929cb98870dd6d2,19911,ourinhos,SP
a0c9d999ed3500707f8228b8336e24eb,d713e6aab2515415431d22053453e1ae,18500,laranjal paulista,SP
a0f95ab56c6d3a5ba0036b7fdfeda07f,a9530b74fe56ca4be9e5f2c7e7c4175a,89124,benedito novo,SC
a11a96019906d49f5d01edda79022941,7ccbb0145aa630a84998d6584129a96c,78065,cuiaba,MT
a154f40a53dbfc81340f0834f035e89e,b24f550daff91e457c446db85553ede0,03337,sao paulo,SP
a17dc8aaea9743dbccaca067b5ac3b43,faae4bdf680651e40005ea6f0f90e8b8,09855,sao bernardo do campo,SP
a1ebf55f38ab9ffa56b94b524a291c6f,b69dceda4140ec6092310b44df4c3962,25870,comendador levy gasparian,RJ
a22a8f5ed1ba23d4aca05ed33b2917ac,4f3865fa2a981933ea86fc691d97f643,13360,capivari,SP
a22ecc2c34b892685233022097d1ba0a,9960a7aea9bd658ee554b4c580beb37f,04911,sao paulo,SP
a25c191eb1025845e8e9d1d806fa2605,a311db8053cf14527828dd6d89a1f57a,98801,santo angelo,RS
a2be606029a95748f15824071fffa10e,3e5306add1209e5ba184092dd1587282,71925,brasilia,DF
a2ca0ba8cb6271f95f286421b60681aa,15bc17a24fe18da7be93a48546fcadab,18270,tatui,SP
a2d424dcfaa53fa97a98bb99d7700581,5db7f1850c41ddc2a8b0c1699ab35ccc,48490,inhambupe,BA
a2ddc0fbb3e8827c322579d6124b0c6c,ff9b8e5654b51a827582daf1051b1918,66613,belem,PA
a30ed289c17f4e875d4ac2110dc19040,c12d2d5af57f056bdf9add9481948fb6,19900,ourinhos,SP
a39a11e156aa248ef573dbb7c65580d2,1979dc402581a74e2bd0c0853951311d,52091,recife,PE
a4555d257db29ef5f838cec4101c5208,f7be9bec658c62ab6240b44cd26c0b84,80030,curitiba,PR
a47703d55341244bf9e82521834ad64a,482b83576bf1699dd0a448805e211146,76265,santa fe de goias,GO
a509c0faf10ecf2d74c38e3945b25496,1d2435aa3b858d45c707c9fc25e18779,21760,rio de janeiro,RJ
a5bda6def3f77258ca2027b7d4a384e9,ffb973f2bb1c0cb807a99341a9b20dcd,01230,sao paulo,SP
a5cd42f5d1eecbf955de47ff1245b5d6,4910006053f92928b62910d568d4ad1e,05580,sao paulo,SP
a5f97dadc879a0cba20bf9650b1bd888,f801278dc42ce9d4773cb91ad0e21ab8,76200,ipora,GO
a6070315382f5f1e536be705f64ab209,be8375783b7439dd7ef30b89fb46188b,21610,rio de janeiro,RJ
a6954f48f5d8a0dcbad1a0921109cb56,ec6969699229c33bcb31059d4184049f,25020,duque de caxias,RJ
a697310dcc6dec6e09e601a68fad6611,d32117be1f591cc163d8a6a996140e16,38017,uberaba,MG
a69ec5f1dbf0907aecdb6eb748f70036,0a02ba4243b1b0e048a3841d5758d113,72115,brasilia,DF
a6d276e9c75cfeb2db5ddec9add0565e,257c88e7a3ace7aa1a5eb5677f86b5b0,96413,bage,RS
a76e74102c5779eaca55a3f9187ea2f2,6ce2c010b9675d72eb43d7d311d9423a,13575,sao carlos,SP
a779fb63d731a6f7af0e4ef34aebc9bf,c5cf9357698d4fbca794731fe22b1606,91787,porto alegre,RS
a83a89abd16a03e6376fb659ca7b6612,9dddffdd447ab3aa654122a6a1049906,37640,extrema,MG
a969b9f8d923bc7fd97b578f7c499194,12f5d6e1cbf93dafd9dcc19095df0b3d,82200,curitiba,PR
a998e828a104504f72ceb338f92043b6,b39c8c284dd7875b68a31449852cc76a,08566,poa,SP
a9dc96b027d1252bbac0a9b72d837fc6,fdaa290acb9eeacb66fa7f979baa6803,23012,rio de janeiro,RJ
a9eb0a1529c5219cec4f13899a5a58b3,9cdfe712401ae2a44d3056afbc2b77a8,04851,sao paulo,SP
a9f4c806882b64a1a745053ae9f90d7b,9116ad81ecdcdef227dc53265879ce1d,88706,tubarao,SC
aa98b0ee899c4f787d88f11b88b50fc2,0ac4d05bbe5f9dd1011eeadba1e76955,24315,niteroi,RJ
aadd27185177fc7ac9b364898ac09343,f176923a0a4ab546c7287791ccb82193,78075,cuiaba,MT
aaf6d77cd0756a4e878472c3efc65308,ff8557b296729eaa30f078d974c86812,88117,sao jose,SC
ab23392115ab5083ec640a5c781c2820,17238e33fee2b88c3ed8eb91b29c007a,29057,vitoria,ES
ab421b93f847af0ef7301421bb36da5e,604f317cbd59b4de7b91326f61626d90,13070,campinas,SP
ab65a308e13faaef39b0370e82dd6fdb,fd59b2040862a3c5f0956eeb1193f239,12507,guaratingueta,SP
aba0612f1bda6131d3058084c31511ca,f710a2488480f6d18ef5066c1dfb7803,11081,santos,SP
abb98ee37acc21973e1d4464133ddb49,4962136f755981b83b03f476e66eea7d,89110,gaspar,SC
abd49ba4cf56e622b951f281361f56ad,94e5ea5a8c1bf546db2739673060c43f,35730,capim branco,MG
ac4803ab1d19fb7799da3fb6f333d4c7,f2c06c34d67bef23c659b5500d576cb1,84010,ponta grossa,PR
ac68706c6f747bf0f7e7986a7ba40155,e8798977c2a62ecf8f2b17fba406097f,30380,belo horizonte,MG
ac77fc096334bb131cc25f7c6471566e,7d9d77225e11b7722d0631d6243178e3,32071,contagem,MG
acad76e6005b7efd172a9fed40f7d31f,1b9c191439df93697089504c628ca951,65058,sao luis,MA
accfbaa1f092fdf6db1d8fcdad351b50,1c5aefec1a2943edd15e52f9e2900e41,39860,nanuque,MG
ad29d9bb283d87e61e190d40bc7bc15b,33fbcb38d3009eddfe53b3063c642959,96501,cachoeira do sul,RS
ae110dc6d8fbfd770a279c10fdb11356,59d70280e586b9af0a548f9e0fe68cae,05832,sao paulo,SP
ae3a3a6fd9128d8617e2cb3a88a7598b,f3e9410701ce24f2956a79c7475ab834,65052,sao luis,MA
ae4dce7235e0aac52e4b82c54f7b18de,f992b70fb02cdfadc277f493997515b7,13660,porto ferreira,SP
ae8dc9a1f298680124ae2dc18e37cb34,2e2c773725ab148e8405a5ae8b4f5162,04856,sao paulo,SP
b001c30609da9b8618f69ef5bd322b5b,9193694c62bc1e1927030603e0ddc905,25946,guapimirim,RJ
b031d0752ca02dd1a780af8278140571,ee1b69039bd20877692d8622dedbc3ec,09370,maua,SP
b03bfe9da81252f5e3b39196ba3518c0,ac10064713bd3169f17aed85acad2106,71020,brasilia,DF
b0b27c44f7e3d2c6e45d506cbd4a5627,2c724eb337b9f040e3a65208e3280b8d,87900,loanda,PR
b0cc6834f86d0440c119eb1fcd8413e1,55d3b6aaa9c85f456862f7e2e270102b,36015,juiz de fora,MG
b0db02848249cbe57e7e5732976ced8e,ba8e8db5ac53ffa4aca56c6a645b9e05,87310,campo mourao,PR
b102a37db53345d7eb418649b096f8e8,0313291a6f4f16df04dcf819d88c38ef,11600,sao sebastiao,SP
b106b360fe2ef8849fbbd056f777b4d5,0eb1ee9dba87f5b36b4613a65074337c,02975,sao paulo,SP
b14e4569fdc3353689f16abb8b57dadc,7d08a8005756c215935d45bcc0e9a760,20250,rio de janeiro,RJ
b19fa13f00227b289b6d04e426f9673d,09afae2d61d41a7f90d30c3ce36c5f26,91130,porto alegre,RS
b1b4f0c5c3d900ca65f0d79b18ee1587,7cbf4e7c9f78c6855c9c0caec1a50e38,85640,ampere,PR
b22ca452dbb41139048975084d8a8f1e,1e13be066b12fd9fd852bbbfb790dfae,88132,palhoca,SC
b2d7ae0415dbbca535b5f7b38056dd1f,6a2da481aa7827b951175772a0fe8bb8,16012,aracatuba,SP
b3089a062b28ec2e5acb0e545c078ed5,af1af7ad74eff1faa28eb972ec695e23,05685,sao paulo,SP
b30a4d09f171b5da553bab49a0a61764,8329519e31cb1b89bd44c3c6ae417ad6,12460,campos do jordao,SP
b31da288a5d93df0b87661fae41bda52,ff8b95898b5d2ce400ce59b28c40bfbc,74463,goiania,GO
b3588b0dfd394759bb0048856f365c95,baf8a55609217194b2feb8adacdcc144,03342,sao paulo,SP
b3860286d6f0e27b14e0760ce77b11da,81e5894ccebaddd81c3199b57bb52e8f,89150,presidente getulio,SC
b3a9bf200375f53cc5c6991919c356fd,14359ea0c7a105749c0a56478825b015,04849,sao paulo,SP
b3d9d64d67b27599d01bb7de17a92ab8,7965955995b477fd7c304f4caf2c6d26,12935,vargem,SP
b3fb50a69d9de3ee23504d2cd66da13f,d6a930873ee3f80aa823cb1d4baca58d,86038,londrina,PR
b430789bfe8fd6a8ce1be69cd5cc35de,0c25f212bf983792b82adf65645918f4,45208,jequie,BA
b51864a91835810c755a8c3438c63668,75b1ebef8b5bd5d6a2a9c49e1beb1132,20560,rio de janeiro,RJ
b5ea05c72a89dbe101d94083e18df207,3e93369535d8f45643c5e1dc4467924d,04075,sao paulo,SP
b629604bb4374da78155fb48fcc1ec4f,b0bc6de4a99007470bbdbbf5cc502ea9,03910,sao paulo,SP
b692755548475c6db9d19858c5da06f1,9eecbc54a48d750ac6762ab31477fb9f,75106,anapolis,GO
b6f6cbfc126f1ae6723fe2f9b3751208,281096eb031de8c318bba51915fdd16a,62680,paracuru,CE
b70dd1b7a273c0378edb26d95390f857,9ccff5067614ac5510320fed6e4dda46,13403,piracicaba,SP
b7335be40f14f35559f7222d4875b114,9b0f710c65ae9320f0acd6dfccc1b4d6,91720,porto alegre,RS
b75d72658f51cfc274b14adf1446590a,8cd892a381c7d2f5532e23b83e509399,08693,suzano,SP
b7770073b02ed1d626a027ce86a4ff82,2e43e031f10de28e557c35ef668f9396,92410,canoas,RS
b77ef6aa11b50074739e74d4a78ae4a9,b992ba5b73d1e67d34f48d71a5617e88,75805,jatai,GO
b7919647bde69acc948baa47823d6c75,6ad46014a4203440c38e3dbf7aedf51c,14740,viradouro,SP
b7a4690ba0bc91f249bb7fd25b3be748,7c82b91749355c6daebaada73da54e2e,99615,trindade do sul,RS
b7b15ab12fa50616eee696a22f098e07,c42ba47d1df4847a1fae69d1407c83d9,15130,mirassol,SP
b806e26283f2008d98a22e44d0c3aa5a,578ee337ed691b5a052e56db43ced56b,18150,ibiuna,SP
b8097c8f0c1f58ab56a53812a446a898,0ac6c084c9623a0e2ace60297ad24d6c,35300,caratinga,MG
b85708f7ff9d1b6fce163c71086084f9,08da95f931937b2c20f5225f2e6c93b0,09040,santo andre,SP
b8758ed99c2b800a287f19fb1a3ea52c,7459c5e40af6c3ba3c1cf02eb107a2e7,65370,pindare mirim,MA
b8cdbd2d79fb877b224b27ff548c297d,717018d40515ebcca772cad60799b58f,95775,tupandi,RS
b8cf418e97ae795672d326288dfab7a7,8d3a54507421dbd2ce0a1d58046826e0,13185,hortolandia,SP
b91251b81f7e08e8120571f2f4f88e0f,4d7928aea9cfe594babf073057ad3779,06604,jandira,SP
b92024fd84c1d4e5308b4bc99f092def,1f1ab863d273f133c7c9a9ba38f9b073,13567,sao carlos,SP
b924b981ecd4493825f0c54db5b4be8c,70fc98f125c985e6582a3ef22a1a8bc2,12282,cacapava,SP
b97a18a1140b1f32152473a3dce1a25d,3315424c3588a42098b6b37a78aed0a4,21011,rio de janeiro,RJ
b97e4013860297dba48d699f12f91fcb,9b408f12da0705a93d8e83f59b84f60e,35400,ouro preto,MG
b9c504b633cd3d85d4128856a67209c2,31463a6b3a01f53c3ef1a04a849decf4,56580,ibimirim,PE
b9da07b57372061cd82dbb1df5a6cfd2,6b5fa65642acb463c835ef79de54c1ae,93700,campo bom,RS
bae2e17717f1e6f357bbac0107dabfd6,a908f7551bf4ad06732bd84eff560037,39804,teofilo otoni,MG
bbc82b85b6867ca7bf1380c64f8447b9,60a5eebffa1776fc17cf943de2bc847f,37195,santana da vargem,MG
bbd6d73964cf368d685856fc8cb04534,81f76d52e6e182a6b3358d20a50d888d,02435,sao paulo,SP
bbec89f3ce9883659829232500271d87,55e4961112ecf48f62b785a19694ad5d,80610,curitiba,PR
bbf83aabda305a5ac059e05b342076a0,bb5f2d03e1e945a1e5c1ab23c3de4c64,13700,casa branca,SP
bc13567372ad405e1fa1c93da7eb9079,e99d46b5ce67a88cb8d7d5225edde938,90540,porto alegre,RS
bc265c24a5a745bff94d62fd5f5db043,ec9c7ebb2a345ccd42c46b94ecb4d319,35603,araujos,MG
bc41a708ec6dabfa8b01320ad60ac6a2,212fb8fd04191789cf67caf8c78e2d1b,53230,olinda,PE
bce63020814afdf2717e3c9b9ff1534e,db890d2b3c871e8e4298f21bc8a7736b,50780,recife,PE
bd0342f59a3b8ddc416bd048b2b5d0fb,2e92a624a8a3f8ab5eb51d42fca60e5b,28470,santo antonio de padua,RJ
bd2c13f9aff19c6adfe232373946e6ea,1842d12ff8f27b3e8a95f5a98a14dfb3,97032,santa maria,RS
bd6048a0960b15881f1ae5dca277fb52,75b181fe0ef694c753c72540c0fdd389,24445,sao goncalo,RJ
bd8e2c85ac6c8810b119d2dd90c54ce5,94e62e9baf0b7cca77bfdd81ba8746cb,22441,rio de janeiro,RJ
be07f06f183227b5c2b31c30fbb4f382,436951eead1cce602da9256d8c59e093,41810,salvador,BA
be552266bf47bfc6fa6c793fd74006bf,7a84515823bc6c15b7b0e1ba70a704ae,78850,primavera do leste,MT
be631308cb609ff74d0e0fb54815e18c,1c137fe37df712015f6488edafe8ece4,36255,aracitaba,MG
be6d6b80ed0d80156defc8802d89eed2,ea4970ec61c209a7e44aebbd2fb7f269,04521,sao paulo,SP
bea482168e59ee99ecadacecb808d058,4bb9eff279b892251d672d74a4272434,23075,rio de janeiro,RJ
bee4e134573a69da08ec778c2ee62eeb,8a7271f54378994867420e5157f34500,17690,bastos,SP
bf3143805b420affe47047794eae0872,b139fbdcd53f8036eb05d3023fc97580,13390,rio das pedras,SP
bf396d21b4ba3214fd7d7a9c10669615,d401b738861201747e01d84768cd876d,22441,rio de janeiro,RJ
bf609b5741f71697f65ce3852c5d2623,f9af3bfab584769f34c314b222d34263,20091,rio de janeiro,RJ
bfbe1fd99d9d53a58d06966a0f4eb5de,24d2610d6b2605ba1fa5659b57f48205,13280,vinhedo,SP
bfc9371f9268216725254f8567803291,d398a57e85887decbe54f94aca2eb457,23035,rio de janeiro,RJ
bfebb91e718433a55143ee450423c983,760337c825700b7db6d44a71c06753c8,30660,belo horizonte,MG
c017996652c06e2cdda218e87125e17a,b85aeee30d059f6d59decd7ea19c12da,11065,santos,SP
c0352e94059e3e5a714c9ad0c8306a54,12f5d6e1cbf93dafd9dcc19095df0b3d,82200,curitiba,PR
c084c36f269f29c66bb61f3ac37303e8,1037ee8f97dd4241edf738269f1c470d,18900,santa cruz do rio pardo,SP
c09f8cdfa1c0e9d5ce962948b1a4f3be,0651d1d452e23d14caf7c7cf51f46071,68540,conceicao do araguaia,PA
c24fc5f9a446b4d8262041b9c64de772,f7b981e8a280e455ac3cbe0d5d171bd1,80030,curitiba,PR
c2a3ea344de262f71dfb5d9f83a02adf,60cf7bedff25cf587405fb4eceab96cd,14730,monte azul paulista,SP
c2c97a4df7be5639a8976ed8b8516e81,06bdfbbe1857c3c925ec81abfb1c9666,13323,salto,SP
c3057d4a0fcd85b33e6a7b59bcd257a0,4d16bcc453234aa62a86defb6b08ab85,25025,duque de caxias,RJ
c357638ad6b3773047a316462e992235,638e658cce197754bfbd080823c5a1b3,11900,registro,SP
c3c0ea16776e0d2c79a9239c552700f3,6140f784703d4b478385ac73b9e3eef1,08470,sao paulo,SP
c41bb9b32eecfb353668815360270496,edf8176bda73a45c6a47235c7a7726b2,17490,piratininga,SP
c4a2da69a354a249cb1c07d703552053,f3cc15d4f36871d4e330ead99799f2ac,65292,boa vista do gurupi,MA
c4dcf192d129b8388592885dd24fc476,1e0e8ead2f7835dc5b4da4fd2fb9af9e,37890,muzambinho,MG
c4eeb750bb290eee0933aa9f859721e9,6ae1442f1cd67099c402c6140b58a918,95890,teutonia,RS
c508ad14bc3cde5d1e0bfca7ebdb77cd,65673eb10bb25611b2a9eda38b0e57ff,37902,passos,MG
c54f3adc4e82b43d49101975a9bedb2c,c3e126b480a46d537bca487cc053912e,89694,faxinal dos guedes,SC
c576a1a325ba3b60368566f78dd51aa1,4afcf7ae2181b598259d121795fd628a,48905,juazeiro,BA
c6045ecabc5f74048d727035f82c3826,0acb54b64345b37d81205175f3f3e779,37701,pocos de caldas,MG
c64e943126adfabb1c2ae21b4bc1e650,d6d67261f2634cdf9ec293cd765c8479,07063,guarulhos,SP
c651c585480832aaefbec136aebe2afd,9476d63d5d33e182ed23f661fda9214b,28570,itaocara,RJ
c6e5dc26706e556b6e6cbe4321670954,363e10681301da394e9e505ea41c6e50,30260,belo horizonte,MG
c758396a502648cb2e77ef06e0807a00,a176378c7ad0b4cb3561692f234cecca,30380,belo horizonte,MG
c75e4def2f3ec80fc03a535c4f9b37a2,07d3ac0b8a40ad4382c576f69f81fc75,13272,valinhos,SP
c797ffdbae65b56c177d3c1368d03628,b77373c1be1866a704f28814c378b253,32400,ibirite,MG
c7da870eb04374fc25d71501117ab5f6,31eee58232681b6700ccd39fd5b5f5ed,13417,piracicaba,SP
c7e79ac0034b4accdb78aa403ba6f68c,8dd4b0771b20160bde2b4fb598c3f554,29338,itaipava,ES
c851e38392f26d6a33bfe6f717c0fba8,415ee7f7e65b172382f321e711057114,20271,rio de janeiro,RJ
c8c236ed3d37d2c3f9c82ab51b5482fd,18eaafdd580e724d84a7ea1d710fd88f,13423,piracicaba,SP
c8c62d4767ce11a1611db2fbd5af9a0e,8ea3ac9d23c41e3e9402a59465e534c5,09710,sao bernardo do campo,SP
c95fd5ec9cb15e99cbd4b8a9ff814ff6,542736940dd0e914178cbc58a979c303,34535,sabara,MG
cabe1ec4e4c40db3c14ab19cc09bbd9a,381411bd0b3e1aff0b23bfed26d000af,60347,fortaleza,CE
cae42b13efa7b8b3ef6757d1c2aa2d06,a996968a17a2817d8adc4209d42ee72d,82800,curitiba,PR
cb544b0c548dbf3e9e52914472d56415,f706755df4abce09ff6fcdfadbe76166,27940,macae,RJ
cb97139155fd2220668ff63d8e970c64,0d527a050dc34913c5c4746cefae5995,32013,contagem,MG
cba12036a88407a37770dc8ab725de77,d753459418d268407f19b64be28e3c5a,80030,curitiba,PR
cbdced3b7732432c679e661c4bcb77e4,051cb410e248720e71b4ef51ff5044db,89010,blumenau,SC
ccaab0962b09a9070e3076588f0fd069,b148eb59c3088eaa91342b43111fc174,49100,sao cristovao,SE
cd21b89339f05955972dc288787533d3,edd1864079b2d69900cbf5c2bcb931c7,80030,curitiba,PR
cd47d198f0840df01cf63596c6f4c429,a4b1243a3712eefc2d8ae5d053a1d298,85802,cascavel,PR
cd7fc3b7e625b3b0492197326b461c4c,765369a23b18f4f6dfce1757448fbae0,09760,sao bernardo do campo,SP
cdebdd9b0e6d04c6a6c2ac526fc081e2,caea4a019afe0ea13b6092c93af7943f,96065,pelotas,RS
ce210e14256d0dea4b6b487c2ed032d0,594fdb8a3914a91415413b3a467fa862,38300,ituiutaba,MG
ce2a66464da8b80dedd7639a6e489a58,604646306d7dd997cb030962126a05ff,04679,sao paulo,SP
ce68080021ef47325b14cc7acd673ab8,5045da01402baca564e8d4fe5f74a968,72860,novo gama,GO
ce80c46eb733623b83a7458b918ca30c,48aac093ce4d05afcd577ef894f27dfe,23970,paraty,RJ
cee53b7d3dd56da687a4fa61c6ce8d32,4403513209514871ac9d0fd681f7cdb5,06703,cotia,SP
ceead79d927539feb1a27e3ec80cac36,f75da962fb4ddac1569e90c21803c455,06768,taboao da serra,SP
cf10056dcb7d1fb5322dd86d12936557,215c4eb12924f9cc3c6cbd9a83fd5f69,05029,sao paulo,SP
cf21fc5ce008e8d35e01caeb0ef028da,0fd77103b2734193d2bbb936e774418b,07438,aruja,SP
cf4e269e30ba0f547477c32723ec2542,ae2e59a60f342dda54b95647e88450b4,18550,boituva,SP
cf5112cc5129776cc69c956dc265a5f7,2552194579775fed6641fa5f56152e0a,20511,rio de janeiro,RJ
cf6825242ddd453dd3381bb0aa0976d3,65f58168b9e3281c5c57dd0a06720ddf,89900,sao miguel do oeste,SC
cfe4eb5b21969ebd94370819e38c07b5,cde316c0782f6532cda25c5158a5b6d5,31210,belo horizonte,MG
d01826743562fd76692b98829e8404d6,10b58cbd6607267fd41812614367439e,35300,caratinga,MG
d020d4abe6475a8382f53d763fe24a65,83e7958a94bd7f74a9414d8782f87628,80030,curitiba,PR
d056f27116f163ae6d99dff3d169c032,c39b2706a13ca378504fe314e7f2f645,13083,campinas,SP
d0bfc5ed8302e145eb59a75cc94cb715,c0701622a849e0f0e05461f9c2c427f0,18134,sao roque,SP
d1167e026b86aff77a4599738bf972dd,0659f2d6cabae94afd4d009c6d0e07dc,97450,cacequi,RS
d118674ac7bfbd3385a7546522278e5d,13cdb9d2530b1193e81f0c447924d2f0,04140,sao paulo,SP
d14ec9b10324e4132ee110e8012e7dde,1c81d0cd06e55c6c1b9a353a32a94c33,14784,barretos,SP
d1800078046ed2e5ae1b0792b695c56e,64fbafb2935c7a2588d6a26a9d750487,03063,sao paulo,SP
d1d259ce7187c9deb7e86de58e65a81e,0de3f5cbeaedc8f981622dcefce0686f,02185,sao paulo,SP
d20bbabb669a554138e7d3f97cafafd6,12845427d01e30997492ad688e9269e8,24941,marica,RJ
d2b141e8cefd8acb97baee4b25b01ea5,b598d6591ec1faa44e378483e526953b,08142,sao paulo,SP
d2c63ad286e3ca9dd69218008d61ff81,728e4a7d0db4845270091ded0923c71f,80540,curitiba,PR
d2dc6bcab2d5200c7df05b609db1b1d8,9394f9f2e04e9d3316d930eb8f49f7cd,03309,sao paulo,SP
d372561ad1022927871150461a0a85ca,ea74738436e9be0cc383049234b5ad51,22780,rio de janeiro,RJ
d3a6febf47e02bf9635d6b8e8443092e,995bb1c47d900b47cd32436d8a622593,30380,belo horizonte,MG
d40e29db86a4db2aeaf8fa2b22c48f5e,975c66693ec7ce66a1a5044685f9996c,32010,contagem,MG
d46d7edbddcff60db4428ed88fd33dfc,9b115a88b163c830eea9e44080e81223,38500,monte carmelo,MG
d521a479946c5ddfa97cb9872da48e2d,d2cb4fa134053a20c0a53ce0542ca0b4,13450,santa barbara d'oeste,SP
d577d6f224cc6476bfea34715dcb4a12,d4024fd404e29943c763f316e1383cb4,27323,barra mansa,RJ
d5de688c321096d15508faae67a27051,d49f3dae6bad25d05160fc17aca5942d,36400,conselheiro lafaiete,MG
d69688d427da267e3c2d564db094796a,c1254a1e8dde33aa9aa2ec0a5b93452a,31741,belo horizonte,MG
d70e5eac00a9d35a3cb193442c0287cd,4831f388aaf5dfed43c1bd4455f37eac,22030,rio de janeiro,RJ
d70f382aefc5e3273ba95831d8588930,3ed4404759ed8860749e78c75e683180,49096,aracaju,SE
d71a8cffeb2a8ca4ad2375b72d94c8ad,57c7328718a984a6d070841c93386322,13567,sao carlos,SP
d76512c766b6191a31760b27a3a671fd,b4739233753be99a2078cb6588e97c56,35903,itabira,MG
d782082d67302107f082c112b324aebb,f65b9cde425984c1041a2b0b1b4f99ad,13275,valinhos,SP
d7bed5fac093a4136216072abaf599d5,f15a952dfc52308d0361288fbf42c7b3,91250,porto alegre,RS
d83a72326816260884edd05238aaa508,6011fbc9e8e5dad3b09334f73b8ef23f,08330,sao paulo,SP
d85a33fefc77c4027226b4af1683e21e,cee4b4591e7b82254d2c518cc30333a3,90130,porto alegre,RS
d87b6988897b12def5709ca4f8142012,6fd85726716a6e806049c1972b4e888e,13215,jundiai,SP
d96619b47e477e6bcc377bb89f2ddaee,0636d30c77f0f9cfad81f1c9b58c791f,08583,itaquaquecetuba,SP
da0ba2a9935bca5b4610b0e3bca9d3b4,88bc832f104b6dd684a17dbb1b76e778,02993,sao paulo,SP
da1c9a7e7fa9de1d48ecd6d6e027313e,e59e80fa326ba8d2e055c001d4053ca3,28993,bacaxa,RJ
da231380834f900e3fc3a958a1533a33,e3626c985901df173504f3d285ac823f,24937,marica,RJ
da41f8be4acae374b2c5bfe8f9659e7e,cb9f4b2fe91fdef805d9d0344b471246,46860,iacu,BA
da70cbcb5012f2055b4f2c90d28725fc,cf3ca218511c73ca4a1c6a19e71f02d4,37060,varginha,MG
dacb079d55ffb1d3955c5d923df3ebb7,12cc890391e57d7123e004856ff1f137,50090,recife,PE
dae065b8336e64030d11819d033138ac,c80bc315b52899a6cfc2af82c9200962,18212,itapetininga,SP
dafb5d1c281d4cf50c5383b6d9ed0ab6,4436c557fe163dd229c67f69a2b63dab,13275,valinhos,SP
db329a00354d35ec9fdaaf8e11bd8033,30ad1451a70a8da11a69dc6dcfe31256,91760,porto alegre,RS
db857a86c685a6a3a02a705961ec1ff1,c83d504c46170342ddbc93c762e0e4ec,35171,coronel fabriciano,MG
dbfc2fb6a9424037815a3a887c10be61,f7b62c75467e8ce080b201667cbbc274,09990,diadema,SP
dc0c77cca2f6acb682827975536a6dc7,5286f4342593aeeca93e0543ef0ac5f0,28021,campos dos goytacazes,RJ
dc607dc98d6a11d5d04d9f2a70aa6c34,10e89fd8e5c745f81bec101207ba4d7d,35162,ipatinga,MG
dc657a228881825237f4957775272d1a,c3662e23d896956c1084e3160c03fed4,71503,brasilia,DF
dc7302a83e9681f614bb59a515df38b3,fc19fe9ac733e36ff8227c29435c2030,15700,jales,SP
dc7cdb748679fb6f280f66d7582c5e59,eeb1b66fee35b3f1e3dfc27ff80fc0a2,04024,sao paulo,SP
dcb2e23f71877ba3dee97c2ec27f1a81,48d1dced151a0925eadb3614f732f220,18271,tatui,SP
dce9dedc0fe9dd0aa2ad7df80d81b358,db5959ee2d1e677a255be86a6f7e9aa6,11410,guaruja,SP
dd0cb909d16aa0eecf68d37defbb7f7f,dccb0c4954538b15d8c4fa1fb69456aa,25250,duque de caxias,RJ
dd32ce6c2b55f4746c288375a89ce176,26637eea80412340159f0d7d9bac0d77,13010,campinas,SP
dd340f55b79392c58be2ee54c2004c26,1f120499af090bbc76911420dd1f93ad,67030,ananindeua,PA
dd4a80c1daa4fc1d5b27af36e5f44f2b,976a39626eb2337ee3258d4ad73f1543,90830,porto alegre,RS
dd96e8ca7d7dfac2b3b5632801e5f106,90cdf84ae810487178762867e5b09fd3,34545,sabara,MG
ddd15ef77c83eea8c534d2896173a927,853ba75a0b423722ccf270eea3b4cfe4,21843,rio de janeiro,RJ
ddd605e2739b3dfa7ad248ba164ff869,90cef361fed2e841d4a2ca888590b952,13083,campinas,SP
de4caa97afa80c8eeac2ff4c8da5b72e,d93a22bb52bb2f41a7267b8a02370781,88058,florianopolis,SC
dfa7df4afe1ba4c38428bd36cd4444c1,eec95eabca2b8d033e1d36ad86ad688a,27351,barra mansa,RJ
dfac72372f9e21b7edd69eddd81c7b63,517a3d8518447c776efd430b66470e27,95020,caxias do sul,RS
dfd18dbef42d2d617d822af592b2fa62,9ee03e957df37196acff32001e29894f,71917,brasilia,DF
e01dd706e00cef25a6be635737bee134,c15e721e52209690f253a6c8fd1a17de,23045,rio de janeiro,RJ
e05df6dee2d1b0a7782f771120b9e826,9526faf43eb079ae6eb94cd2fd8982c6,07953,francisco morato,SP
e0de521fbb397bd7e83d079fe66357b5,0829f7df6577d5a4b65439bea701405f,31210,belo horizonte,MG
e10996551bb1897b97c37e1f771e34af,54d757624bc4f049bcf411dbfc5b832d,46880,itaberaba,BA
e143678e76c1279b51f6fb83c205b7d1,4862e84e08df689a5ccec996b1f7b393,07062,guarulhos,SP
e1524dd0c685ee8f075fe01f661a4017,5b2339965459982f42b6fda1b13a27b4,90620,porto alegre,RS
e15daad9efaafb0d4d10043c9ca77e7b,a1b3368fc2fbaee34a19608fc1eb4a4b,87083,maringa,PR
e22bab8950872ef60d229f7d6926b58c,a4d9bca01de16ecc32654c12e2c18c05,35503,divinopolis,MG
e24bd26337fb5b09e1331622a2f0d2bc,861ed4dff1719a5dec6ce78b1132f2de,75555,vicentinopolis,GO
e2c852f36be265c817eafd880884b206,a93b7ffb96986b7ae5bef50b9f789ed8,26564,mesquita,RJ
e2efaa8052c550fa45d1639dbb6cbeb9,06058fe38c88d8d03a06ebaa6fb68aad,02125,sao paulo,SP
e3a0c6f366f4c42aa1ec172813c88492,da1893715fcf0fe9b44be82e8a479161,03721,sao paulo,SP
e3b8e1052eabf24ff52843086a5f4508,c2fef0a4a3a237288e3ab4bb2df94c18,35930,joao monlevade,MG
e423929b7362dc59bfc3e9dab3acad7a,2ad1ffd24d9373937ac6d1e376e4494d,88220,itapema,SC
e44d9a10a0978d6c21403879bf8076d0,7fbb6d8f1f76288d32ab1a4e74da34c5,77500,porto nacional,TO
e4780f4524969db38b49dd1c82e03fcc,231fb63f9dc7482c7016020ef322b011,86010,londrina,PR
e4c44f8397c63555e4d0b11f4e7addc5,e77dc6d35eca2c309c97739d49994220,11015,santos,SP
e5245a61cf63870720b6559bad5d35e8,a5915d92773335107130a2d1e0c5a91e,36202,barbacena,MG
e53edc46664edce7794d86baca23f75b,e93d7ba71f9edaa1360d2d16e8a95783,71925,brasilia,DF
e561a3f61440b031d3be286a696d06eb,acf599349b44e4e51d2beacb549313ad,13630,pirassununga,SP
e616e1806cf7fa06607a83d2f97f3993,93d934c3a86cf8a7e0e7631fd80f9ce9,09852,sao bernardo do campo,SP
e64d63f1e2d292e774d451d7b55f711d,e6a1d274cbba12da4cd29eb462b34be5,59042,natal,RN
e688102208c1564afce92d987656bf29,8a0793d04e0f4be13434516ee7037104,78075,cuiaba,MT
e6bee29442c761ff0dfb9a4414922a5c,728e4a7d0db4845270091ded0923c71f,80540,curitiba,PR
e6f959bf384d1d53b6d68826699bba12,7390ed59fa1febbfda31a80b4318c8cb,76700,mozarlandia,GO
e715f0071c14494e92c198554a08bb2d,1ba713c8258f756279a049018ce01177,21050,rio de janeiro,RJ
e727991c9f9c297620b5d8e6ff320f2e,0379a6f96d9befaf749609ba52b17783,39401,montes claros,MG
e7659c6f9fc78ba546ee2b0615258589,a5d3bfee5b23b430b95c4ae295e1028a,13844,mogi-guacu,SP
e76d70baaf2e6bf919577966bdc5ce8f,b9c47942414b4b3f08a3ae85f5c7e4d7,24913,marica,RJ
e7b9bc73f30f476a29a9a805d3817504,fdf2ac320bf7064c82c5940346adadaf,94950,cachoeirinha,RS
e7e6da2ddce69ab0bf01d7ed4dbd0856,b6b2c3c8fd76769b478618a3c2505009,80030,curitiba,PR
e81a9f176936e3124dfd90c483bf3289,823c47d4abda1f8ce7568145f76c2b85,13175,sumare,SP
e81fc327c9365a91e9ce38e8d904647f,44b95b41e1172e2926917fd5c4e77e62,94930,cachoeirinha,RS
e879d9cc471ab8feafa1056998e6ec95,afd7b301910a6aa6251b6ddbfb3a7e64,41339,salvador,BA
e88a38745875de352d6a135b7d3f11af,2cd2f63f783343de79fd5a430c8b6d43,18603,botucatu,SP
e89602b2442a8d65407ba198d614502c,7a9d69fb7ce2ceca5c5c2a4f7f597250,17526,marilia,SP
e8b9bdf215893d907b9c19990c5abd23,ae81c8b1f631eb3108924289a3333c0b,92412,canoas,RS
e914087f4bedebda8f0dc92e4d095d16,65fa3afefabe02a33f88a6c0c7c17867,01527,sao paulo,SP
e937151346d1bec664f5b80cd798bdd2,2760aef7bd977a44aabf53f656e92722,53635,igarassu,PE
e94cba4a769c459e51325766ab2ef270,c1b7a862b80f4b3c397d70ec4b1df7c5,13347,indaiatuba,SP
e9722ab28655e07763e0ca2751c61c90,4be873e3bf0455763882101d7eccc78c,89595,salto veloso,SC
e97a76910029690bc1f5b67376c38af5,051bc94e9cd865806bba8eeefb336d0a,18285,cesario lange,SP
e9a5cb5d9783e1fc38e23730ff24c51d,de51ac050e580a6f05fdf0d56fac2cef,87200,cianorte,PR
e9c6723e04c4e53e7e9c3afe383f3866,84717d840af87a7fa12a66a0933ede2a,13720,sao jose do rio pardo,SP
ea26950075411d4c3569a71853ee7388,ded0f90b96bc30dfa105a41bbe658cdf,20511,rio de janeiro,RJ
eb00b6b34bb7da3b9cf13c9ba8d1e136,98373acca5178086924094608b1ddca7,03317,sao paulo,SP
eb534900c64fcbbe53a4158d78c3bbd4,62f838d90fa602253fca5ab51b672179,20270,rio de janeiro,RJ
eb6c184537730dfd01497567b6dd15da,9e706ee24d932f790f22a7ffa70989c4,13201,jundiai,SP
eba930c3950c6964961c7c72f7f6a461,30a38716bb2d04f12bb813aa2f926270,29300,cachoeiro de itapemirim,ES
ebd67b458c0b8b23fa5d869779adc761,8130a5b332a233457aad5d824b9df2cb,32400,ibirite,MG
ebe11def265cd8e747d70c07c5a4547e,0edebfec2b1b8f0871e72dece89a484e,18113,votorantim,SP
ec26ff9b46af83d9c60691c89bf24895,60e6fe581610db699ac03fec61f4d53f,30130,belo horizonte,MG
ec271753df25bad1135a375ed6d7f113,6d0572dd5acc888fae43a2e5789bb990,14702,bebedouro,SP
ec512aec44574fceef73903803b3b382,13c8cbdeb5bbee831faae66bcd11f9ae,85540,mangueirinha,PR
ed0b5e13c101afa092296d346b2dbed4,328eb9bf2f55abdcd28a7632138c5278,04103,sao paulo,SP
ed1793d2d1e4175d5846ce7ebb4a01f5,12f5d6e1cbf93dafd9dcc19095df0b3d,82200,curitiba,PR
ed672ba37544385256cd475cb61a468f,06f118042228904ad8c1f2271e80a3e9,97700,santiago,RS
ed7a6b3de20e5e5593996b3605307300,71b35d5b0fa5a6a266dd6f103680009c,11701,praia grande,SP
ed7ef682569428c1afaf73b39a2f602b,58aa424ba24df5dc745e1a3941abc5a3,08593,itaquaquecetuba,SP
ed8be358abd6a8b37ba8cc9d485e7bbb,f1efc19f85b4823a0bfde8f77f913207,95097,caxias do sul,RS
edbaa972997d3e33faec1e1b6e0b7e43,4cee4a02eb33c498d0ad31ff0e7f32f1,23931,angra dos reis,RJ
edce8c7c09759f2efe2486aff649a7fc,a7bbfaf8a288c45dc38d4693535dd63f,14057,ribeirao preto,SP
ede9a1daf58d256c0d648ef7e1479010,90b68b6163beccc6f471d64de5258367,28613,nova friburgo,RJ
edf0b9f3196ff6f4702be2d540f684d4,171d92af5bf025428dfc2fd869eb8a04,21715,rio de janeiro,RJ
ef21aebbb093a6db29ccc6aa0b89c347,664f7107c351f24b16b68919398730a0,13610,leme,SP
ef6df80448de23799ff246c3c898c8eb,92ebc42647a2339f0ba0c33f84d9bdba,11432,guaruja,SP
efc07f50d0a9346ec00e1c37b5b10748,11a40baf46bd96289d1f0936dae9a256,74015,goiania,GO
efdf4a7c78d7c364046efb69035d1d4f,ef89f6e31311594d74becf9e18c73693,80030,curitiba,PR
efec125e0fd56164c37c9f1e1c804cd7,619b93ec47d01fd1228afef1a980abe3,03181,sao paulo,SP
f01a6bfcc730456317e4081fe0c9940e,e03dbdf5e56c96b106d8115ac336f47f,35502,divinopolis,MG
f0244902c07b7c0799e468218579a925,147375750bdc81b55b75dc08daf84c8a,55022,caruaru,PE
f09f24eded6cdd153f9c3d778168b564,e342ebdde0ad92773298b48def63e714,08190,sao paulo,SP
f0dae1e937bb3c41846089b13dde866e,45c09dd7c031515e6a0ceac3d0fd160c,29280,iconha,ES
f10e5fbd994c96fe6abc21c3303c9a40,6a0ff4c1287f59cf5a07a3852ba6bf7f,09580,sao caetano do sul,SP
f11278c6a8edfe30db8bb9506ecbdff2,1881f0742867dc75d6e0bcc24f866710,98290,condor,RS
f17aac72ebe06a7fbf7f6c923cd82718,c9db46713c0120a12c6abbed0f949993,17052,bauru,SP
f18d013a75e175123bdcf626f02f8212,7c2a1e9b8bdcf8c544175b2e93c70a4e,22290,rio de janeiro,RJ
f2ee282dfaf98e24c28fa41c2a7f28d3,36c609d445f089d31d4f0d39a93db684,55811,carpina,PE
f3e73ca7cd85db9bb9be47fc88d38bc8,e2c8e74f4e59280c388ac4e3ebd90933,28435,tres irmaos,RJ
f3fecb293f31350518ee2ac197202282,a34c42acb1860ba63a4d59e9295ea75a,11662,caraguatatuba,SP
f476fe54d688e5e018ed94d537d7c5fc,910a4a6cbd33eefa52d8b521bbf3661f,04550,sao paulo,SP
f4af9116429bdaa90732a4ad05f1db2c,314b61600e5228a9dfe7623fd25ba846,24435,sao goncalo,RJ
f528cd2e64c47c4d65c1355294c43323,6228bfcc46762217dfb30909688d80be,13250,itatiba,SP
f5389cd0ee02b3476058b95446ebc174,a5afc2fc6cbdb37998250ef5c42eab15,92110,canoas,RS
f54a9f0e6b351c431402b8461ea51999,39382392765b6dc74812866ee5ee92a7,99655,faxinalzinho,RS
f55bb246eecd1cab4ca24d89b196488b,40f4b191d404a10a6039af0b26dd62c7,65393,buriticupu,MA
f6295486d5e27c0de0101b3f1b63b6d1,7d08a8005756c215935d45bcc0e9a760,20250,rio de janeiro,RJ
f6a6ff9806cd24a90d1b1f7463df9d52,f80f8939945e7124d3aa21129986b932,22790,rio de janeiro,RJ
f6d0beda15d742eb9351737ba24ec199,41836ee9834e5c216b28ff121f5d8741,57017,maceio,AL
f71daf549aff62ad50e839ea1086d9a1,522d1f87cd0763c5fe91a7277b41197f,07242,guarulhos,SP
f760b83264231599706a6e4df91fd137,90fda9374b3c767ab5f2ed071d2a69bd,74070,goiania,GO
f78c8b0641299a312f545dd0d783b7ff,d8597267ec0a9fc0eaa100bf063b7b1d,08246,sao paulo,SP
f796cc9e19019673220efa160fe7e610,a357e6da35420f660db00199a9062bb6,71928,brasilia,DF
f7b55e33b283db33596d6be05d796448,dc86b29986d1f8ad458040d2400bf941,71009,brasilia,DF
f84215c0b6b3e126a0287ade8fcb0a91,ac679b68f9307ab0c783357fe16eb0fd,21610,rio de janeiro,RJ
f9186c4eba8c803ac493a2ea4a189fc7,0ef86c70dde0066d9348655fc4e95470,01229,sao paulo,SP
f96128959baa7c240dbfe33c4a2646b8,05138f0e74cada45353482fa3920defd,24808,itaborai,RJ
f9808148a262b51d20e2d777eee6676c,8d36e7e56a9f8044df728e9cbf5a3eaf,30350,belo horizonte,MG
f9e8bac3b69529d543bf179ce64ca6d7,d6779a4b34d196a59ad0d562c5333dfb,03582,sao paulo,SP
fa56d5dbed23c641e19a12b6d7392833,3532616d4171dc2202de2ae9233bb0c5,38400,uberlandia,MG
fb0fe3df796fc48ccdd629d12095b108,dd9e24aaf192ccb06c02cc76f40accb4,06660,itapevi,SP
fbc1bec47970c387d5f4962d518dd268,e03a1bf47d42257f8e8e5e8775696622,06900,embu-guacu,SP
fc253202cb10b4a99ac862321a854858,481c59a1f6bafb63320f101c013e6784,20775,rio de janeiro,RJ
fc30386d1f0ca6d7f48845275ac0cd23,6222ef69df52b4ed71be551725551cc0,82600,curitiba,PR
fc65613a333059225d516c273fbff1c0,d2f38262a9f66d15aa9fc2b60ea873d9,03701,sao paulo,SP
fd5878d884704e7165c352d83b9cadb7,83f7b04d3399b939076a8cc0572b4000,06086,osasco,SP
fd673a07896aec385c5287234605f166,c112276ee020e563234bd46993fddc4b,71070,brasilia,DF
fd997caf29864e0b5e0d328a2d163e3f,4a6959f9a4aca95bb3733032d0a50c9e,20250,rio de janeiro,RJ
fdff81b769f15aac39439e70eb1f72a0,72025949535cc5d91386aabc4fa7ad86,88372,navegantes,SC
fe76f5f82711c01468aceb3b3eb7026a,9e9715e2dea5a3eb18d4e21f7d91a8ee,12248,sao jose dos campos,SP
fe89d4293f6810dcfeffd77a09f0969b,39aa89a6522cd9e2fdc69f5165bde5f5,74935,aparecida de goiania,GO
fea16654c631c5cd6997fc0414c3a201,28b532ed2ae560bc90687b4d466d458b,01424,sao paulo,SP
feb21f4291037a45288a6266d66a0096,7bc7dbe918ad4e7bd68abd2479727ad6,22620,rio de janeiro,RJ
feca0f935fcce79dd42d409d96af9645,4182d20f129b3679e6808317f1e95567,13059,campinas,SP
fee7cf49127308e2b5402c9984b6f1f6,78e1fdf5955b14b03809a8a8accec102,95770,feliz,RS
ff1a56726b7ea149c7423865609cc0c8,fb48b86d9a78b53675c121e4ec8981ed,21220,rio de janeiro,RJ
ff3c6d35b4927c9b965aa6a68dcf56e4,83e7958a94bd7f74a9414d8782f87628,80030,curitiba,PR
ff4dfb2525a749384a0e31d68625443a,72602f19e9db5d1f5245849d55794e52,31720,belo horizonte,MG
ff84d0fa669f79bdc394cadf5d651cf2,4fd1b2e7c09c60c05762f31151d464f8,13236,campo limpo paulista,SP
ffaa23e5ad898d7e2b73cd716dcbc43a,25f287951bd4fd3e2ab42be9b6ad356a,09725,sao bernardo do campo,SP
ffe51ba924ffabbb6e1ec2c92e582851,7b5e2c3263123b70cb9961f8aa7f0388,05527,sao paulo,SP
