order_id,payment_sequential,payment_type,payment_installments,payment_value
001dbc16dc51075e987543d23a0507c7,1,credit_card,1,87.9
00b4a910f64f24dbcac04fe54088a443,1,credit_card,1,2.54
00b4a910f64f24dbcac04fe54088a443,2,voucher,1,48.05
012973f4cb6743d00d7e2644ddc8804c,1,credit_card,1,33.32
016dee69b3de35a39bfccee5309307c3,1,credit_card,1,62.19
01ba72e24cf883d74c5479c0a626c740,1,boleto,1,59.12
01f216b447564f9ea791b521db577ccb,1,credit_card,2,74.49
02190241f7190a1f3c7e0df95a749c6a,1,boleto,1,521.46
021d08e4057e5b6414c8d2f69f4f72a0,1,credit_card,1,66.03
02a0eb7c22b0616c767a45954a2a28f6,1,credit_card,4,144.54
03128233e78ed8ade6738f2043f4cf8d,1,credit_card,1,72.51
032bc75236a1cbaf410bb596a509e774,1,credit_card,1,51.64
032cf17f7a713287e46999fddea6051b,1,credit_card,4,110.92
035ab6fc3b7f9d16f714a337ee63b7be,1,credit_card,1,7.91
035ab6fc3b7f9d16f714a337ee63b7be,2,voucher,1,36.83
03b218d39c422c250f389120c531b61f,1,credit_card,5,58.03
03ffce741877a000ca0fb3520673d4c4,1,credit_card,10,818.12
042e247be09aeae88a74e35766aa03ca,1,credit_card,5,153.32
04bc36cd51141e11c2cbbd188b6e47ca,1,credit_card,1,58.41
052523fd2c735b15cb107afc0a413bc2,1,credit_card,5,56.5
055eb7e5645d86bd278fc4f419622e8d,1,credit_card,3,156.08
0571cdb407bf04b419c94ffd7acbd874,1,boleto,1,22.55
058afe6c6322b4773393a66003934493,1,credit_card,4,245.29
05bfcf9e287cad216cadb8a850f8db5c,1,credit_card,8,534.98
05c7d88e9c05e1fa1428f1ff2dcc29da,1,credit_card,4,144.94
05ca3bba2e4c3bc5c601b57af96cf3cf,1,boleto,1,84.99
05cd156f0f47579a36d7a52724fc31b8,1,credit_card,1,25.51
062f0992a050330334749ffa530fa796,1,credit_card,2,147.99
063b573b88fc80e516aba87df524f809,1,credit_card,1,87.53
0675116b5556a78cf0413f70aa9f235e,1,credit_card,4,91.85
06d7e8a85f5cfef576c5303ed7d7f2e5,1,credit_card,7,72.02
06dec2690e0cd75d327646a81fdba74d,1,credit_card,3,327.9
06f5f6139b33f53defc64643f1252d53,1,credit_card,6,60.46
07d13d352c85dfbfa60dc56dea818335,1,boleto,1,32.62
08432abcf785878edf1221a0611960ea,1,boleto,1,47.18
0891b66cbcc48cf64f31ae9cae3d08d8,1,credit_card,10,317.9
08d7ec7381dc51d41a0e4d86314b7a98,1,credit_card,10,719.76
08e617c0a81895c4d5f6ab1e4a20fad0,1,boleto,1,137.96
08edff712f0cd04883215bdb5b0d7c7f,1,credit_card,1,82.08
091ac0791556275533697b36e2b00ff4,1,credit_card,1,166.29
0927a4ea2d6af04c6e8a1aecd4f9951d,1,credit_card,2,146.01
09b38400b1601bc9dea9de02c710857f,1,boleto,1,60.42
09d557bf440b6c3b40cacfbb24fd5e28,1,credit_card,7,159.18
09dd83f72b2516179cd46b81121fad23,1,boleto,1,79.99
09f58c00f941827ab206de7796785e44,1,boleto,1,17.62
0a0837a5eee9e7a9ce2b1fa831944d27,1,debit_card,1,65.5
0a1ad2c293c3baacc6b2c2d442c71acd,1,credit_card,4,44.42
0a2d541ba7c40984543d72b5eb0abcba,1,boleto,1,49.72
0a5d7e24850c68bf00d39bd62a9a45ee,1,credit_card,1,80.25
0aaf52291c13507e7fe4f565f079ad9a,1,credit_card,1,0.96
0aaf52291c13507e7fe4f565f079ad9a,2,voucher,1,62.6
0b1e73fa546894ad7310916b480de067,1,credit_card,6,419.06
0b6d11d4a289a1574e8888f2558dd548,1,credit_card,1,75.53
0bda8164c1a12b6a388ebec8559ee287,1,boleto,1,15.62
0c1f5fca68708d9a22f8a9fe30b5c588,1,credit_card,1,133.09
0c22166d9f7e5761e397affa5af438c7,1,credit_card,4,116.89
0c3a7b14aa5e70ef5991122f6bb552de,1,credit_card,10,154.66
0c5d85fbd4b20a1d9d5fc6a29e739f36,1,credit_card,1,50.8
0c7fc95baa5e16992ed412ccea7f28b3,1,boleto,1,113.17
0c8675dc2e52ab52977a76d810e45303,1,credit_card,1,107.9
0c995611a99f81268d859184a416f1db,1,credit_card,6,128.2
0ca768c507d1fc3c61bd950bb1c5231a,1,credit_card,1,112.52
0cafd6a7576a6aae0f891008a87f1546,1,credit_card,1,10.9
0cafd6a7576a6aae0f891008a87f1546,2,voucher,1,31.12
0cb316841c24af560f6af0e3fb36137a,1,credit_card,7,343.88
0d9664d8da1dc4337269071b39e19423,1,credit_card,2,267.49
0daff24b7abb3accd3e2638a0d5be0a0,1,credit_card,10,115.71
0dbfda5b69f9f25250969962f70929e9,1,credit_card,8,190.28
0e556f5eafbf3eb399290101b183b10e,1,credit_card,5,81.9
0e660617f70b9a3f6bfd3919b49450ab,1,credit_card,10,107.27
0eaa4845a6182d6b72de720fb976abd4,1,credit_card,1,367.56
0ec04706b50b8bc69a14dff0d6a26f13,1,credit_card,10,536.0
0ec61157a488963fe217233f74c52760,1,credit_card,1,45.01
0ed46f17da8a1c3bd0ed5fdfc50decc4,1,credit_card,8,82.19
0efd0bc268d34da3f01f4ff25a6d4335,1,credit_card,3,64.4
0f3827e8b786c3d934c0863c1690603d,1,credit_card,1,117.34
0f475d7e08b52d8abf7e8c6141286c27,1,credit_card,1,24.82
0f91be4a9bf9ffd2c1ace53b9e5dd9e2,1,boleto,1,485.38
0fd3cee523a106ac501c4cf18f56a4de,1,credit_card,1,96.66
10221b5ef57cb66fe37a3b1e594918d1,1,credit_card,4,229.65
102b790156f60813474ed025355a59d5,1,credit_card,1,96.54
1069874467b6a425853288c450f68fc9,1,credit_card,4,40.95
10ac3b593f06e0dd6b38a53821c1d497,1,credit_card,5,186.0
10b6352081cd9c4b594e4be0c491ee62,1,credit_card,2,103.46
10bce195e3966122a3dd0e2aa676f761,1,credit_card,2,120.74
10d1e90a86d2be981a52b6a927c97dc5,1,credit_card,2,467.2
11837ac14fcdfb163c0b78d91be89498,1,credit_card,5,55.95
119d2d80c921d5b4806a1b19b4e8c531,1,credit_card,3,265.95
11a6ea18f3646c6e6dcbadbd0207b35d,1,credit_card,10,135.3
123e27a1a4d0b2481d8618ac3dff7d4e,1,credit_card,10,221.84
126da462f642d99483c0691ac474c783,1,credit_card,1,64.51
126da462f642d99483c0691ac474c783,2,voucher,1,83.39
12af24617f25e0c8cd411544f704f2f7,1,credit_card,6,64.22
12ca240539e7029e0328f0a410c12ad1,1,credit_card,10,297.91
1306d7999cdd320272eeea20f5768b77,1,credit_card,1,41.68
138630e7e14855ce216a9db0cdabbe06,1,credit_card,1,145.01
13a4e0efe42392b2ee22601883f47d24,1,boleto,1,303.42
13f68da1f137146006b4c0c34b6824e8,1,credit_card,10,741.18
142c8688b5b13e21ac5a448a1688b9d7,1,credit_card,12,327.5
143f8e1be12f4d99301cec6f0d7a3834,1,credit_card,1,70.93
1460b7b8fd63551dc68bfdffdc31edec,1,credit_card,4,103.91
146bfe4003096bc16316672e59c6fb2e,1,credit_card,1,65.89
1489856fc5e3169af6b06edbc1aeb1b1,1,credit_card,8,387.9
14b01335f19b97fce1437168032ae388,1,credit_card,3,162.39
157ec3dc3f38cdbd2706bd216edfe8fb,1,credit_card,1,175.28
15b1aceab346b46189a6eea3b6f4b951,1,credit_card,6,357.74
1612081119e8f23745698ad3367cc14b,1,credit_card,5,117.48
164bcbb466afa4e7b9eec1760f0d7096,1,credit_card,1,86.02
16976f8e43d0c9ee6079e3ed9eaa4fed,1,credit_card,4,62.7
16fe5fdb7f5aa0c9e841387dfec29821,1,credit_card,10,195.7
171398a0cd843c65ac78aee9e05a1f49,1,credit_card,5,378.61
17f70d10c2acd50864b5dae4885894b5,1,credit_card,3,45.49
17fed53ba6dfef9b594ee2268642e2aa,1,boleto,1,18.62
18dad78c0f87f4c45ef196daeaa3ffbb,1,credit_card,1,58.41
19512a70f62306416782f963d55c8b26,1,credit_card,7,782.34
195416246665b8268100ef5fde9722b4,1,credit_card,1,150.89
1962f977f7b7b5eb73a3c2c39bbc93b5,1,boleto,1,32.62
1970f2fb4b83ff962a75b064abc37f4c,1,boleto,1,653.39
19feb5627c41ea1b36a8e50a469b3644,1,credit_card,9,212.32
1a2b0033f0b7a3116f00594ec5524344,1,credit_card,3,87.57
1a47da1d66c70489c8e35fe2b5433ab7,1,credit_card,5,270.75
1a4bf675df415785d3d9b3f3521988a7,1,credit_card,1,87.9
1add1aa4c6e709fd74a4eb691a9fc6bc,1,credit_card,1,74.15
1aecadf4362edaca7fa033e882076c8d,1,credit_card,3,50.74
1b122a7be89622f672bb41380a83b69f,1,credit_card,6,86.92
1b2d622f7ebb8e65f7de3e389f052540,1,credit_card,4,51.93
1b3d11cf9f92c0f7baf627ab059621f8,1,credit_card,1,16.71
1b3d11cf9f92c0f7baf627ab059621f8,2,voucher,1,200.0
1b3d11cf9f92c0f7baf627ab059621f8,3,voucher,1,200.0
1b3d11cf9f92c0f7baf627ab059621f8,4,voucher,1,200.0
1b3d11cf9f92c0f7baf627ab059621f8,5,voucher,1,50.0
1b694ef5b28d3e949a4f0ffeb2c9fcd6,1,boleto,1,18.62
1bf6db71e147c950fe9925e0be89ec4b,1,credit_card,8,82.88
1bfa3dbef549cf9ba5c5661ef1b63168,1,credit_card,3,419.06
1c47e7875c7c3bd3399467e179c5c3bf,1,boleto,1,239.64
1c4cafd25254eee31c8c9b8c141fb10a,1,credit_card,4,671.31
1c4deb98d216d2fda120204a5fcfb57d,1,credit_card,1,66.68
1cb796218c383fc54a6a4541420201d8,1,credit_card,1,139.27
1d4744e42dc6d786bbc9512601f7e49c,1,credit_card,2,77.98
1d5182e38de4f122947727324f2870be,1,boleto,1,115.29
1dd1d53c1ea5df0ef093bf150807315f,1,boleto,1,87.53
1df257323bb550a9b9bb150345c42e45,1,boleto,1,36.99
1e6025fd19451c74352d0bbf6a218bf6,1,credit_card,3,367.99
1e6377b497624e8fa908ee4a87e3687d,1,boleto,1,71.8
1e69dcdcbc094d39d6ba64248af906fb,1,credit_card,3,186.49
1e8c2b738fde51956f03f1a59bc86003,1,credit_card,4,246.09
1ebeec1bb9ce388ee2e00d401058ca8b,1,boleto,1,55.6
1ef09d75953043a71a73428e15bc2f5c,1,boleto,1,176.75
1f59665af8c7408a7c633f9541644854,1,credit_card,10,152.09
1f5d62970c5b3cfedc1b2a8d15ffe40d,1,credit_card,1,127.5
1f66f9bfd244a5383aeb00a84ad12a66,1,credit_card,6,68.39
1ff217aa612f6cd7c4255c9bfe931c8b,1,credit_card,2,44.23
200f4d883fcc701355e46b8c6035743f,1,boleto,1,169.4
205d7052a6505124d200f6fea6b423bc,1,boleto,1,18.62
20960ecf3d6ac0b19f3818f15c8e3fc5,1,credit_card,5,58.64
20de77e28f73070461781b0eb6228f6f,1,credit_card,1,32.62
2195712688ef03e20c8053de61c82493,1,credit_card,2,187.49
21aa5570514b188b031255172b1e04bd,1,credit_card,1,42.52
22266e2f8d8084cd2b5d8488164d043a,1,credit_card,2,50.02
22474d84064cd7eb4a907ba3fd8a6398,1,credit_card,4,296.78
22613579f7d11cc59c4347526fc3c79e,1,credit_card,10,398.12
2276cb38c742033aac3f4a4d67b57ab3,1,credit_card,3,105.39
22aa0b4e8c7855fd8d534a7692579a36,1,credit_card,10,751.05
22c2b8497506479028918303045751dd,1,voucher,1,21.45
230c830e0ace11bcabaf63deebbee836,1,credit_card,1,44.95
2363f4be725c1746c141cfe7e8432910,1,credit_card,3,154.29
23ad1ae9db6999293449603e1a247803,1,credit_card,5,151.49
24040647efd179bd506acacbbbabd838,1,boleto,1,137.5
2410734c3fc6d36010cf6b1b36c2974d,1,credit_card,3,157.0
24523db64c1af3f40f27cb4416fa5ea6,1,credit_card,3,147.08
2457f30493cdc677ad02b57dd6d17285,1,credit_card,2,200.45
24e1c731364b64c76d98e985bfdbef77,1,credit_card,10,175.85
250d181fa1c603024562b93a8f8d5fe0,1,credit_card,4,303.72
2511cdf205337513507a1863f0098d39,1,voucher,1,107.58
255d951095fc26f86cc7a08b822b714a,1,credit_card,7,782.74
25f680bf746bec3df11d48318ff015de,1,voucher,1,43.43
25f680bf746bec3df11d48318ff015de,2,voucher,1,12.19
262118ce178bb3e4590a3adcf6d62e6b,1,credit_card,5,126.12
2631dba338efbcea9c3ace77ce210c01,1,credit_card,1,594.46
26c18b7ca7a6a870496dafd3633b3412,1,credit_card,1,97.2
26fb6c984069988017b2d12b79849865,1,credit_card,2,33.36
270d816a580cef9525ac73d6c4b87255,1,boleto,1,338.46
27c7c6aa7b6f3de99d2a3a64674d296f,1,credit_card,5,123.2
281a4e1ef3ab9d256027ddd2db90c762,1,credit_card,8,467.99
2825848807f070485f0f0ef3829758f4,1,credit_card,2,22.86
2867faaa7a912bbc2bf8d8e40d7a0354,1,credit_card,1,138.35
28f5847427849401fb017537fd20da41,1,credit_card,4,41.93
29d99fdabd0cb6b4e9d82f2f38c04a5a,1,credit_card,3,113.86
2a3d1cc4337b1cc9157560f6b1ca5802,1,credit_card,4,41.7
2a3d67c0d2045bf67abb3d8f320ac29f,1,credit_card,6,93.84
2b98d5c9b1969095e65f74308ae2e861,1,credit_card,6,195.53
2bcf5ca88957e31faab027f2325cfd63,1,boleto,1,59.96
2c45c33d2f9cb8ff8b1c86cc28c11c30,1,credit_card,3,153.51
2c4ada2e75c2ad41dd93cebb5df5f023,1,credit_card,1,209.06
2ce9683175cdab7d1c95bcbb3e36f478,1,boleto,1,73.04
2d9e3c3c7f0f3ba8a8fa3db2f1211ceb,1,credit_card,5,676.92
2e22dc2fce65e5b9d73a11d717f41724,1,credit_card,3,81.63
2e2e88c4bb691287b71a9e1ee8a193a4,1,credit_card,5,399.72
2e32dea8a4d1ae5499a67674b387bc6a,1,credit_card,1,51.94
2e7a8482f6fb09756ca50c10d7bfc047,1,credit_card,1,136.23
2e84d66424ec0ddb081078d1411fb1db,1,boleto,1,76.66
2e8e21db96a8ab922e51cd297678c6b2,1,credit_card,1,87.29
2f371d97b4ea52be4c04ef49bb4f31ff,1,credit_card,4,346.38
2f9d4ee8ca77fe0951ebfe9064cad953,1,credit_card,10,105.19
2f9d791088532b218b41f892cc16073b,1,boleto,1,18.62
2fbb05b3ee700e1897b9fa501e416005,1,credit_card,3,80.94
2fd1c83dd4714cf3cf796fffb6c8de62,1,credit_card,7,192.19
3005c05dbcb19ff903a28b5d654bb1cf,1,credit_card,1,71.71
3027797ce35841bf74917c0b0ea1a38d,1,credit_card,2,176.23
314c025c229f30a1b32658c7555269b8,1,credit_card,1,77.06
315da0cfbc485bb00c12a581077cf7b2,1,credit_card,5,81.09
319ccdc182a8c5d60b228310a6432460,1,credit_card,10,709.93
31b0dd6152d2e471443debf037ae171d,1,credit_card,1,60.7
31b0dd6152d2e471443debf037ae171d,2,credit_card,1,10.5
32339685fefe9062d33175a4bc12d555,1,credit_card,1,43.86
323dad8c483c7f8b818a825d257f4aa0,1,credit_card,1,38.62
329465dad46fffab333860e92e7ac984,1,credit_card,3,224.98
330a8410950e2c8bd89631999a37b2c9,1,credit_card,12,147.55
3312588178a16638759fca54495ef50d,1,credit_card,10,628.35
3379d980824f0aa5dab057f2530759bb,1,boleto,1,87.9
338cd98c972c8d9b015759974ca7446c,1,boleto,1,64.42
33ef079ec39c1b46e6e552e038e67c5b,1,credit_card,6,62.65
340be9cc41d50a5233f4849d93d8d2f1,1,credit_card,1,29.43
3440f090efa1949bc4e9ebd0b89b2b6c,1,boleto,1,69.45
3498a243e9fe88c9c4ce97bf7fa4617c,1,credit_card,1,28.64
34ac523be174284d7b9df8e47bce2040,1,credit_card,2,108.12
34bf4feda1e203af64692d97c6950c39,1,boleto,1,19.62
34c718970b33419ed6d537a90366231b,1,credit_card,6,134.8
35444785eacb17aeda6810ebd8dd188e,1,voucher,1,67.96
354a5b90cf468691c4b06debfd2c8115,1,credit_card,3,87.99
3568894fa3afedc367d3a4816983dceb,1,boleto,1,339.53
356b492aba2d1a7da886e54e0b6212b7,1,credit_card,4,267.49
35b8e54d765e6b217e2dc5ab34f6b323,1,boleto,1,218.87
35d3a51724a47ef1d0b89911e39cc4ff,1,boleto,1,62.33
35d8c6d5e060ad24271ffda186312ef8,1,credit_card,3,192.56
3630513f30286ed696e4a2e36c79ae3c,1,credit_card,5,105.74
36989eb07a0de2d3d3129eea35553875,1,credit_card,10,101.44
36aa7a4fce4353a2a7f6d2aa9448900f,1,boleto,1,36.04
376cc9a8f827d17966ea7c4b182f4426,1,credit_card,1,71.21
37d24e9a88068283d102aebd4f765133,1,credit_card,5,107.27
389815397a4bcdf3dcf64b90c25b3140,1,credit_card,4,45.49
38bcb524e1c38c2c1b60600a80fc8999,1,boleto,1,11.62
38c5c2886f2aab75bb1ae3f79a3f300d,1,credit_card,3,64.48
38e2829123a2bd1cbe111564824d0abb,1,credit_card,4,239.64
38eb881851d90ec36b46d10b81792089,1,credit_card,7,72.18
3937ff0dcfc2d3e0ccf73d9b6521611a,1,credit_card,9,96.65
399775d0638168dfd529422f995fcc41,1,boleto,1,259.99
39d0be719247e3b3a38846ba810197ea,1,credit_card,1,121.01
3a1756d7060a993e85f1614b43da0c03,1,credit_card,3,215.76
3a6cac3e6717e6a7ee4cb28aaa149a91,1,credit_card,3,219.89
3aa0a75931f649d9e3e83aaa9d6a95e7,1,credit_card,1,268.53
3aa779fc4b813797c16ac4f02fe808ec,1,credit_card,1,149.62
3aa9ae345c5bf7396e8b237717c470cf,1,credit_card,1,150.22
3ab4eea6776259ae8dfbabaeffece352,1,credit_card,8,387.8
3ac963599c50b9beedbcebb47eb33af9,1,credit_card,2,123.04
3b2ca3293a7ce539ea2379d704fa37ce,1,credit_card,5,184.87
3b64ff25a4610fb5599e4fd09f907501,1,voucher,1,162.1
3b697a20d9e427646d92567910af6d57,1,boleto,1,45.46
3bcf5ba4eec8b84af7663e2e261957cc,1,credit_card,3,39.11
3bd5b53dee9d54938f56208bcc03d855,1,boleto,1,66.7
3be9883ba4ef261dc194228abc739d0c,1,credit_card,1,41.32
3c116d50bb76160ee1d7a2e8f5791427,1,debit_card,1,54.42
3c3ca08854ca922fe8e9cedfd6841c8a,1,credit_card,3,45.96
3c4f38e27c5f6f27be39c8a2932c43e1,1,credit_card,7,370.72
3c54678edd9d58abadd6af16d0bce506,1,credit_card,1,53.46
3c6f2c25e0bc1279d17395ec365ea14c,1,boleto,1,60.95
3ce4038922670fead496aeae61a8a393,1,boleto,1,19.62
3d58fd1ee438a43f2a826dda6b013519,1,credit_card,3,61.06
3d668965eb89ea475911ce3364f73b07,1,boleto,1,100.64
3d7d60b10ba4b43cf6f6d5df2e933f67,1,voucher,1,3.02
3d7d60b10ba4b43cf6f6d5df2e933f67,2,voucher,1,3.47
3d7d60b10ba4b43cf6f6d5df2e933f67,3,voucher,1,21.37
3d7e8f32f5b59e005ccfc1076b4040b5,1,boleto,1,85.08
3e9334d33c1e64167920675211fb1aee,1,credit_card,1,65.11
3eceaafe1639eb6b25f3cd604891c218,1,credit_card,1,45.52
3f72d2b757e725cd48a4726f831c7789,1,credit_card,10,267.49
3f913d30288c117e41ffe5cc74743dc9,1,voucher,1,50.63
3f913d30288c117e41ffe5cc74743dc9,2,voucher,1,47.92
3ff04db80f0b2c359e8e47fdb913d826,1,credit_card,10,691.0
4047217c6029782c1996e3cec14ef005,1,credit_card,4,196.32
40599d3d28b75746952ded75566637b9,1,boleto,1,20.62
4079df924e51e553825e62f9f8995d59,1,credit_card,8,239.9
4152a677b7acfa7fdab8dc8e1dd436eb,1,credit_card,1,216.15
4269e9f98b1e74f0732bc93de6aaca6f,1,credit_card,8,331.21
42c5091238dc63339c79f5f35f8a5a6b,1,credit_card,6,338.68
43a5d40681ed4ffe2ed88d6fb2639545,1,credit_card,3,81.78
43d29c6fc78c31c80080d85e5260a9fb,1,boleto,1,19.62
43f8e020752c67130ddf027e0297291a,1,credit_card,10,102.69
4418075144d646b6ecb7228571cec59e,1,credit_card,8,109.9
4421f094ff828b78aba6d18db005821d,1,credit_card,4,89.08
444ba35537c4a2b24c3bf2e576ee98ac,1,boleto,1,140.91
44ed09232a24ad29cf2457b2780e806b,1,credit_card,10,273.62
452b706af12e25e6c8c740b4dc493ab0,1,credit_card,4,84.59
4551b488487e6cfa31f9e35073d3c5d4,1,credit_card,4,104.6
45973912e490866800c0aea8f63099c8,1,credit_card,10,401.3
45bff70fb7b99a5a33bc8ccb3786e170,1,credit_card,2,76.47
45ec58d30f2023e4dac16d956a657ddd,1,boleto,1,87.51
46046adea0e222a29259bad3d922fee8,1,credit_card,7,214.98
46081612169925ef8882b3bbf1c5011d,1,credit_card,2,146.93
464de32dc84484c1d26df3e8e38e708b,1,boleto,1,15.62
46936461f0c4e3c80b9289ce5fc1682a,1,credit_card,1,150.89
469f0b908881368c45917f1bed8240ce,1,credit_card,9,95.17
46e61fd85afa09032021c9b0b507b693,1,credit_card,1,23.96
46f05e5ae3a2b822e2f4148d99f69ca4,1,boleto,1,125.82
4723d255a158f5b6c5a872264e3529c5,1,credit_card,4,68.72
47378b461210a310c95e17323f7dd726,1,boleto,1,144.14
4799c38fa3f9263d65b42c5f923538c6,1,credit_card,1,181.84
481f2db41ea6571226192db2b584fa6e,1,credit_card,2,45.49
48ae7afdc684e9aff52a26bb84bce016,1,credit_card,5,60.55
48c43415ea1c4af9afa92542183b6e55,1,voucher,1,11.87
48c43415ea1c4af9afa92542183b6e55,2,voucher,1,21.65
49268496ecf8148bd16540c2a23c6c70,1,credit_card,2,147.21
494c2e94dcd29167f5fe359a45aa879d,1,credit_card,3,237.09
49c89a2aba7f8f079681f6967d846465,1,boleto,1,39.95
4a571f5e71e16ce232386c80d485db65,1,credit_card,1,49.72
4a65f44b9d88b8af9f97037e89366abe,1,credit_card,6,309.54
4ac9d969022c4a7ba509b39bb0f3d36c,1,credit_card,1,42.1
4b038a7f8dfc36755eca741381e379e3,1,credit_card,5,155.2
4b7c1bc59d4ec725d8530c19ec09b06f,1,boleto,1,114.77
4baa3882a6f5d47e5ac98cd10c942c4f,1,boleto,1,231.42
4ccd8da82485c892ae90284af589153a,1,credit_card,1,123.06
4ceb9336411700f9568db2ef11bda594,1,credit_card,4,218.08
4d1f73fde643f7a1d08d400816850265,1,credit_card,10,102.15
4d2c3fb1909604d5f9474e4675971ef2,1,credit_card,2,117.96
4d66b3a9d12facad48a3b23cc9fe7898,1,credit_card,1,107.41
4d7a365119241cbd17c7afb5b39bb9a0,1,credit_card,10,327.9
4d9aeb0219e736ad9dd72af9f25b3f88,1,credit_card,1,50.86
4dd47e84e6b8ff4a63d0b8425e6d788e,1,credit_card,2,313.58
4deb2316dadf42f0daa6b8965d384ba8,1,credit_card,5,157.8
4e36d0170c671378f49f701a810360ae,1,credit_card,10,389.43
4eca6c2d172953276c75dd0e1bedce25,1,credit_card,2,74.83
4ed01120b6d2cbb2a2fe37897f9611f4,1,credit_card,7,399.99
4fb7f38042d214ada4d81cc23d228cc8,1,boleto,1,74.74
4fe2e8b329e56a00aba9b0136b46f00f,1,credit_card,8,82.97
50013835d7b14aefb452825864d3e414,1,credit_card,2,74.76
500e2838d85214e92e2c15b2fd5303b7,1,credit_card,1,60.0
509a52223ecac6d67fb765b3b37c6974,1,credit_card,2,65.7
50f357099566f1be7abfaf8d9dc5b004,1,credit_card,1,51.8
51725d3e4bdfc97e28b40543310da8a3,1,credit_card,7,149.54
517e0a52c193102990befc46a5c5245a,1,credit_card,7,91.16
51b79a492b5e53504ce70340ce111374,1,boleto,1,64.46
51ceba3ba51d4b4543e7f78e181e0ba9,1,credit_card,1,104.3
5204d67853f827d1ee32810bf8f2d6c2,1,credit_card,3,86.59
5204d67853f827d1ee32810bf8f2d6c2,2,voucher,1,74.65
5226f1a731e8a1215da5e1bea64e2130,1,boleto,1,113.32
529c56bdb881d790cc51c6eea4f7b004,1,credit_card,1,162.9
53cd36155a7bf507095985b2f26368a5,1,credit_card,1,30.86
5497655681652e7e1306139bb5d04a14,1,credit_card,1,44.42
54bb06e1ca86bd99ee2a8d6288bf4ede,1,credit_card,1,90.23
54d744a4410b1edccc36c6d1f1c7e097,1,credit_card,9,146.01
55090b3dd39aed5a2019b57cce6b174d,1,boleto,1,125.09
552e0a8dae101e32155120202f427b71,1,credit_card,4,459.14
555761ab2426364f42e9e018047df4e0,1,credit_card,2,113.17
5582d9b46edf97ccc2f3b993c39ace3e,1,boleto,1,33.95
55b2e390d5d80ada31ad1b795ebeb087,1,credit_card,6,131.4
566f53fc7d36fa366f7e221468121877,1,boleto,1,85.6
56a726fa0f40d3678696e62aaed9690d,1,credit_card,1,27.81
56a726fa0f40d3678696e62aaed9690d,2,voucher,1,33.05
56eb381fff8db8d35134693062514084,1,boleto,1,112.78
56ef80c564f6fd57cc662adee0379746,1,credit_card,4,49.42
57c0b0276ce0eaf721a4424bf077ce8b,1,credit_card,2,260.7
587a39d6ab7297ee16b3d5ebdaa0f776,1,credit_card,4,180.81
588454faf6ae4ce8b0f387e19b7115a2,1,boleto,1,88.29
5897449bce69856d88610b3c0f4f63b5,1,boleto,1,199.36
58c851c107a9a3e21e03a9e2a1951d12,1,credit_card,4,374.28
5933483834803a0e8e9fcd26cdb3774d,1,credit_card,7,101.92
594bad57a253656f86d8282c5365be89,1,boleto,1,192.9
5965b589a33443dd1f820eb7df39762a,1,boleto,1,19.62
59db0cf65fd439e6e76ec105e3aa421c,1,credit_card,1,42.9
59e7ca596664da0a459a145eb95cc9c5,1,credit_card,10,342.69
59f26737bbeea8142a7e982cfce13e7a,1,credit_card,4,194.85
59fa27082bb77c5dbd8a6568f3b34380,1,credit_card,1,144.94
5a1b8ce8aee70bd3445109304936c826,1,credit_card,3,305.44
5a37429384be05ca14780e4989543688,1,credit_card,1,20.58
5a37429384be05ca14780e4989543688,2,voucher,1,54.01
5a4cc097e0e591ab3f150524b83d81af,1,credit_card,1,135.85
5a7ae4ca802c14fdff19558a4fee8727,1,boleto,1,182.65
5b1376fe61863fe3508011db309e35fe,1,boleto,1,177.28
5bda3e4d7080c484cd646a53165a7892,1,credit_card,1,165.68
5bda3e4d7080c484cd646a53165a7892,2,voucher,1,250.0
5c5177333fb1fce1f4bb65868988f204,1,credit_card,1,81.57
5c5c9fde60ffb741545cf2608e8c12ca,1,credit_card,10,613.78
5c973d2b4652e1dec15353b59339f3b4,1,credit_card,10,363.51
5cb8558cbb7c0c2f00f43468579d3e3c,1,boleto,1,40.15
5cc475c7c03290048eb2e742cd64cb5e,1,boleto,1,82.69
5cd498954e2b37d71b315166809b4bd7,1,boleto,1,181.59
5d36e8ca3ccd1262b7641467fdba0b8e,1,credit_card,1,102.9
5d5b8c94e2bc6b963da5af8a4b02bf08,1,boleto,1,80.55
5d6e9993ecc20a59e637ce711858d081,1,boleto,1,44.02
5d97051b2fbe2d850d8c195e054735b4,1,credit_card,1,83.0
5da2004d85f2828349d887c989da2adc,1,boleto,1,34.42
5dc269b7c4dce1624653e914a1b739f5,1,credit_card,2,88.23
5dccad03ac8016afdcdb7cc0227ec9d7,1,credit_card,1,81.54
5de59551c282b892ae9ff238fd557145,1,credit_card,1,43.86
5f4c8250b9e6ee47971e0b19da4aa0f2,1,credit_card,10,783.22
5f834cc4ee109c58dff88c60b8ba5ecf,1,credit_card,1,96.23
5fe46d14177744ae2180101ce19bb414,1,credit_card,2,41.18
5ffbbd67f14392efe8fd533d38cd1338,1,credit_card,4,226.98
60762802b48bb6d256d55b013d115013,1,credit_card,2,263.93
60856ac7677a70cd87ad25d9b34d051b,1,credit_card,1,25.96
60e2fe3a23e71c24f3ab0f648ebd6a8f,1,credit_card,2,106.52
616b813dbea8acc9de0ca0380cd89b83,1,credit_card,4,45.45
616f1f539d7add607844e0199fed7ea6,1,credit_card,1,61.42
620b0acb9258b51defbc51804c5298d5,1,credit_card,10,451.44
6219ece1f053a3ffa649340e87cd93d2,1,credit_card,3,370.68
62246c16a32a0866943f17d7b42db940,1,credit_card,6,69.35
62260701eb6b51252ed47c4967b1a48d,1,credit_card,1,19.71
6248b0a9b547366913fb67922a7a2b77,1,credit_card,1,124.84
625b3ac41fea45dbd5aaa02d0941ee59,1,credit_card,3,114.77
632ba34265b5449d1f742d24cacf1208,1,credit_card,8,267.27
6335afd8e6b7eb0ebc8bb71ea0008f6f,1,credit_card,10,971.96
63638a6806d67773f3adba8534553fff,1,voucher,1,15.1
63638a6806d67773f3adba8534553fff,2,voucher,1,11.99
63638a6806d67773f3adba8534553fff,3,voucher,1,9.02
63638a6806d67773f3adba8534553fff,4,voucher,1,10.56
63638a6806d67773f3adba8534553fff,5,voucher,1,34.19
63638a6806d67773f3adba8534553fff,6,voucher,1,5.28
63638a6806d67773f3adba8534553fff,7,voucher,1,0.74
63f4ff5d2266b242ba0ce7c3ad390029,1,credit_card,3,50.96
640aef9709beda161ca0b5af58ac437c,1,boleto,1,286.55
64410a4fbf4904d3f9445bf58e9491b5,1,credit_card,1,56.03
6460e331ee8f69c01f1423cca48d9991,1,boleto,1,20.11
64ba433f9d86e1df4e9cb86b1a3884d1,1,credit_card,5,53.28
64cad05fe3f34277719621c70f416ad2,1,credit_card,6,317.37
64f5569ef96004a1e1137bdf28fd4c45,1,credit_card,3,69.63
65d1e226dfaeb8cdc42f665422522d14,1,credit_card,1,35.61
65fd2f07bc74b8df1728cc3ee9e19ebb,1,credit_card,1,239.64
660c604f50fc9edcf854689682d1560e,1,credit_card,3,161.65
660e589af9553d75506968867c922d91,1,credit_card,1,368.69
668ee4108169a1d58c55b20ddc3fa3c9,1,credit_card,10,118.03
66f1a7baf73c12eb3af95058da54b6f8,1,credit_card,4,49.01
66f5111aa3f376fd7dfa577aa7c57515,1,credit_card,8,117.0
67418605ab8f9414a2e238bbcdde1312,1,credit_card,1,139.89
6744d76b253e71e06a89867248227b9c,1,credit_card,6,84.81
676157c2d1075c88ea0009f8d7d2d389,1,credit_card,6,76.6
6789a1de9a37be580653e51fc6458776,1,credit_card,3,75.06
678b28f078641e74d50be86b4ecaec7e,1,credit_card,2,56.05
67adba02e0955286954975ea56f9d17f,1,credit_card,9,98.83
67d0c933fefa1c4ff65e800b8c8bf804,1,credit_card,1,55.04
67e2b3a30d665abe59b95f2d60676138,1,credit_card,1,144.91
6acecf438369055d9243e121045cca74,1,boleto,1,18.62
6ad644c08b98d152d28f183097633d41,1,credit_card,3,60.86
6b3ee7697a02619a0ace2b3f0aa46bde,1,credit_card,1,65.77
6b5e619dedba6d4297fb10dd5886912f,1,credit_card,10,207.22
6b686186d43eaa21c407ecf34ebb9ee6,1,voucher,1,222.55
6bc6b07e448bae52d248c4df401d6157,1,credit_card,1,51.64
6c273b11e7a7b4b410ea29fac9769fac,1,credit_card,2,26.76
6c6e590c8ce02ecc30bef8bd3b34d82f,1,credit_card,3,147.99
6c7481b5566c6a3821a91a05b0f9f7c8,1,credit_card,3,74.49
6c82197bc099415d9919ccb609a9c072,1,credit_card,4,202.71
6ca2b1dbcac1751cab45df5faa1b892e,1,credit_card,1,22.72
6cf5d7a6b6eb9cad292da0b65d6c010e,1,credit_card,7,73.61
6d234dea658ce0c00f91e931cb11f93c,1,boleto,1,64.46
6e0d2539e48e84296bae6290de41058c,1,credit_card,6,982.41
6e4a67f3a94e46e6cc5af48093d14127,1,credit_card,4,167.1
6e5fe7366a2e1bfbf3257dba0af1267f,1,credit_card,10,406.92
6eb51c1c9c69f78ea9fd4665fb98b7d2,1,credit_card,2,74.76
6ece326e25f193d084e3dc092bbdd93b,1,credit_card,2,85.82
6ed4f19dc97f2a4b5d0f15651247dbca,1,credit_card,1,98.31
6ef172eee30cfbfa01516ce2eb2ee68f,1,boleto,1,29.86
6f275c944d1814eca6bfbb2bcfa3b0ea,1,boleto,1,242.24
6f334a2e1303fe798ae16f4c33269e82,1,credit_card,5,107.57
6f748695717d537b882406da58acefec,1,credit_card,3,366.26
6f7626222f2b324b580e36eb22d8bb8e,1,boleto,1,182.89
6ff09113fd48861d786d40583b7f2aa3,1,credit_card,9,689.87
7002a78c79c519ac54022d4f8a65e6e8,1,boleto,1,60.42
7004296aa0256632eaddc171edaf727f,1,boleto,1,19.62
7033745709b7cf1bac7d2533663592de,1,credit_card,4,111.51
7090c88db4158f89d839c794cdd73272,1,boleto,1,82.9
70d0dedf8c23e2cedca5915427acd101,1,credit_card,6,185.26
711b9be9c346d9ecdb9d38a5e1e7e39b,1,credit_card,10,202.77
71303d7e93b399f5bcd537d124c0bcfa,1,credit_card,1,109.34
717d28ee12c7c0ef8b384ff1b62b33c7,1,boleto,1,84.64
719628a909505f12f342015fd53a8d43,1,credit_card,4,40.86
719b940ab2f1e351ffb14a0a02ffe3c4,1,boleto,1,97.8
71f86189760ff1dec6805f4fc7c6f52f,1,credit_card,3,195.44
721c90253d3c1f625f71e2faf53a6b57,1,credit_card,1,63.92
7249fd69ae42373a6a357567e41ecc57,1,credit_card,1,110.7
7254ba1421bac35de5d5da660715bf0e,1,credit_card,3,176.85
72c1d87887d0b9a3965557013e74f543,1,credit_card,2,139.69
72c6b41818d5e645f455986b59b7a964,1,credit_card,5,134.99
73558fe683b9ce228381cf2ca678d322,1,credit_card,1,159.11
73e934755292def8b6519b03f2230723,1,credit_card,2,49.06
743cc56ca44d32e3e125c74c98044997,1,credit_card,1,117.27
747996a66f5aa711deb8ae58f5ae46a0,1,boleto,1,18.62
749a31c1093994e39ecb4aef66a7aa3a,1,credit_card,1,39.95
74b9c5a1b6f7632750a25db4de597512,1,credit_card,5,53.42
753aaaa715f963740a358c291bc79727,1,credit_card,1,144.07
7559c51df991c6861e6a8be5fb1e3751,1,boleto,1,69.49
75fb23d26903b71ce3dd550ae22d2cc1,1,credit_card,1,61.02
76458889992169d3135b264dc13aec67,1,credit_card,2,85.58
765442de6466c0bb079c22b8b20e0eab,1,credit_card,2,367.65
765e82006189100419015233bf26be8a,1,credit_card,6,59.99
76774c936de5cb5a431120fde98e40da,1,credit_card,1,141.37
76bd9ce8aa3ce93bd913f3ec17f66790,1,boleto,1,87.37
76c6e866289321a7c93b82b54852dc33,1,boleto,1,35.95
770d331c84e5b214bd9dc70a10b829d0,1,credit_card,2,263.93
775eb0ae1891c8dd8f12c2f8c6850006,1,credit_card,8,1326.79
77c34615b2963e4bf4b48d59da0eb5e1,1,debit_card,1,139.59
77c75c0f9b0b1c5417b62c696c4734e5,1,credit_card,1,55.11
77e102ecf08e057581ef2ce55c80c6c0,1,credit_card,4,43.62
7853cfd26dee49109295b3e604567180,1,boleto,1,125.8
78a1a87882880114ee891ccdcbd1ccde,1,credit_card,1,79.62
799dc0fd216e2a8e571a2684ddb6f940,1,credit_card,3,140.99
79ffdd52a918bbe867895a4b183d6457,1,credit_card,10,319.0
7a094f321857b6925fee399192bb5ebd,1,credit_card,1,41.93
7a18a504c1a4b32d883e68de2e1a7db0,1,boleto,1,16.62
7a36fa82d4bcff7d936c10be470b9c8e,1,boleto,1,42.77
7a7d2c889e27d93b2005462a8788e168,1,credit_card,3,35.86
7ab9c55c59eaeea579d047e2d8aaed81,1,boleto,1,22.46
7ac6f4778cd283c6b76c66fe1e0d4431,1,credit_card,10,455.01
7b4fb0197b18a0fd0e75f9e44b3fc757,1,credit_card,2,121.62
7c0ff60ea08a0885a1404c299f7ed4f2,1,credit_card,1,83.03
7c28cd51bc7b7b5b8e81ae0bb7f17340,1,credit_card,2,27.86
7c933084ae34df732cfb3b47968b1666,1,credit_card,6,77.75
7cb5aaf8b7b7b439174c2e4efdf4c7a3,1,credit_card,6,126.25
7cbc58346dce935abff14a7c5a0488f5,1,credit_card,6,137.67
7cc5f7da21653de1b71a6f4ad590e5a1,1,credit_card,1,463.54
7d0eb8de17d494f4151e4470cd1b0605,1,credit_card,3,91.28
7d7bf3ee337c36ce012762da5f28f53a,1,credit_card,1,170.3
7d86c4aa9e59504b23f16c7ca68954a7,1,credit_card,4,90.61
7e2dddf174cc4d2768bf39c43ab2bd7a,1,credit_card,1,159.35
7e61a4c6d93d6ad8a4ca4a8d00094339,1,credit_card,2,313.0
7e6b55f6388682bf51a05d8f13c2d466,1,credit_card,5,740.62
7ead6c8726098bd70de2b16cac42df74,1,boleto,1,69.94
7ece3f32d060f91a98d50279ab15ebaf,1,credit_card,3,159.94
7ef1da1730f64df72be4189c5ea58c66,1,credit_card,6,63.52
7fd4b0e047195ca197c3660772a8d8c0,1,credit_card,3,110.92
80606b26965c5ed21e85a085e0667b63,1,credit_card,4,178.11
809a282bbd5dbcabb6f2f724fca862ec,1,credit_card,2,40.95
80e9acbfd99b46609bded7263945fe15,1,credit_card,1,53.0
811eadaef225935d84d4d3fdcca7ee85,1,credit_card,8,419.06
81251f18621a822ad5b09593dfee4fc9,1,credit_card,2,22.46
81e5043198a44ddeb226002ff55d8ad4,1,credit_card,10,108.12
8213bc96304fc0881189c4525f3002f7,1,credit_card,1,48.55
82bfafb84a5843f06b8c3983edb1883b,1,credit_card,5,247.9
82e4f033f60598903866557d89c9c042,1,credit_card,3,44.74
835bf4777ad72891587719f1098e3528,1,credit_card,1,41.93
83812118bb682267a9880ea1b261ac4b,1,credit_card,4,277.81
84d8cb80e8228cbea6d970499c3ce3c3,1,credit_card,2,313.72
8557dabbdacec1a9e250f5e70afe1eab,1,boleto,1,60.65
85841af0d94e5d0cd3a9c0e42e565b74,1,credit_card,1,38.36
86df4a2f1f5cd47ee3f5bf1781240d1a,1,credit_card,1,45.49
8729a8f7c27d03afe731463091711489,1,credit_card,1,152.12
88130f20a472f28fcca9dd5d50358820,1,credit_card,3,447.49
882c1e2076610adab15e5a68430d2180,1,credit_card,2,276.84
8846a9571a893b22eb57d4732b978bbb,1,credit_card,8,425.02
893dc49276696129a9bf6f2a9fe23e57,1,credit_card,5,169.23
89484162f10c48a5cbccb77221419395,1,boleto,1,273.9
897702f9f3fe72f18863ffc09e7ddef3,1,credit_card,3,263.04
897ed337ed4c3fba920924b9143c2ea0,1,credit_card,9,95.0
89898719573722b59b173f76fb213501,1,credit_card,2,47.83
89f586f0cbddc6428831c41c8c333c66,1,credit_card,4,44.49
8a784d47854e4cbc5562362393d504db,1,boleto,1,18.62
8a7f0e6d9767d52a05dd48229e24d766,1,credit_card,3,158.72
8aa9f9fb8d016c8abd90a65dcd7f2ab6,1,credit_card,1,30.96
8adafb3466daa5395694d3a906ff9d40,1,credit_card,4,218.0
8b160e3e272dcca4665850aae31ae6fd,1,boleto,1,31.92
8b388d845a3e8700444b971fa2bef902,1,boleto,1,108.84
8b6d201fff0b1b32e59f7cbdc6beaf54,1,credit_card,1,448.05
8b93f79b1a4d6b3388dab2356493c0b3,1,credit_card,10,159.94
8b94c85a97b61f51a419a57e451d4e3a,1,credit_card,1,26.64
8beb59392e21af5eb9547ae1a9938d06,1,credit_card,5,111.22
8bef37e0a778afcdf32118f376beb9de,1,credit_card,1,58.74
8c0a4c58ee098fea192d86cb195786e6,1,credit_card,5,70.51
8c10b4712b6c450e49bcfb6b1e48449f,1,boleto,1,41.9
8c482c28bfcadc891bc37e13dc7ace34,1,credit_card,1,50.06
8c72f52f7655510c1ec81f3b9019c638,1,credit_card,5,419.06
8c78d01de3a9009e23d6877a7cc9be20,1,credit_card,7,249.72
8cb07e7e810ad9e5f33062cb4735d488,1,boleto,1,38.42
8d47519f5c9c42540b37bd3db0492878,1,credit_card,4,89.38
8d9a9808c4a5546adb15d524d6ab2e91,1,credit_card,1,14.86
8dc67de08c1738a90e70f62f2920b432,1,credit_card,10,369.78
8e7ef380ad5ae407dffbe2f0826cae73,1,boleto,1,47.42
8f1a2a26d4f0ed5608a8857e0e88b7ad,1,credit_card,3,181.0
8f359a870a6206af39d54ab82c99619d,1,credit_card,3,60.42
8f359a870a6206af39d54ab82c99619d,2,voucher,1,100.0
8fe36dfd03ccfe3ed3d492c146705b9d,1,credit_card,3,111.22
8ffd24fbf822586b2712a4becc7217dc,1,credit_card,2,142.0
9021fdebb45ac827a6033d6969d5c2e3,1,boleto,1,50.95
903c880841c9b1af32d6d086b9763133,1,credit_card,4,43.26
9058bc799c3791077efb3aaa8e0d5e02,1,boleto,1,91.07
90aea7c4e52538a18cb9bbfd16f09185,1,credit_card,10,979.91
90bd4466c2905d7b5b56370149e62bcc,1,credit_card,1,1.05
90bd4466c2905d7b5b56370149e62bcc,2,voucher,1,50.0
90bf0d006edb962cf09943bf3e4ad217,1,debit_card,1,65.05
90d2bbc31356e711e2fe7b0b78181687,1,boleto,1,30.86
91750e4d3d89e619cd557a6da400be06,1,credit_card,1,1.43
91750e4d3d89e619cd557a6da400be06,2,voucher,1,10.42
91750e4d3d89e619cd557a6da400be06,3,voucher,1,10.42
91750e4d3d89e619cd557a6da400be06,4,voucher,1,10.13
91750e4d3d89e619cd557a6da400be06,5,voucher,1,6.69
91750e4d3d89e619cd557a6da400be06,6,voucher,1,12.81
91750e4d3d89e619cd557a6da400be06,7,voucher,1,3.44
91750e4d3d89e619cd557a6da400be06,8,voucher,1,6.12
917ca364b9fb9460dee6ea613ee2a5ab,1,credit_card,2,491.36
91c52e15672343c61768b4d10597eea8,1,credit_card,1,87.9
91c96626f9e13b1b71a1f3e7ed52dd7a,1,credit_card,3,102.69
91d1bf2b7745903cb0d17162d1bbd750,1,credit_card,1,76.11
92580e7039e427da2884d35809a95996,1,credit_card,2,105.74
92b44b87f1f7670b8911c5f0e642435e,1,boleto,1,161.65
92d731517f17c26f16182d45498c4c3d,1,boleto,1,221.84
92e3415f60fec80f07ebca939434c3a7,1,credit_card,1,40.95
9315757eaf0e782619bed131508dbddb,1,credit_card,6,150.46
942cb81b8e0a2f33510159729f69d8b1,1,boleto,1,167.32
944f618b790d6d01c2c78750fc0f700a,1,credit_card,7,77.84
94b35c9542f07ad80b3367f9051b63af,1,boleto,1,74.11
956f15dfe9a7f2414a02c445fdbb865a,1,credit_card,1,77.06
95d31d53ccc53bca2c13fcd535d67526,1,credit_card,7,192.55
95e01270fcbae9863423400103359279,1,credit_card,5,115.22
95e4477d8423c69a93c55d840e02d9ba,1,credit_card,6,66.9
95fd5e469d8ce5093adeace50b5a4389,1,credit_card,1,60.86
96123b9ae5a9cdfd4efe5fe402a94675,1,boleto,1,149.54
966f96af9d189dc428ff04ebbca821b8,1,credit_card,3,142.34
96867881a8d245ffae18dd2f1c4898d2,1,credit_card,8,255.75
96caf486ad384c707d860dbb4e519794,1,credit_card,6,116.16
96e60a8b7fe4d9cd4f5ef7f3399a502b,1,credit_card,2,317.0
9758e655b4d2fca01c69a4dde9d4fb5b,1,credit_card,6,134.6
9786c52ca3e1ed1ef3ba5c65941627f0,1,credit_card,10,169.9
97d2f8fe76f2f253b8291e17b5383884,1,credit_card,10,401.19
97df4160390cf20ee63b032b5a93d0e2,1,credit_card,1,203.73
984d046c833232079162e22c7ef8c15d,1,credit_card,8,451.03
985db56d4cabd2577d0960194dd2cd5a,1,credit_card,8,154.29
98750f114ae6088d04ea0d3cfe3f137f,1,boleto,1,24.52
98974b076b01553d49ee6467905675a7,1,credit_card,6,121.13
98beb6d036255a151fd6d5000ad66da8,1,boleto,1,72.6
9980c5519e01cc5a1c1c35bd247bb499,1,credit_card,10,216.6
99a4238f13a11d486a5eabe5c8b1a1ab,1,credit_card,1,58.05
99c0817d6ecd5fe55d21540917f1f5f9,1,credit_card,1,64.1
99d3df1714b20b9eb9734e731927379a,1,credit_card,10,319.09
99e3f90c535337b45eace6f8a8a9400f,1,credit_card,4,95.0
9a3e437ab219133c20a7033be9087edf,1,credit_card,3,164.21
9a4ae4d5c3a3dabdf42e5d7ec4203ed2,1,credit_card,10,197.91
9a75a775d17d37cd19193fe02c3f21de,1,boleto,1,424.04
9aa3197e4887919fde0307fc23601d7a,1,credit_card,3,34.62
9b2e5e7107f9b0d28873782803e01ecd,1,credit_card,3,54.06
9b42f8813f6bfa620e0c91a4e132f2c0,1,credit_card,2,63.12
9b42f8813f6bfa620e0c91a4e132f2c0,2,credit_card,2,63.25
9b91ddcbd6cbceb83d4fd2462ca1f95e,1,boleto,1,19.62
9bd5312d12f48b04a460f702baff3d8c,1,credit_card,5,221.84
9c0b834fc89f4dd70679baffe8bed38e,1,credit_card,2,186.46
9c54a1816e487456bb7eb5082b9823ff,1,credit_card,1,2.01
9c54a1816e487456bb7eb5082b9823ff,2,voucher,1,14.6
9c54a1816e487456bb7eb5082b9823ff,3,voucher,1,14.6
9c54a1816e487456bb7eb5082b9823ff,4,voucher,1,14.2
9c54a1816e487456bb7eb5082b9823ff,5,voucher,1,9.37
9c54a1816e487456bb7eb5082b9823ff,6,voucher,1,17.95
9c54a1816e487456bb7eb5082b9823ff,7,voucher,1,4.82
9c54a1816e487456bb7eb5082b9823ff,8,voucher,1,8.57
9d00e5dd1d0a6dc258a09e9c90854357,1,boleto,1,16.62
9d34d5659dfa39b38d29bfcf0c85ead9,1,credit_card,1,49.52
9d57e7a9c3dae94772187f73e97d9854,1,credit_card,1,83.07
9d664ec86be69d869bb6870294c4fdd8,1,credit_card,10,204.38
9d6f552c9b731d52bb9c9b6051ddf5a2,1,boleto,1,56.6
9dc6746a8f29fafaa637f2239a9f3d28,1,credit_card,10,875.96
9e1b7a7d17aa42da16ee605b5fee2e0a,1,credit_card,3,239.64
9edaabce3c4beef5432b6327ade4109b,1,credit_card,5,218.3
9ee391a01004a9f330f16ebf9f7f0966,1,boleto,1,137.99
9fb6e7ca3a34e0500eb810d98b00b81d,1,credit_card,1,476.34
a01cc79e3afbac4a52ce1d528080e438,1,boleto,1,28.46
a041155864e5141116458291313b35c2,1,credit_card,6,117.86
a08d1f4b300c3d7ec52f5f9a74234eca,1,credit_card,1,57.06
a1597cc7eca8c8d095e5de327444d9d0,1,boleto,1,63.67
a15df161654da3f47c2984ffd7764920,1,credit_card,5,78.0
a241bea87dcdd0160ca94ebdba5bdbb9,1,credit_card,5,297.35
a2c7b8f8a4fe1bc4a8f4e30a5311861d,1,boleto,1,74.49
a2db088616f079ceb7a0e856f8a741ca,1,boleto,1,30.86
a3d1ef2562cf71542edfed06c1a7b6c8,1,boleto,1,115.27
a41c8759fbe7aab36ea07e038b2d4465,1,boleto,1,53.73
a47c6e02b84d8dea0ec21748a611293e,1,boleto,1,107.9
a503ed3639b58426f15f719d61bfe408,1,credit_card,4,234.59
a50d16f8c24acdc0c3d2fe0af2cd5c87,1,credit_card,4,210.08
a52e6fa2d7c6ecaf73ff5f7f10438339,1,credit_card,10,233.97
a6475bb7a50387e3c665534e15bd40ac,1,boleto,1,659.41
a68667474430fadbcfc1bfbb9e2adc0b,1,boleto,1,32.77
a68ce1686d536ca72bd2dadc4b8671e5,1,boleto,1,77.73
a6cd683d4bd3b9b1f0aa37b27f8116d3,1,credit_card,6,609.9
a6dfab363a9e239287c4b1e3c275fb93,1,boleto,1,336.56
a6e307f50d1a494a1ad373af7a748e1d,1,boleto,1,119.39
a73a38a5eeac4ab94ef2bcbd90f92e43,1,credit_card,1,29.2
a74a1bb28cb0ae0a239270f8e3a85cdf,1,credit_card,1,32.47
a7765f04ecc5f2e0683f08a97ee8174e,1,credit_card,2,82.9
a8305d2dfd60042d6000b3de3bc533a3,1,credit_card,1,74.18
a87f63f16c37c383775f476c6f22b635,1,credit_card,1,45.78
a8846701b9f3e21e64c9062ed3f4dfd7,1,credit_card,3,96.23
a89b268d1a28bab0770e650f25232b06,1,boleto,1,34.86
a8c3f65a43b2e956cbfca10db4300853,1,credit_card,9,196.27
a8f7a1d76c02dc4a7c5177aee8c2b02c,1,credit_card,10,236.9
a909c24a30d5a05204ecb7ef3f11e321,1,credit_card,2,237.97
a9506e4af5c19ca12362961efdefb20d,1,credit_card,1,34.86
a9a93c428c6103f2151bb63a1d32a520,1,credit_card,10,160.67
a9ad904bde6787e355771489eef73012,1,boleto,1,257.08
a9fc3ae13c740ad46532fd50b61c69d5,1,credit_card,3,34.42
aa04ef5214580b06b10e2a378300db44,1,credit_card,5,139.43
aa04ef5214580b06b10e2a378300db44,2,voucher,1,250.0
aa4f1c4318226e2f86adeb5578d8726b,1,debit_card,1,138.49
aa58df9711205e09b4ef6d704db7871e,1,credit_card,10,619.46
aa799c67bfe59b0de24f6db1dc1b776e,1,credit_card,8,240.4
aa830d74d3e7d4a392cb7eac51a9c719,1,credit_card,6,104.3
aac01d5ce6fab5aa0e191d71aedbaa3c,1,credit_card,4,47.68
aac01d5ce6fab5aa0e191d71aedbaa3c,2,voucher,1,5.82
ab0c90a5da04e0132ea07c113bedec0d,1,credit_card,3,77.52
ab8e5f9b860cd703f5f647200c2c7b58,1,credit_card,1,35.42
aba7884f1a6e6e52b774eb7654651325,1,credit_card,6,685.69
abbbf52551bc34cd52a7851c06dfca90,1,boleto,1,239.48
abef8b5d0f7fa066c7473db7d650c870,1,credit_card,1,452.72
abfb34ed11820c7247adfb30fe5bb7ae,1,credit_card,4,371.05
ac00d3859c095d282f6bef69e0ed1b38,1,credit_card,2,89.16
ac2b7c522d811acba0aa270ed3e112e4,1,credit_card,10,315.24
acb3a4ba3d4d4b0c57cd93736fa61558,1,credit_card,10,144.0
acc3d4031cbd2f28ac6b5b71427a054c,1,credit_card,2,130.75
acf83f0e8fb878cb25197344426ed10b,1,boleto,1,663.93
ad1aeeb1a99c9f021e38a49865bb812c,1,boleto,1,625.2
ad818323f40e1a353eb3a3874d138c51,1,credit_card,2,191.4
adebb4dfc650b98f7c7e38bb11cb0aa9,1,credit_card,1,52.9
ae0913baa54f18027667d8049c36fde2,1,boleto,1,173.4
ae25aaffc9b89e8519bb9b5aa59cc8ef,1,credit_card,2,155.42
ae8a60e4b03c5a4ba9ca0672c164b181,1,credit_card,2,154.57
ae917963181c56c14f8d0e873b1588ac,1,boleto,1,406.14
aef214f769de82d355c5d2ab49e15891,1,credit_card,2,47.54
af9cf6a8b011e9fea2be4c295942e58b,1,credit_card,10,104.65
b017dafe7c59c8aaf92ab3fa1ca54d78,1,credit_card,2,141.52
b04bd4e0a1a21fef81b1f24f6fb81c08,1,boleto,1,143.78
b063bf13bfec7c847d7a6bdb54554c00,1,credit_card,10,104.79
b08dfa6db006194a07108b6ff6330313,1,credit_card,2,81.0
b0cfee6ce5503781be6004e0e31e4309,1,credit_card,1,116.17
b0f913cb83681e8a8563b96b641b3e1b,1,voucher,1,13.51
b0f913cb83681e8a8563b96b641b3e1b,2,voucher,1,9.05
b0f913cb83681e8a8563b96b641b3e1b,3,voucher,1,6.82
b0f913cb83681e8a8563b96b641b3e1b,4,voucher,1,32.0
b0f913cb83681e8a8563b96b641b3e1b,5,voucher,1,25.01
b0f913cb83681e8a8563b96b641b3e1b,6,voucher,1,5.56
b0f913cb83681e8a8563b96b641b3e1b,7,voucher,1,79.96
b0f913cb83681e8a8563b96b641b3e1b,8,voucher,1,24.55
b0f913cb83681e8a8563b96b641b3e1b,9,voucher,1,6.42
b0f913cb83681e8a8563b96b641b3e1b,10,voucher,1,16.67
b0f913cb83681e8a8563b96b641b3e1b,11,voucher,1,8.35
b157079a62d77688a0f66043aa1f0306,1,credit_card,1,34.91
b157079a62d77688a0f66043aa1f0306,2,voucher,1,100.0
b174fa32929e4af3622213e835cfa84a,1,boleto,1,151.37
b19169c7cb8391fb8561e094d61c531a,1,credit_card,10,129.03
b1d88d1e4179448cac98b8d433e23316,1,boleto,1,107.37
b23dfa1c97d08f8d2017e85dbdc5b1aa,1,credit_card,10,710.0
b2f92b2f7047cd8b35580d629d7b3bfb,1,credit_card,1,31.21
b2f92b2f7047cd8b35580d629d7b3bfb,2,voucher,1,20.0
b2f92b2f7047cd8b35580d629d7b3bfb,3,voucher,1,20.0
b330d4bdde86ff11a726ee57dd2a7d75,1,credit_card,3,266.11
b34d8ec665f905d3c7583b291f54b605,1,boleto,1,44.9
b379b3d63e1948d3692990c4e0a5adc8,1,credit_card,1,86.03
b3a60e4531d82485b6ed7c49ba266c66,1,credit_card,3,173.0
b3aa45b7ba0f950a1b163a9f85f613de,1,credit_card,1,60.52
b42efbd88abf3882f91928b08cf74d6f,1,boleto,1,113.86
b44d71edad65f41824d2e177470ef8f6,1,credit_card,4,61.64
b4924647a0523d99010023d68b76c18d,1,voucher,1,149.99
b49998737b7359ebe1b64b0b7ffb20f6,1,credit_card,3,36.82
b4a600b2f7cc0efe40a086465eca8799,1,credit_card,8,709.93
b4d81b7ba0a5e97d9b77104dc0f3b82d,1,credit_card,1,169.99
b4e9e179195a7cee910bf458c5b6e01e,1,credit_card,1,99.67
b533dea24ada4dc5c1a9041d25d7c812,1,boleto,1,30.42
b582532527260a8be949eac9f4d0ccff,1,boleto,1,76.51
b5c037cf61074d84c0a994fa0d024064,1,credit_card,8,387.5
b5d124183f47ec6adf54b1cfc3e445f8,1,credit_card,1,44.01
b5eeec1b045b05d3e3010ef57120a8dc,1,credit_card,1,15.78
b5eeec1b045b05d3e3010ef57120a8dc,2,voucher,1,20.84
b626a11507dbce56f74a5b1b1a6af615,1,credit_card,3,37.95
b6e5aa946acc4e29e7069510f28a0bce,1,boleto,1,169.23
b7026ba7432929d99880463305b8ce98,1,credit_card,5,162.6
b782d486ebb05fdf0ba6ec05652f704f,1,boleto,1,1837.16
b79559dba6909e4d8ac0ddf501a99f14,1,debit_card,1,44.66
b7ae7c643ef9274727f48dcb0ba08593,1,boleto,1,64.42
b8297ee8722ce94cc9a2e9263124cd36,1,credit_card,4,45.57
b866af202be0692766081310cd4085e1,1,credit_card,8,206.65
b88cd65e1d90bf6e185bf9b6f0b614cd,1,credit_card,4,40.86
b8a4cbf978ddb7ef0264c480a122329f,1,credit_card,1,15.71
b8b9d7046c083150cb5360b83a8ebb51,1,credit_card,3,119.79
b9581bf1b646f4fc021b131e1ca4d034,1,credit_card,1,77.54
b95a0a8bd30aece4e94e81f0591249d8,1,boleto,1,19.62
b95b454428554b28f33786b07e41edc4,1,credit_card,1,97.9
b96f5299909903eedc435d396f90f726,1,credit_card,8,1323.3
b9b51e569a2e79970555eb81107eb369,1,credit_card,1,57.51
ba3d713d46b9dadf35bf0ab911b06408,1,credit_card,1,85.6
ba78eeba3ae33579487bedc08dce96be,1,credit_card,3,302.58
bab0a62e41a5f0abc7f04989cdd7a6fd,1,credit_card,2,221.85
bb0ef554fe35f069cb84d62115f885f0,1,credit_card,2,108.0
bb2dfe6031f35f7abc9a3c7dad5e4467,1,credit_card,8,651.84
bb448c2c512a6883aa2a26cb57b6cf4a,1,credit_card,10,138.35
bb9fd560a08ca7403789dedaca85da14,1,credit_card,3,217.3
bbcec25aefec973dfa1b9499147fdf76,1,credit_card,2,425.07
bbf0608a4772666602f2fe57fe81742e,1,voucher,1,64.87
bbf0608a4772666602f2fe57fe81742e,2,voucher,1,58.61
bc0e0c28cbe995798d3afb7c7c75d269,1,credit_card,10,1423.55
bc7bc14f585b1879f63e89cb0e4cfa17,1,boleto,1,139.53
bcb093f60b7e48f285bf92f681e65651,1,boleto,1,101.14
bcbc0973414b1dd97555e6f8e9713cfa,1,credit_card,3,383.24
bd2623f3663c5daa3f89e6b527fd49da,1,credit_card,4,40.86
bd50a7fe9fd97ea4b7663031a319e150,1,credit_card,1,19.62
bd726a1bcd046edd7019cee8a66245f7,1,boleto,1,449.65
bda31774eda0320ee68c33da94027e4d,1,credit_card,10,146.01
bdf4423bf60eac03b6786ebd0e507cc1,1,credit_card,2,41.93
be09f109e6aa72ccad1f72f521f8d525,1,credit_card,1,128.0
be5bc2f0da14d8071e2d45451ad119d9,1,boleto,1,39.09
bec25025b8d0b7db00c510720053761e,1,boleto,1,23.93
beeff7037aa708c19973290382629a4c,1,credit_card,3,222.85
bf44408de1d05eef70fb026ba64a90ea,1,boleto,1,21.45
bf4931e6025b2bdd77ffa4264659c9e6,1,credit_card,10,147.99
bf88003f2580db7589007ec44bc85695,1,boleto,1,40.79
bf9d705db9fe15b5bd6a0a35c3e3365f,1,credit_card,1,131.35
bfa74f7450cf978b57226b70a6a8936f,1,boleto,1,71.02
bfbf87cc2829df6adac299ab0cc012bc,1,credit_card,3,251.82
bfd31c6f76ff82a41e7beb05565aec4d,1,credit_card,6,252.19
c004caad90ab5b86dcc0e253eee4491b,1,credit_card,1,137.6
c022b7da8ab7a4a04bd561c8f765a14a,1,credit_card,1,194.0
c0c48daac5ca760ce57d4e500886dc56,1,credit_card,4,40.95
c13e334a4d2b0b11e6422e69d009de0c,1,credit_card,1,50.01
c13f61a17915a48e0741b02a6b7a3fe8,1,boleto,1,72.9
c1d4211b3dae76144deccd6c74144a88,1,boleto,1,54.51
c37d452db8a3abfa3d99c322e92ef0ef,1,debit_card,1,54.51
c383ab7c64e3ee1503e3574b22e37dab,1,boleto,1,86.9
c3ad507aba1f6b47354085e7e6bed0cf,1,credit_card,4,467.09
c3d9e402b6a0fbe2a5f7fc5b41117c38,1,credit_card,4,237.45
c45c354aed442407610326035c6c44d6,1,credit_card,8,893.0
c4669e882068cc0ade2697ed2169326e,1,credit_card,8,394.52
c46b48abd599551232324a6e9077bf19,1,credit_card,10,270.75
c4b41c36dd589e901f6879f25a74ec1d,1,credit_card,1,18.62
c4e980a1d822db426982878b3cfdda6e,1,credit_card,10,674.33
c4f710df20f7d1500da1aef81a993f65,1,credit_card,5,51.79
c504b1d68ad8d98a627dadca7ca53673,1,boleto,1,38.42
c52edad050bea3d2f56fbc6be373c44f,1,credit_card,3,164.1
c549f0d88f33bfe43351b893f1fb55ac,1,credit_card,1,110.92
c5a468ae781ffb0ec6d36ae89fe512b0,1,credit_card,10,123.25
c5b1a5d21958f98a0c66114d622bc0ed,1,credit_card,1,39.11
c5e86e382215a14b35e8a51f1110f39d,1,credit_card,1,176.23
c6be81e3c1e9e15e5893e19d7ce49647,1,boleto,1,63.01
c6eb5dced200e49271f44b142658b6bb,1,credit_card,2,41.93
c776863a93dc0740c6e7d78104b21413,1,credit_card,3,264.08
c78634fb21ecbb54b2b2498a660082ac,1,credit_card,10,224.32
c7da1b57f7d2251252370bc7d94168fe,1,boleto,1,38.0
c818ed0d99c7998f73659bd934936177,1,boleto,1,69.45
c8258090bca7cc6a62c1e15d7fd995d4,1,credit_card,2,150.99
c870c1f3a9ba62194d1060c0accb18dd,1,credit_card,1,56.03
c870ef6a8e1d8eec841d79b42a6a20e4,1,boleto,1,46.02
c8aea852a760205e92591d5053231e07,1,boleto,1,237.99
c8ea1ac95f4f994f94fb57e99dcca985,1,credit_card,4,49.01
c96209cd1d43d071d3bdf48d299b7aa5,1,boleto,1,20.62
c9645496b715730a1a5d07eb97a6bf6b,1,boleto,1,141.48
c96867b4091191ba74279fc255656525,1,boleto,1,425.07
c98b0fbac2717f072d5089e8af088304,1,credit_card,6,256.65
ca3b8093576a51bea61c9782c7771f62,1,credit_card,6,60.95
ca5a215980675471f0cf8199c041909a,1,boleto,1,19.62
cac247cece621e1bc64748d44331d22d,1,credit_card,10,273.77
cb27e0d6c6f92df591073fb6ad5ef7f0,1,credit_card,2,165.8
cb29497c3782a76b57327c055d58b0e0,1,credit_card,5,163.2
cb2b577a4ebd84bf84ff3990084d490f,1,credit_card,2,149.91
cb4980b31efc7af3ee819aa60582c31b,1,credit_card,5,59.47
cb71bbdb68e876878e7c73346725a901,1,boleto,1,279.15
cbbb524a0e1646aa6cf7a3c0bbe517ad,1,boleto,1,95.58
cce1b8a1c5f8b1d224e19628299c8f54,1,boleto,1,19.62
cd068e0974cffc5007e3b5dcb416da26,1,credit_card,8,222.33
cd068e0974cffc5007e3b5dcb416da26,2,voucher,1,50.0
cd3ad05bdb70488e29c3afb5641cc178,1,boleto,1,38.01
cd3b8574c82b42fc8129f6d502690c3e,1,credit_card,4,40.95
cd63595a31d3717ff7ea9a0b041104a9,1,credit_card,1,78.84
cd6f777c4734b77c8f01725d6a3500c0,1,credit_card,1,55.91
cda873529ca7ab71f677d5ec11a40304,1,credit_card,2,75.9
ce500b2ca0d960f937fb4d24282d3291,1,boleto,1,151.53
ce678bd6591f2487c9b4f5af45b4619f,1,credit_card,1,419.06
ce86fa5a5108884726a2244bcae51ae6,1,boleto,1,19.62
ce9840efc17fbec501472f7c784be1bf,1,credit_card,1,33.42
ceb2344189044ab3b6fa590520a71881,1,credit_card,6,152.06
cedfe51bd6a794860c83382885f2328c,1,boleto,1,41.93
cee2ddf4087d91aaf4874fc1436f9901,1,credit_card,5,170.36
cf47ad2fb60cae3f74b943646f685c94,1,credit_card,5,661.75
cfba3ca25a049f8bdf836baa3b8be493,1,boleto,1,57.1
cfdc6f2061897ed3b3f1a9ac3437c6f9,1,credit_card,7,149.46
d006112ce36cbbb57fec00ebce1de147,1,boleto,1,148.93
d01c0baa4630bdd8a5d0266931837209,1,voucher,1,197.49
d01f0aba52a4d7b2cca8d7623538a434,1,credit_card,3,75.84
d0a4948ce19a51837d5e24c26ab83d76,1,voucher,1,56.86
d0fc18b01244d3a08b0fd12deede8201,1,boleto,1,129.16
d12824c34f6e0552f57e8d8821242084,1,credit_card,7,210.08
d1b32a0715fa2abd2ff4f3ec5e751964,1,credit_card,8,274.94
d1eb8e4e276a4eea13a5c462c0765e60,1,boleto,1,40.79
d207cc272675637bfed0062edffd0818,1,credit_card,6,133.46
d2266b035a47467c40d174c6f55cf4dd,1,credit_card,3,34.42
d2292ff2201e74c5db154d1b7ae68cbb,1,credit_card,2,61.64
d263c89354a73314488491185858af42,1,boleto,1,35.95
d2945e686c883978378a10e49be7fb24,1,credit_card,1,99.23
d2d67121a09535b3a7b6a000e58d8625,1,credit_card,1,65.46
d2e9aead95751dd6bd0ce80e7d506c53,1,credit_card,3,33.33
d322025aff44e8bead04f4e81023ede8,1,credit_card,2,272.33
d34e369fbc5cb753012079961b615121,1,boleto,1,39.42
d3a3e3dd365abc6013aa6321b0c12c79,1,credit_card,1,429.19
d3a49dd2f9c21558b7a82c8f076f6c1d,1,credit_card,8,665.7
d3a84031db6c5de813d5a3a3489712ca,1,credit_card,6,109.02
d3aa5667ad65af7fa58a5481d0aff07a,1,credit_card,1,87.9
d3c8851a6651eeff2f73b0e011ac45d0,1,credit_card,1,299.84
d3f7c0e804b501782903f7af749eb797,1,credit_card,10,784.8
d4421539677ce8da70f3abf867adf15c,1,credit_card,1,45.86
d469b51abffc6d74299c8a0a56db5314,1,boleto,1,45.86
d568f094af70874d55d22a89e093fe18,1,credit_card,2,160.77
d5d777fdf41da773664443c2fd9acc23,1,credit_card,1,38.42
d62c14881563a74903e7d10f685406aa,1,credit_card,6,87.83
d64aa68e4a96734f280b7ddf0852d511,1,credit_card,6,256.79
d6d06ebdeab0297fe7460931b29b4422,1,credit_card,1,41.9
d6d7c431275f0029dcc3538850930046,1,credit_card,1,161.71
d6e32818428593eefe8ffd7e15acb83e,1,boleto,1,69.02
d6f83d3377bbf1697831ea355301fb87,1,credit_card,5,58.02
d6f83d3377bbf1697831ea355301fb87,2,voucher,1,113.18
d730d8d0ea3149120703933fdf98b2d4,1,credit_card,4,67.86
d743f434cc2921729af830ce00d474b3,1,credit_card,10,116.16
d809ddde66fee6223df16b11231491f9,1,credit_card,10,846.52
d81dff089ae648dacea746f77643f86e,1,credit_card,10,910.6
d82cef48824870df9946d57e827ed727,1,boleto,1,19.62
d868cf92a5a1305fc7277c60062e81ac,1,credit_card,10,420.08
d8a40a1358d3b2dca231abdaa566b054,1,credit_card,1,94.12
d8d04eeca6703f5545f4c25b8ace1ee9,1,credit_card,5,54.95
d9a08faa201940dd3302f06944b5c739,1,credit_card,5,50.06
da0571dd2e59b32cca46279a02bfb40e,1,credit_card,1,72.5
dabf2b0e35b423f94618bf965fcb7514,1,credit_card,2,140.22
db0b12b763f716df3f27218724161479,1,credit_card,5,497.74
db4d2ecc1c1a157d6250c84dd86eb838,1,credit_card,1,200.04
db7576b1fe440f4c0a808855aacf0948,1,boleto,1,18.62
db7d019ce87ceb1539bd37353ab408ba,1,credit_card,2,51.7
db7d019ce87ceb1539bd37353ab408ba,2,voucher,1,100.0
dba1b6fd34a7fd5961e829fa902ca702,1,credit_card,2,60.99
dbbbc904081f8e928028432e2e3d7686,1,credit_card,10,1400.74
dbd4885aa71d304f95eb40c67bfbec35,1,credit_card,10,956.27
dc18a044b56ed174037ca164cdf2e921,1,credit_card,10,1227.78
dc5f6cd4492bbffe5bcda9b87856c9a5,1,credit_card,10,108.84
dc91dbf7defabdf37c52672a989bad1b,1,credit_card,2,127.86
dceb6ab566e0d15ffaba53ef637afa3c,1,boleto,1,80.33
dd11631d8b02780b78bd97ec44a1ca8c,1,credit_card,10,338.46
dd359d3c294458c6d642b2eea9212bf5,1,boleto,1,177.2
dd480c63548e3c0b7219520e3784ebd2,1,credit_card,4,201.47
dd845e1cdb19f08d029a727adc9a5a77,1,credit_card,7,75.33
ddaec6fff982b13e7e048b627a11d6da,1,boleto,1,116.99
de05dd73ee1b5a964eaa56f814c49851,1,credit_card,3,35.95
de1404a068c6c8c909897886a314bad7,1,credit_card,7,87.57
de59016b99422f0bbd7e51a301bf2578,1,credit_card,5,52.11
de8f4a82099fe4fa6bcb8952ca51420f,1,credit_card,6,64.83
deb08269080b64b8e69bcd06b808889a,1,credit_card,2,261.92
df1b378ac0b21d71ef1e642971d31530,1,credit_card,1,44.01
df30f88407baa98218b16abe7032899a,1,credit_card,10,361.17
df410b19c3e348fb548ae68badd49827,1,credit_card,3,35.86
df537c849af44beef86a7ef7de12126a,1,credit_card,1,40.36
df56136b8031ecd28e200bb18e6ddb2e,1,boleto,1,204.72
df6e0cd0f23b4735b02cb6d9279bb310,1,credit_card,7,372.64
dfd954e67c5eeaa6432cdc40a6b66d73,1,credit_card,1,105.74
e01e0edd184fa69973f66cfc1fde15b3,1,boleto,1,179.83
e04d9eacedc0dca9d83c14fcb0d7276c,1,credit_card,1,96.1
e04f1da1f48bf2bbffcf57b9824f76e1,1,credit_card,7,76.19
e068276f5e75a66212f75b84ebfeaccf,1,credit_card,1,56.86
e08f76fed43c999d57979d1879871ce1,1,boleto,1,104.96
e09dd765041e9934d762d51ccb26adee,1,credit_card,1,109.4
e1000df659259b29cb73a4798ccd7454,1,credit_card,1,84.59
e19721a12bc1caeb2095db14d8d6fc4e,1,debit_card,1,87.9
e1fe072ef14b519af1f0a8ed997c1301,1,credit_card,1,24.42
e2144124f98f3bf46939bc5183104041,1,credit_card,1,50.86
e224d9d6fa66b26b8b86e73d2852136c,1,credit_card,8,374.28
e2b56835030c81195a5f1d65a17a2c1f,1,boleto,1,144.0
e2d092db21e901d04985350bf0e748ac,1,credit_card,1,204.49
e2ea01f68f92f0c55b08ca739af834b6,1,boleto,1,149.39
e2eaf909eb6ba881117aa407992a5ffb,1,boleto,1,115.22
e38f9946fb20db4a597eed7547c59afc,1,boleto,1,64.42
e3e80c87ef38162cf2d0fb01c481f5df,1,boleto,1,149.99
e3f7a673dd1981e0d7b330c8a7220220,1,credit_card,3,328.35
e40815dcb739e03cb2c06547ef7c3092,1,credit_card,7,507.9
e439ced3d48f1a77f6ecc029cc946a6f,1,credit_card,8,160.44
e4774d4c3b28de27487f1caa9de5a6f5,1,boleto,1,387.64
e4ccaabafa125b3b39a9331b0abced9d,1,credit_card,3,61.16
e4f669bb9b79875231a2cf27ab8dd229,1,credit_card,3,180.81
e4f669bb9b79875231a2cf27ab8dd229,2,voucher,1,354.23
e5215415bb6f76fe3b7cb68103a0d1c0,1,voucher,1,61.99
e5ecfcbdbc07f8edf7ec0df1504a74a6,1,debit_card,1,108.6
e5fa5a7210941f7d56d0208e4e071d35,1,credit_card,3,75.06
e660da13091dbe48784500c1c3e2fb75,1,credit_card,4,256.06
e6ba7ef3fa398a176291132b06cd519e,1,credit_card,10,2023.0
e6db6e9529fecbe14cd05dd349816656,1,credit_card,1,124.84
e75011be2ec3dec23d2ed6757d35c792,1,credit_card,10,480.46
e7bbb39c507d08caa0aee263d3d6ca55,1,credit_card,4,201.58
e81600d4371046078150ab84d31175d3,1,credit_card,10,986.32
e8d766b30a09fa62922aec00c6fecc85,1,credit_card,1,99.14
e90f9a57c17a06b37c5830a2ab1bd209,1,boleto,1,611.56
e9555dc20eba7e4e62210df1f438ea00,1,credit_card,4,143.4
e9beb67cf376905f8cd308ef0f02071d,1,credit_card,3,35.42
e9cd104dfc8837e084c067292c013b0a,1,credit_card,4,47.71
e9df4254faf2fe70bfbff4c0abe4fb7c,1,boleto,1,46.02
ea5f30a182b04fd1296273605983b9a4,1,credit_card,1,76.84
ea97616a19d3b2683ab949def1037708,1,credit_card,1,82.58
eabfb81cf01d772d65405ff27c793ddb,1,boleto,1,374.28
eb17935134e6fdd210b40a3d4f8235b2,1,credit_card,10,383.82
eb45ce36240dbf895bef98be0d1a85d3,1,boleto,1,53.3
eb87432d1b32d99db89d573d77767a01,1,debit_card,1,50.31
eb9cf2c383ca81f5d9750cc9e75fef41,1,credit_card,5,75.53
ec63c198f700051fb0a74c40a757af0e,1,credit_card,1,33.52
ec7a019261fce44180373d45b442d78f,1,credit_card,1,19.62
ecfdcaa1a2dacb4e5297d8251b115002,1,credit_card,8,84.52
ecfec80cd0ce1a66543b6bd5e278a76b,1,boleto,1,120.5
ed2ea4498bcd56d90d461a23fa47ac56,1,credit_card,4,40.86
ed3d575bd3358123b063ee64cdecdef5,1,credit_card,3,30.22
ed5c53daefe487fab95ccd2afaf61bb0,1,credit_card,6,76.74
ed6878f64d1bb00f07e210dfaaf9e4d3,1,credit_card,2,75.73
ed83f6065ae47112c8cfbd22e231b6d8,1,credit_card,7,75.93
ed8c7b1b3eb256c70ce0c74231e1da88,1,credit_card,1,114.77
ed90ba41c41da31da8e891ff43a584d1,1,credit_card,7,156.22
edb2a55c055efbb898171ec9fd840ab9,1,credit_card,3,61.64
ef1b29b591d31d57c0d7337460dd83c9,1,credit_card,3,92.27
ef445757c25db3525a25a2b9641ef288,1,credit_card,1,50.95
efc734aa0895a5973f3e783a742f1119,1,credit_card,3,369.78
f001655c8c646cd1b5185bbc2e7534f3,1,credit_card,2,60.6
f04479bb4e07ce7b8ac1d2287b528541,1,credit_card,8,147.99
f175d67589e059cbbda956f10f0702e6,1,boleto,1,18.62
f205336be829af209878b6339cf02c7e,1,credit_card,1,74.59
f2a5336cc1662ad56b16f4ed6e4b2de5,1,credit_card,1,429.7
f2dd5f15184c73c0d45c02941c7c23d1,1,credit_card,1,91.92
f30663edef2c5ccbd8ac1901275ecf64,1,credit_card,1,45.62
f313be47c42e07616027ad6d6ac3034c,1,credit_card,7,74.49
f31853a4f30d4851c847e4494663e749,1,debit_card,1,176.23
f38755557b9876c68991673e64852af8,1,credit_card,2,107.27
f3c95cc4d7074e5b709ac1a9c10dea1c,1,credit_card,2,25.46
f3f12fc90564a9b036680a887cd64668,1,credit_card,3,144.94
f400946403a78fdd034cf522d3f85512,1,credit_card,1,65.36
f4026d9ae34e982204b4f7b627939d32,1,credit_card,3,205.96
f53b39c6c91ce86717c15d8e4e5da0c2,1,boleto,1,25.1
f5d54f3d6cc2c7125dc1de8888ce8975,1,boleto,1,121.84
f63be24880200ae32aa24f5b458a3dc3,1,credit_card,1,147.99
f688669f48063536e082bb32d634cd46,1,boleto,1,111.22
f69ae31bce06a78d626762b53067c7e0,1,credit_card,3,173.77
f6b63a36cd2dd4fd184e6da3f911a4de,1,boleto,1,35.42
f716dffba1232aaef7c899fb8c14db97,1,credit_card,10,354.35
f7310018040436b01ab03f81b301b5de,1,credit_card,10,363.39
f77dc5ef53142abf2e1734622d81f664,1,boleto,1,169.23
f781dacd75aa73166785a35929546894,1,credit_card,10,250.69
f7886facb594e65f0c41cdbb0583b560,1,boleto,1,154.1
f7a4be4d6edb66bd0e62e91e1bbc9061,1,credit_card,1,66.99
f7b9821d83a86f942cd40560f3c06622,1,credit_card,8,419.06
f7d546d5833e27f1f2815dc05d94b4c0,1,credit_card,1,156.58
f8156c3c902b5ae88ac59a6c7b28f72a,1,boleto,1,60.64
f85e82f7a3b6d26dc7d16b7c2c39b31a,1,credit_card,4,257.9
f878206572adfa47110fed4947806589,1,credit_card,3,182.64
f883e09a1fb01318052c6ab839efb34a,1,boleto,1,45.7
f88aa9b677553d2e3f0e77b495066619,1,boleto,1,60.41
f92641ff0446a0e1c57195ebfe76e16a,1,boleto,1,18.62
f9427374480e37251d5c279ebc41a3ab,1,boleto,1,43.9
f9b03f7a6e5788ffb6cb6b4cd0d01892,1,boleto,1,116.17
f9c44da06151c190a9a6c9c712873d10,1,credit_card,5,92.97
facac214a771c262175219d6c5a3a439,1,credit_card,1,25.51
fb5114c39f632a52598cf770c6076620,1,credit_card,3,51.05
fb975e889b11a08705d3b2734b626916,1,credit_card,1,47.02
fbbc9a4fa88f1ccd651790df665b3e57,1,boleto,1,119.43
fbd82b1fe98967de0db29b6cf134d00a,1,credit_card,3,51.72
fbee80ef6891c144af8ff9dc788aaa89,1,credit_card,5,58.74
fc28aed78cb8bcd22a7dbd82cb778946,1,credit_card,8,517.59
fc79bdcefc8fbd9f44f8cf9633793359,1,credit_card,2,23.86
fcafab7fc942d51e9f45bfeeb5bb684d,1,credit_card,6,60.1
fcda3cc8210e746326864eb933641ccf,1,credit_card,2,27.04
fd4787fa8be4afcbd8ba795e775cab51,1,boleto,1,102.8
fd4b04818375a4ba579a80c8d37f1b24,1,credit_card,1,42.42
fd930246eb1c751ee75add493e49ea34,1,credit_card,1,77.16
fdb3ef83ea6f7bef7d13bdd9b38da661,1,credit_card,2,122.54
fe2ac30768e07e362b649951cc625144,1,credit_card,1,93.72
ff42eee9423ebc7d468a3709e1cbefb7,1,credit_card,1,149.57
