product_id,product_category_name,product_name_lenght,product_description_lenght,product_photos_qty,product_weight_g,product_length_cm,product_height_cm,product_width_cm
001c5d71ac6ad696d22315953758fa04,cama_mesa_banho,50,381,1,1800,47,21,41
00be617b58175bf207fd35910d5097a4,cama_mesa_banho,52,396,1,900,45,15,35
010a3a47c14f1295796c08419f32cef6,telefonia,41,285,1,200,19,5,11
014a8a503291921f7b004a5215bb3c36,bebes,37,497,4,150,16,7,11
01586bfbe1d5449887f1cac4ad1fbd02,telefonia_fixa,47,330,1,125,17,6,13
0167ff78aa8cd40d5432d3daae646c7a,moveis_decoracao,30,195,1,700,33,4,24
0233dd6f06e23c705ab76dc3ab165837,cool_stuff,45,1057,3,100,20,16,16
027cdd14a677a5834bc67a9789db5021,perfumaria,42,544,1,341,20,18,16
02a99f266fc960423c1186ecbd627804,esporte_lazer,39,720,4,300,22,14,18
036bcd084feae22f3a997f5080ec30df,moveis_quarto,61,1961,1,200,16,2,11
04c48a5fe31aedc4ef3896c005fd483c,perfumaria,36,574,1,449,19,14,14
04df667e73ca2fab4b9a97c86466b699,relogios_presentes,34,541,1,404,22,14,17
0521fe3eb04940304b489d0fb49a37dd,ferramentas_jardim,58,686,1,1450,90,6,18
0534940d69bf94dc61c0e722b4168235,moveis_decoracao,32,337,1,2300,45,25,20
0561435e3af107a3bd2104466ad5985a,cama_mesa_banho,40,313,1,900,36,6,26
05fca08b4d54ab5d1d371db7d5534136,informatica_acessorios,47,1009,4,300,20,6,13
062619359d5f9a664606cb2a6ccb477a,beleza_saude,64,1394,1,2000,20,20,20
06e73ddcb54620a36bfdb2e073c4dc40,fashion_bolsas_e_acessorios,48,357,5,150,16,9,11
06ead9c0b05b368667d858c09148af03,consoles_games,41,235,1,467,23,11,18
078482c5821678267aeb55b8edcdcb29,market_place,36,1339,1,250,19,14,16
07c055536ebf10dfbb6c6db6dbfc36e5,moveis_decoracao,59,473,1,600,30,3,20
07ecfc5bd0d3ca496facedede13afb80,relogios_presentes,50,389,3,740,18,12,15
085481a1b9ec9eaa346ae0a39bd3c340,moveis_decoracao,58,297,1,5070,56,38,48
0980718a7bdcf89f5848b202b6394965,beleza_saude,56,627,1,2000,37,30,24
09b590ada623ecf66329917ea4731957,relogios_presentes,44,1396,2,214,17,11,13
0a6cf067b01351046739940c8cb7f60f,brinquedos,49,893,1,600,26,13,41
0a9bba9c02d484c391416587002dae47,beleza_saude,62,554,1,900,16,16,15
0ab80f38a21093b448518f68efe82c24,utilidades_domesticas,63,245,3,200,16,4,11
0b230f10ac2cfc4c831b825bf31a5de2,pet_shop,63,1440,3,1500,50,20,40
0bfd2b8146cd034448f6e4c8ac8e47f0,informatica_acessorios,44,800,1,1100,31,12,11
0c3256090b6cc52703b152c874827cd7,consoles_games,57,762,4,200,21,7,16
0c5801458e74f9b6c23b44c331426e30,cool_stuff,56,1383,6,1850,18,23,26
0c9ff9d8ed9b9bdd825487b3a66e05f5,automotivo,55,620,1,7225,61,13,61
0cc13a424dc207f8c4d3b26ea1cd384c,moveis_decoracao,43,862,1,5300,27,47,27
0cf13ac73dbcf6586ba63b89dd1f780a,moveis_decoracao,39,398,5,3700,25,35,35
0d1d766e7cdd4a724e9ea9a18e5177bb,telefonia,49,1948,2,700,23,6,15
0d3847e4cbb1d79d2e28b2156f1e11f2,moveis_decoracao,29,631,1,23375,66,43,66
0dcbc0d012d42719216ea7dff6b90a6f,brinquedos,53,1047,5,1700,28,50,24
0de1e69dff6f40f9f71be7034a8bb8d2,perfumaria,42,388,1,579,21,13,17
0df2a1aed6dc8c10577115fa9e4b6de0,ferramentas_jardim,54,350,3,1233,32,15,29
0e92dcf7b03df1de4e9349af065f8e63,moveis_decoracao,47,372,1,400,37,15,27
0ec63d4c614fff936b02b10d242bf955,moveis_decoracao,59,457,3,1350,45,15,35
0ee7a6e1cd4ecf72e711a2f68b4d8d2e,informatica_acessorios,42,796,1,1000,31,12,11
0f3777229e40207d248acfd6e1f716b6,esporte_lazer,64,640,2,30000,42,105,47
0f3c8906e5b08127d539956bc587074c,esporte_lazer,27,293,4,3325,71,14,71
0fc6914383c2bea767a9562c9d8b43a1,informatica_acessorios,52,644,4,338,32,6,36
107177bf61755f05c604fe57e02467d6,moveis_decoracao,55,130,1,2050,40,11,34
1074656a4fa698879d65d619f58083b2,esporte_lazer,57,779,1,1150,26,23,21
1097d069f21f90425a11bb3293ca1d87,moveis_decoracao,63,682,8,1700,43,36,25
10dd77710da08ea43018cb3b4cedff92,esporte_lazer,58,1185,3,400,27,10,28
112dad9870ca76046f327b9c08f00b29,brinquedos,40,1493,1,700,31,5,25
1155065aa63d0a6d301e174ebb2972ea,esporte_lazer,34,465,4,1400,27,12,49
1178e5819b87e4a8846d636e39df026b,automotivo,62,418,6,400,16,7,12
11875b30b49585209e608f40e8082e65,esporte_lazer,26,1465,1,1032,17,15,16
11fd9d7ba552e1d28872e008acf1e050,cool_stuff,31,1194,3,10225,19,11,11
12595985a0207bedf6e09ef07e1f98a3,esporte_lazer,63,666,7,10100,80,30,60
12715d8bb61f9c2c26219377d9737584,eletronicos,53,1996,3,373,21,11,17
140395ed1d1dbd100f577c5403181a1c,esporte_lazer,30,137,3,400,45,7,20
1412c0124f6acb78a0a1023ea5e82c88,perfumaria,46,409,2,500,37,23,24
146e38440bfc14b0d923856ddac3709f,brinquedos,42,1109,2,1300,16,35,58
1514ddb0f4a5afc8d24104e89c714403,pet_shop,54,282,1,200,16,2,11
152153cc85a6e47325494a479a93fc4b,telefonia,31,269,11,200,16,3,11
15b3d4c8373cd64166af5504b49d289d,moveis_decoracao,60,856,1,1400,43,5,30
16ce899c7af0c99f46948734a0d00f0f,papelaria,49,326,1,1000,18,17,25
17383e180cbea9ef103d90a72754cd54,utilidades_domesticas,62,997,1,30000,32,75,32
17469cd3d2559b93669a813860296b8e,brinquedos,60,1212,4,1200,28,13,21
1789a1b00c33bec9db6e27b4848a5c94,informatica_acessorios,37,603,4,400,37,6,12
17c7ec33a1657924ad493e6978b4bf91,bebes,31,594,6,950,22,20,28
17d17b9640ddee0ec3fa09c91b284ae9,utilidades_domesticas,50,476,1,500,24,8,15
181b31b11ea16a87d5acab5a78320b93,esporte_lazer,40,593,1,5200,23,23,11
1949890685a12526806e9463ba1a3964,fashion_bolsas_e_acessorios,47,1182,4,100,16,16,16
196616257eff8bc851dc4fc041cbbbe9,moveis_sala,32,608,2,9750,27,15,92
1a06cc924ba852bef5a19bb5aefa4d6c,cama_mesa_banho,60,332,1,4700,45,18,35
1a2d84c11fbc7b3d7c0a10206c085ce5,telefonia_fixa,44,333,3,100,16,4,11
1b06c90f0a31f14d0f505323b5723a80,ferramentas_jardim,58,747,4,650,19,17,19
1b717631654816892a7b2ef8b7c7c3c4,moveis_decoracao,55,1963,3,3000,69,11,11
1c1baeabe25824c8c22b511643852906,beleza_saude,52,577,1,457,19,12,16
1c2862e8f831c73dd953c24b3fd5b9e2,moveis_decoracao,60,120,1,600,18,30,15
1d092cf4f9b3ea4bed6ec6566b38ad45,papelaria,49,129,1,300,25,16,16
1d3f55c00acdb29bd959f2760abc8b7d,automotivo,56,614,1,5150,60,12,60
1d828db422e61ea21702baf9eda8732d,telefonia_fixa,49,210,3,100,16,4,13
1d9c26a3cc1a9a167955e3922b597210,perfumaria,60,1038,1,200,21,7,13
1da5a90b5fbd1e1bc37b7bbb999c7bd3,moveis_decoracao,45,606,3,1000,29,13,13
1db2dfac4f8c0a4499f94838b3ee0628,moveis_decoracao,63,390,1,900,45,15,35
1dc6a19ea34c75792743abebd47309d3,brinquedos,56,797,3,1850,36,36,37
1dcff375b928a1807562ea4a895a8046,moveis_decoracao,50,754,3,1100,30,11,11
1dfa1d1603b10b073093775015d0fc74,fashion_roupa_masculina,36,622,2,900,45,10,35
1e571e871a93944c5c48e6226f2cd94e,beleza_saude,63,2652,1,400,20,20,20
1e6981e727154bcd941d51fda894b183,bebes,18,778,2,1450,18,44,34
1e9f407b0d5f8f439956c66df050c107,eletroportateis,46,603,1,450,20,20,25
1eb85357e22bf0c8c2a6f10eafad8423,consoles_games,49,496,2,700,17,7,17
1f1354b0aa934e7ad75546467a6d028b,moveis_decoracao,47,372,1,400,37,15,27
1f50c7757334d6acef5e3c5fa64eb3c7,moveis_decoracao,40,406,3,700,24,19,22
1fb368a1506cced21a07abb6d220c4e1,consoles_games,46,1469,4,98,17,7,12
20090bcd0d43eb49feb63d53d387780b,cool_stuff,63,2597,10,300,17,17,20
201ec8e4fb8456dd06265be68eb419a7,moveis_decoracao,52,1743,2,800,68,8,13
2029248294c186017ecfc48cecd47bbd,ferramentas_jardim,44,586,3,3250,32,14,22
20518c6950587eb5e8f02dad2fa0d685,market_place,63,1652,3,200,22,4,15
20e37962088a4061d3578def47a8648b,moveis_decoracao,60,208,1,800,40,10,34
21a95b5525c6d658ff4e5e1b50f7c02d,brinquedos,24,318,2,650,18,25,19
21fb5057dd6a737df6851a7ab7a130da,moveis_decoracao,52,709,2,7550,35,35,35
21fd3b391a97c2fedab9d0efdd183a93,utilidades_domesticas,57,983,2,2650,53,15,13
2235d08138bfce7801a73463a3168ea5,esporte_lazer,63,923,3,1200,70,8,15
23384f296aa1bf6461d22912093a9847,cama_mesa_banho,63,434,8,100,16,10,16
242eb53ca3c0b52e275b6fd7ce8b0be7,fashion_bolsas_e_acessorios,44,1357,1,200,16,2,11
243bb58796ed2164b831fb75e1241888,automotivo,43,246,7,300,16,7,11
24905035adec59d4ab5a46c13973ef17,automotivo,52,107,3,100,20,20,20
2504bf725d7aa06820b73b85c5ca6653,utilidades_domesticas,44,250,2,1500,32,5,28
25287671dbfca39d8aecdd754c28b269,beleza_saude,58,1402,2,1600,16,10,14
25a1c5b2e0ccbf703cb7b69ffebfaf38,ferramentas_jardim,39,1507,2,1100,20,20,20
25ed6ff9d1830f39f847e63f2653c07f,telefonia,36,1113,2,239,17,20,13
2636a9812d151c718b53387171ce08be,beleza_saude,52,2088,1,443,21,13,17
2647bd04a8ac8605c0034dc49d21445d,moveis_decoracao,58,2132,2,3000,69,11,11
269e87010f6d5e57015a90b00983e334,informatica_acessorios,63,167,2,250,22,2,14
27051f70cfcbd63fec388f34e1f0d2a2,climatizacao,46,293,1,5524,42,37,28
27066995b777fb84dbcb25961fd6d007,brinquedos,44,619,2,700,16,21,28
2794308672e65bc5a970a627ddb9b0f1,utilidades_domesticas,39,116,1,500,105,19,13
2797d3826d386bfda4f347a378b89f4d,pet_shop,36,142,1,200,16,2,11
28c8150eb44ec8106c8f061afd9c3e9f,telefonia,63,1036,2,110,23,6,15
28fd1639ff52d870a3d2c38090d2d902,climatizacao,48,787,1,3573,50,58,32
2929be0cb603321a26091c3f376d52df,moveis_decoracao,35,272,2,450,16,26,14
29bedbfbe73ea473396306b4f0c010ec,utilidades_domesticas,47,187,1,7600,55,33,40
29d2735be03e1169db0545c3741c74e5,informatica_acessorios,35,770,3,200,16,6,14
2a763f02c6a7a8ab7c1be0460ff891d0,moveis_decoracao,53,575,1,2500,35,9,25
2aa489c905e1d41d8c716a6d6912d8c2,perfumaria,35,776,1,635,20,17,17
2b50a33b93e3b489f648b9166a62e13d,moveis_decoracao,63,199,6,1100,31,11,26
2b5ae8fa7040dc2ecc8483150f36a667,bebes,33,1066,6,600,35,7,40
2b5bed5ddd304876b5d0c3eca2b6cbce,moveis_decoracao,53,553,1,1400,35,9,25
2c2a7e84b8ea741adf739c11dd78ee1a,cool_stuff,58,2216,1,300,16,16,16
2c41d13dc2cf0e9c2e8db8952f0f3ff3,informatica_acessorios,45,802,1,1100,31,12,11
2c818013dbc95f5cd2d6a393a31813e0,moveis_decoracao,63,233,11,1500,42,14,32
2c855454330b900b5238383ea6e815ca,moveis_decoracao,63,627,2,2500,38,7,28
2c92025a63896497612a531b6d015669,beleza_saude,57,2455,4,200,16,12,12
2d2600c283c0c1af0528fd84c14a2c28,bebes,32,467,2,4117,60,15,49
2d78dc9b1f4a5d1ceb28287b82d85b86,moveis_decoracao,56,296,3,1150,100,7,12
2e5c0bb27fdd53873a033938b91ed656,automotivo,34,812,4,2700,20,40,40
2eb6e8f39feaf75fc5163f774d38f0f1,pet_shop,53,1517,2,467,19,15,18
2ef9d434efcd0544c16be36a03c7652a,perfumaria,39,525,2,418,19,14,16
30001d6521e7d5826eb1881050cea7e7,informatica_acessorios,33,1084,2,150,41,2,29
3025303c80b01a0926fda2841cc31b4a,esporte_lazer,56,222,2,2100,40,25,28
30469bb5ea377eae7121981e2f0778e4,esporte_lazer,57,574,4,5950,20,30,80
31c50827b6b5d0f51d61c8b2aa98f6e6,cool_stuff,33,805,2,1500,40,40,30
333f07710e0ba89e037d164c13726e6a,brinquedos,58,470,2,1600,22,38,32
33430c5c1027d812b5c62f778e5ee7f7,consoles_games,41,309,1,200,21,21,21
33731b575da5eeaa98cd7c30b2c5c2e0,ferramentas_jardim,47,1506,4,700,20,45,20
33e0cfd1cd80a0491da068d7a7f93ff8,cama_mesa_banho,44,501,1,2400,30,30,30
33ec1056063990a554e2e2cd85219de5,cama_mesa_banho,60,624,2,400,57,4,28
33fac76e7f17367dedaef7954bbb33b4,beleza_saude,63,1113,2,550,20,20,20
3410cbd7df2130ec3cb9300ef0fe3df1,informatica_acessorios,34,324,1,675,21,13,16
34239894e175b17d8c84edc6c73b4dad,bebes,35,221,5,400,29,12,23
34742604f6cd1e891726b849b6890f81,esporte_lazer,47,1582,1,12000,105,46,46
35084deab9603bbb6035bb8638b1df89,moveis_decoracao,49,100,1,1200,25,25,20
35488a9242f4aa7f9f5c3580f1243512,cool_stuff,58,2272,1,200,16,16,16
35bd74b6319ba18ae4f30d8b54144fd2,bebes,63,60,1,200,30,20,30
362aecb999551eb6adcd8c5594e255fc,consoles_games,31,2291,1,200,33,33,33
36696562bef043d7e07305d62baf5ca7,moveis_decoracao,63,199,6,3800,42,16,26
368343a35b2e888dae4f3f831d22437a,relogios_presentes,42,748,2,300,16,13,13
36c2d6cd6fd0a6720f3ebe3379a2032d,moveis_decoracao,63,1927,1,3500,45,10,30
3790861742b5e1e8c72bc179fbeba4be,moveis_decoracao,30,380,1,250,20,6,14
382d28bfa85a9857cd10bfdb1b8b7f80,moveis_decoracao,26,190,1,3300,23,16,23
38650206798cd31f659906705a0eff70,moveis_decoracao,58,275,1,1800,45,14,35
3889a02f55ae9a5e5e321c4a4d2eee64,moveis_decoracao,60,448,5,16300,30,30,30
389d38a555287ebf3413ce43392cf007,telefonia_fixa,40,945,1,400,16,2,11
3948f284081821f4e27ba8c23d4cbc9a,brinquedos,26,344,1,1825,33,19,45
3952bdd2bc1fc8c324a78de21ae4d801,moveis_decoracao,47,660,1,900,21,20,18
39731b928af43b0f49dd60d4706e403f,beleza_saude,50,431,4,20100,90,60,20
39e96bf755a2107369e9e9654476d831,moveis_decoracao,57,470,1,2200,50,20,40
3a70556370b28da113dfdd18d2da5413,moveis_decoracao,53,617,2,633,45,4,35
3ae08df6bcbfe23586dd431c40bddbb7,relogios_presentes,63,1642,3,300,16,16,16
3ba2b0de14984ce8f072c58be8d701dd,brinquedos,59,1164,4,6133,44,35,48
3c2f792f1041177a81913a977431a99e,eletronicos,40,549,1,200,20,20,20
3c37a8a5d5ef2eca9d5e6ccf39673031,bebes,28,260,3,1836,33,28,20
3c980d4656c6379e6dfd704a2cc48a88,bebes,41,1098,2,1167,30,25,26
3cacd5299c846cb08ae1e445fd78392b,beleza_saude,35,469,2,350,21,14,17
3cc52e01a315aba7f650574a3a256b1a,moveis_decoracao,53,1391,3,3100,35,20,35
3cdff94d5455b793b415be775cace03c,beleza_saude,54,340,1,250,16,16,15
3d37da85f5e66558333fb5daee494736,beleza_saude,59,1828,1,1400,20,20,20
3dacb3ae011b40803a508b23392e15a0,papelaria,57,1682,1,7200,43,23,33
3df9a620374297d963f991ff296639a4,moveis_decoracao,63,838,1,1500,43,5,30
3e8a0f0a4389aa563b110eab167d99d4,bebes,60,1212,4,1400,28,13,21
3fd19f24609ba67a95e7a88f1b0e8e7d,moveis_decoracao,23,910,2,1700,20,45,15
3ff81cd0e0861e991bb0106c03c113ca,brinquedos,63,2314,8,600,21,14,21
40057bb8798f91bc5835fe774b8b4c36,utilidades_domesticas,49,707,2,800,25,8,15
402e8d6a95c83da5c3cef16b795329b9,moveis_decoracao,40,160,3,523,20,25,20
407e01944d78001dbd21da4c2059b8dc,telefonia,51,1570,1,300,16,4,11
41817d1d44000e3105f24470a5224bcb,esporte_lazer,48,687,1,1225,25,22,22
424471a68d6b1ae4a53d39723e6981d3,eletroportateis,49,1274,7,3767,34,36,28
425a12d4dd8e5e7ba3be5c4157f1fafc,relogios_presentes,53,657,2,246,18,11,13
42d2add84cc80443a8128adc87b6a958,perfumaria,33,1458,2,467,19,10,14
43bb8825dd6838251606e5e4130cfff4,moveis_decoracao,33,259,2,1500,65,15,15
43f88c8353708451babf9bcdd1fda92a,fashion_bolsas_e_acessorios,46,419,4,200,16,5,11
441571d37eb4c02c1686c4a2cff8a8e5,bebes,60,1797,5,850,68,8,13
44377a26f7c80dbf0a9b2b300604e6bf,beleza_saude,45,1634,1,1400,20,20,20
45f176c0bd310b5d35594fc78a8ed5e5,brinquedos,43,1324,4,3625,29,38,26
461a85909a0075c82f74d0221f6991c9,utilidades_domesticas,52,1307,3,8450,35,35,35
462ca84097e3116f8dc7642fb057b4b2,informatica_acessorios,32,1078,2,200,39,2,30
4632bc49b300378ed4f1d48f424d414e,automotivo,33,513,2,795,30,15,26
46cc07237660346018f8838ae0b7ed2b,bebes,39,609,1,550,40,19,16
46d66b9ad911a2cea5e3c9127aa7fac5,climatizacao,50,295,2,3342,39,26,21
46f739c1cd676603026c0af4d29ef7a5,automotivo,55,212,3,1850,20,15,20
473795a355d29305c3ea6b156833adf5,perfumaria,36,605,2,100,20,20,20
47c064333cf67e5cdc8243db3f095767,utilidades_domesticas,63,369,3,1000,30,5,35
48a12f318432c4b6a1fdfd5d79372e66,cama_mesa_banho,54,584,1,1200,33,8,23
49cd59957f1c81427ca0b2edf5696969,bebes,33,55,2,400,25,10,30
49e142d8098b20ff2dc9ec73cdd5afec,brinquedos,42,844,1,150,28,13,22
49eaaa38ac3df51ca790372b47b99604,beleza_saude,36,1467,1,175,19,18,14
4a625789888350aabb6b1acd0e8f9e39,moveis_decoracao,49,833,1,1000,40,8,40
4a90b44b456e79e7a33435fdd36e551f,ferramentas_jardim,64,2432,4,10700,32,63,32
4a92216ec92c54fca6f132ae1988390d,brinquedos,36,355,3,900,30,35,40
4af813a3e5bc89370ef80fe126542076,brinquedos,43,1433,5,10450,35,45,70
4b1bf508b7e2b27e8472c16d7f189909,automotivo,63,1049,2,2800,40,16,40
4b88b15eb9d5ad74ffa095bcd4ddb64f,market_place,43,919,4,7500,24,38,23
4bf205e4dc4e2c6b258e1ec0e2be9367,cool_stuff,54,710,3,797,17,16,14
4c55077cfe05007e8051304d1b721343,beleza_saude,63,751,1,300,16,16,15
4c72e6d081c8a1b5430351d015eb86ba,moveis_decoracao,48,183,4,2000,35,15,25
4c7d4a2efde21e3bf1660926fabc6a9d,beleza_saude,60,316,3,250,18,10,15
4d3e81b2dfb45a73759982d63e532e94,cool_stuff,49,425,1,200,30,5,30
4d7ccacbf7d2dd3e566cf5f149fb92e8,informatica_acessorios,25,364,1,817,26,13,21
4d882bfbe6d83c0671d5b2776d46c248,moveis_sala,63,745,1,28100,97,9,75
4da0329350218978429b287440f4b87a,moveis_decoracao,63,683,1,400,21,5,15
4da918a160c19da9bfdf9945d18006ec,instrumentos_musicais,56,1262,2,5600,30,62,45
4e0946aebc8e1d7521219ec1e7380aed,brinquedos,48,485,1,5470,48,27,42
4e77e23d6c2215228d4ab312c0b8d405,perfumaria,31,65,3,400,22,3,16
4eb3e07a4b54437a7f63eeb577ebf73a,pet_shop,63,1515,2,850,19,15,18
4f8303640418a925cc83a18d2caf0dbe,esporte_lazer,58,402,4,500,24,16,16
4fb3bad6b502eaca3b6d7d87bc1613a4,casa_conforto_2,55,191,1,663,20,20,20
4fcb3d9a5f4871e8362dfedbdb02b064,automotivo,53,603,1,5950,65,11,65
4fee671ea459ebc96546523917e254a5,consoles_games,63,2872,7,4700,35,22,32
5008f57a319af1670091cd1d64656910,cool_stuff,64,246,3,3600,20,30,20
508d48ea59be64138f0015d2cb9c75e7,beleza_saude,29,1212,1,5400,18,10,15
50908a7240199b240e6d857e740cafd8,beleza_saude,39,692,2,429,19,16,18
50aa8f292a9510d5542f2a078903a2a7,esporte_lazer,49,1141,2,400,19,11,37
51b0fbc0001335d988588a43455a7514,informatica_acessorios,27,636,2,200,16,6,14
51f906f965ca71722df2059f9a7c1b62,,,,,25000,52,78,36
525a5744fb5d26e4035d0610446900c5,market_place,57,386,1,375,16,13,15
52801616f7cc110c31c559fa94cb8563,moveis_decoracao,46,210,2,417,21,21,22
52b668edc0d0c20cd9319bfda4019597,moveis_decoracao,59,205,8,900,31,11,26
52c87e7b33516eb97c3023a20848ea81,fashion_bolsas_e_acessorios,38,217,1,200,24,9,16
53bd0c908c6ab820c9828763348728ef,moveis_decoracao,58,275,1,1300,45,8,35
5445335704bf8a32827f3bf6b9701ed9,esporte_lazer,39,468,1,200,20,20,20
545085671b9f2d7d2e1a9110b15d838c,relogios_presentes,43,1534,2,413,19,12,15
54c31c4585d30843421c7ea07d80f84e,informatica_acessorios,41,717,1,200,36,9,20
54f45413afc0d5480c59f5dfeed2d19f,beleza_saude,31,490,3,2450,20,12,28
5538ed283fd2d0e2a1151507e1cbd59c,esporte_lazer,53,1326,1,400,25,8,18
5554c5718f820a868853dbc5ca859b3b,esporte_lazer,40,595,1,3100,19,19,11
55ba658d5c2f0b1f118f98c36fe3fa04,brinquedos,63,2136,1,200,16,2,11
55ebae49cf4c0963d5738a39e1e79750,fashion_bolsas_e_acessorios,54,588,8,300,22,14,22
561e48cdfacd14e7cfe67aa4ebd0caea,pet_shop,63,1538,2,650,21,18,20
562502b79845deae9bcd86384921a2c5,moveis_decoracao,51,1010,5,200,25,40,25
566837caf82af3f65421f9d9d8820a27,moveis_decoracao,56,385,1,700,25,2,17
5691a536d459e5cb326b7bedce928067,climatizacao,41,775,4,8600,29,50,25
56fd30e18420cb9a5a50c718168fa660,ferramentas_jardim,62,2167,3,700,16,17,16
571e2f5577f9e5ac24fc2a1daee8924d,moveis_decoracao,63,910,2,15600,26,18,86
57d9a5d185e8254383504f57c4b8ddcc,moveis_decoracao,55,466,2,500,16,30,30
57e5c7033739b88d673eba67e9cf9376,telefonia,50,361,1,200,24,21,21
583916a5dae918f5e89baec139141c54,,,,,3100,28,28,50
583f23b0484747654c01a98021608a89,papelaria,58,267,1,1300,24,47,39
58c41dff5d439e3f6260765550748762,beleza_saude,55,843,1,1600,47,18,26
591afedd45ae097827bf674a8491ea21,eletronicos,32,268,1,7900,60,10,60
592dcb7933e5bf8d04d6b80a6c6312a2,moveis_decoracao,50,248,1,1400,40,8,30
5a2de1e2c45d0602659260c6dd4aff70,moveis_decoracao,49,1449,6,200,16,16,16
5a4ec7366f4a5fddd269c4d9a047c6c3,informatica_acessorios,43,205,1,200,16,2,11
5a6b04657a4c5ee34285d1e4619a96b4,beleza_saude,34,1036,1,1000,16,16,16
5ab02ca028398131a5ae91401eb49788,esporte_lazer,33,1322,2,700,26,16,21
5b8423dc7f23089c9c59c5d140eb5a1c,brinquedos,59,1629,3,5250,51,15,52
5bfc7506459ae2a7b4b573fe557a58e1,cama_mesa_banho,57,535,1,800,45,15,35
5bfcd193eb29c1c8332e2d4ca804d54f,consoles_games,52,1236,1,340,17,7,16
5c12fb778168a77e3ffc8d7dd7a689fd,perfumaria,63,815,4,400,16,10,11
5c15e8f223a8bf0d7858c403ddc1b0ed,moveis_decoracao,63,699,1,650,45,15,35
5c6dad13ed0e96184a1bad2adbbd6394,ferramentas_jardim,36,934,8,4000,40,13,19
5c75915e4a74994308fe805cdbfbf5f5,automotivo,43,668,2,100,20,15,15
5cca824e6a0eebe738c8a6381d0d9349,informatica_acessorios,63,978,1,200,16,23,19
5cd07c84a1c25575ac2fc3fa73f1d952,brinquedos,63,2873,8,1200,39,22,14
5e57a146ccdca976190821a00a059ebf,perfumaria,43,837,2,411,21,19,19
5e80fe2cee2f6de9a494047ed35a2fe3,ferramentas_jardim,63,1244,5,700,36,21,36
5f8c74f4a3d2b616857fcb7d4dd1f61a,livros_interesse_geral,41,1009,1,1500,25,6,19
608b018a4443a457a5cd1e58de213cb2,moveis_decoracao,35,688,1,300,22,4,11
610a37c2cc32f63b7dfdafef64e5069f,utilidades_domesticas,50,548,1,1400,25,32,25
61984b4164968929229a5bed244e353d,cama_mesa_banho,53,396,3,850,38,13,25
621b15d249d471192c1bd7ade2dd8b86,fashion_roupa_feminina,26,225,2,300,16,2,11
636f5be2cd52da4047bb73b7b15329e3,audio,31,315,6,300,16,9,11
63cbf4066cf395d6634831160ddacbbd,moveis_decoracao,53,356,1,1200,20,16,20
65bb78cf0bbc3ca6406f30e6793736f9,moveis_decoracao,56,296,3,2000,100,7,12
660422061e06da17ca6101e9d6b7aae8,esporte_lazer,35,1214,4,30000,40,97,40
661e3bba6bdb874638367462b49ae590,,,,,450,30,5,30
664e6b2966fbf2ba213de566c311cd58,relogios_presentes,45,603,3,330,18,12,14
66921e471530ee0d23a53ad72f49887f,pet_shop,50,770,6,13700,35,40,60
66e08854f9319c6aa4874ca435598331,cama_mesa_banho,54,584,1,1400,33,8,23
66f01f544ba693e1a1a7428caec79279,moveis_decoracao,54,757,6,3300,19,7,16
67473aa97e981b3b8abaa6a8a768eb26,beleza_saude,60,450,1,400,38,12,25
67639b8cb7f4b8c431ed4c48a76866e0,moveis_decoracao,59,241,1,2200,42,12,37
679804d4938f8bf53025298b725f2eb6,market_place,63,677,1,500,16,16,16
67f95d5d22a25ae3c8c0651319c7d355,utilidades_domesticas,55,4,2,681,39,7,28
67f9d01bcd84e2229ba6f8a75b635b40,moveis_decoracao,58,372,1,300,37,15,27
67fcc72a4cfd0ac826c0158ce5c98ae6,esporte_lazer,45,1562,4,3150,60,9,23
680cc8535be7cc69544238c1d6a83fe8,pet_shop,48,1392,1,200,16,2,11
68a058d125ba1544e726898f0b8c0523,moveis_escritorio,54,1283,1,10475,52,51,17
68bec1af3851f58027db8beadf3914d7,informatica_acessorios,41,231,2,350,16,16,16
68bfdbfe84f03af17733b10362f10020,moveis_decoracao,63,244,4,600,29,12,23
69faf0d53eb73597d6cfd50175901a56,beleza_saude,36,1732,2,300,37,23,24
6a4afe6c644493c0a79d2c54c8149938,moveis_decoracao,55,130,1,1900,40,10,35
6ae7f4ef0ca670ca2609d039af87d057,perfumaria,34,515,1,200,20,15,15
6aeed495dcb87dd06532f70dea6ebb5a,beleza_saude,64,1404,1,3100,16,33,17
6b119e825230e877b98f89b47081bc52,fashion_bolsas_e_acessorios,60,403,4,150,16,9,20
6b2c1aa8429875eb5ade006973f8bad8,telefonia_fixa,41,222,3,90,18,7,13
6bf1cd252d73626ab181be470f56e07b,moveis_decoracao,63,143,3,1250,16,32,16
6c0163ecd7df58f4240f9a83ca6079c7,informatica_acessorios,59,765,3,300,16,10,11
6c04a068e5ab37749c980c42a036b9e3,automotivo,52,1367,1,200,16,2,11
6c0d548acd149f30331671548dda66e8,esporte_lazer,63,406,2,1400,80,8,15
6c32e1f7898b6a905ee6ccf087461abd,moveis_decoracao,60,764,1,900,20,20,20
6c34d241bbd85d693f1fee6a4b8a8e2b,eletroportateis,40,753,2,7350,35,35,40
6c7a0a349ad11817745e3ad58abd5c79,seguros_e_servicos,55,506,1,1225,27,35,15
6cc859e89d080218ff4416539ffa030c,cama_mesa_banho,59,225,1,1600,35,8,29
6cdd53843498f92890544667809f1595,beleza_saude,51,625,1,900,25,12,38
6d2928252aa5ba6a5fc439571dd0d748,consoles_games,61,3416,2,1200,25,18,18
6d59a3fe3140425fb175cdd1e688dc2e,moveis_decoracao,57,351,1,400,30,10,30
6d811b6e8cada9a8f7f38bb315620e1b,esporte_lazer,59,447,5,8700,25,60,40
6dab56beb5263f0d554cae5c55809208,beleza_saude,56,966,5,175,16,10,18
6df665a20caa80a66804f836165bbf36,automotivo,48,1841,1,4300,31,11,31
6e2c62713ec17c681eacdf653dddb4e5,ferramentas_jardim,50,1430,5,300,17,4,11
6f1ccca9f878a413a495487eb649ab32,moveis_decoracao,32,240,1,700,40,15,11
6f6f3b1a96452e2fbad0cd4f7082765b,,,,,2600,35,33,16
6f7064aeb028bc3a214a6e2bd5795e9d,brinquedos,21,265,1,1202,44,24,23
6f790ed0f75949b7fa234ec087aed912,bebes,48,1171,1,23033,49,84,49
6fba9843ddfdebe33d2625afc8001eb7,esporte_lazer,36,258,2,800,28,6,26
6fdfdddfa3c98723386e5fab78e87be3,fashion_bolsas_e_acessorios,60,487,14,700,20,10,20
6ff2272628904adc50a60b0d755e9526,relogios_presentes,38,361,1,500,18,11,14
707e0fe138efb7009e1cd32efe19ce83,automotivo,49,182,2,2050,41,31,31
721b56b7d205d6750e97716593bcb370,beleza_saude,55,3458,1,2550,35,30,13
72af228db018a06518f1b2a8c070a2ac,livros_interesse_geral,35,1238,6,1633,17,17,18
72bf8fd8b4596a7fa2c2cfab031204ed,moveis_decoracao,33,650,2,200,19,10,16
73026ce2daa69ea29901945b1f915846,beleza_saude,55,1346,1,1400,20,20,20
739312eddb4431af9a760e797da4d869,cool_stuff,56,236,1,90,15,11,12
743801b34cc44776de511ba8eff778e2,moveis_quarto,55,1939,2,200,16,2,11
755d50f7034720815db9431dc2f1cb27,ferramentas_jardim,53,919,4,300,104,9,12
7569eb05a9b91e5137cd9cf7494043e5,beleza_saude,34,1943,3,434,21,14,21
76265fc5cc76fc5f09534fb307605c10,ferramentas_jardim,58,1698,4,1000,36,24,24
7642ddbf174d9a97119510f56be6c201,brinquedos,55,1131,3,1950,30,35,35
770c09cc394c3244d902afda4ea364bc,moveis_decoracao,47,709,2,1500,30,25,25
7721582bb750762d81850267d19881c1,cama_mesa_banho,63,837,1,1400,43,5,30
77794668e2278bf0045019b0d8a308b2,moveis_decoracao,60,208,1,900,40,10,34
777d2e438a1b645f3aec9bd57e92672c,cama_mesa_banho,58,689,1,950,45,15,35
77b433708de78b6f08c64d3cb465ad8c,telefonia,37,166,4,200,16,4,13
77cad52aa444e612b99517bebbb4abb2,pet_shop,63,1451,2,1250,35,20,45
77cc62dc80ebe12a0452d1ce0565acdc,esporte_lazer,45,2950,1,1625,29,21,21
77d1f94d7eeaaeb36736fd1049e79eb3,utilidades_domesticas,52,1004,1,1600,26,25,24
77e9f75a40f2341f6a7f9f17cc0a8ffd,fashion_bolsas_e_acessorios,63,1144,8,400,22,14,22
77f70ac9f5426624db4fb65c4f1195b8,relogios_presentes,47,702,2,300,16,13,13
7858ef2bdbf08f635dedbe5cd1dc966e,esporte_lazer,58,568,4,1500,35,20,15
7868a64aa111bbb4f41f8e1146c0becb,moveis_decoracao,59,438,1,1200,30,5,20
7958e96171ca669184bf4a085d7deec3,cool_stuff,55,3766,1,5250,19,37,20
79896466715d0179d8e5c8a84e5f0a18,cool_stuff,42,3319,6,1400,22,29,13
79938780eb7ffb7289f59a9a283bc06b,beleza_saude,54,1739,1,1300,20,20,20
79bcd1f7f00535c801244eb999d8d290,telefonia_fixa,47,607,3,300,17,8,13
7a18f72d8f0acfbd60eea36f2644ce8e,alimentos,63,670,6,200,17,9,16
7bbc646134de228a74392d8407d16df8,utilidades_domesticas,60,959,4,800,29,19,21
7c68e7297c7df2535c9f0dcd61007f64,moveis_decoracao,63,361,3,300,16,5,11
7cd29da0653abeb444703cc5a957f479,beleza_saude,23,565,1,1029,20,15,17
7d1de1f9f0157db00486b7ff28b6c5a2,ferramentas_jardim,54,708,1,5100,50,73,20
7d854ab97c64ef9df2bbfaf332765786,cool_stuff,44,598,4,4100,89,4,42
7dba49d05059dfa721e63caf83965829,moveis_decoracao,56,288,1,17100,56,38,48
7e441b33f896ba519d58063f4c714bef,moveis_decoracao,51,372,1,300,37,15,27
7e7e1af4ab49963c6e1245b2dbd8f492,utilidades_domesticas,63,447,3,1250,38,10,24
7ead55b1f52de17d6dac82001470b2a2,papelaria,53,2504,1,100,16,2,11
7ed8c74b7ad2f1790a24a24c071da537,brinquedos,52,288,2,667,25,33,31
7f524cd9e1d47c5aa4b15b54d6d146cb,moveis_decoracao,31,297,1,1000,16,11,11
7fd93eccaf2d461cb6bc4bbd1aa91f1a,relogios_presentes,45,1527,2,600,21,16,20
8015f5d7a88ec30688c99aa9486561f7,telefonia,51,44,1,100,20,20,20
80d3aeff2ab6c9d795010c029dbd5ddd,moveis_sala,31,342,1,4350,58,15,53
81288df52439985f610be64465e53f57,esporte_lazer,53,3189,7,3775,35,30,30
8158477dcd2a668fb6faf6aa4131b0f4,bebes,52,1220,4,600,26,22,14
8179f0f767e26a993ba41c67665a4b10,moveis_decoracao,55,321,1,1600,45,7,35
817e1c2d22418c36386406ccacfa53e8,moveis_decoracao,37,267,1,2750,50,50,16
81c891c541361f1108fe9e2a645324d9,cool_stuff,47,832,3,13900,34,93,34
824479121ed07485e5195dd6bfe467a1,moveis_decoracao,50,307,1,500,40,15,40
8338cef8355d238f43711dcb9c0657b2,moveis_decoracao,59,473,1,700,30,3,20
838944cf86ccee50e01a52fba21cf29b,beleza_saude,63,1540,1,2500,16,32,17
83a26c42a5f94b7456425cd0cd20daf8,market_place,60,1371,2,1500,20,34,36
8470bac0f1a7439fe183013eab283534,cama_mesa_banho,63,511,1,5050,45,15,35
84c6e1fb0400fb720bfd40e3396e9044,moveis_decoracao,53,440,1,2900,40,7,30
852b19e59727d554cf958607536d86d9,relogios_presentes,36,1517,1,417,18,12,14
85b99d83c60cab5b4d8f927ad35212a1,moveis_decoracao,50,1017,1,2100,30,24,25
860a24fe5502e492593ec000b1c33559,moveis_decoracao,56,384,1,500,30,10,20
8634ba98d69440265e955814c3e4cde1,cool_stuff,63,2267,8,400,17,9,12
8681c71d24e694aaa4c582760736dd00,fashion_bolsas_e_acessorios,53,568,6,700,16,9,11
8694f037a1ff62c5b61939eb818e43ab,moveis_decoracao,57,314,1,600,40,15,40
871cfa7d587b8305a5a0e376866323ef,esporte_lazer,40,593,1,4300,21,21,11
87ecdbf76c33c8f2dabc40eeb821dc6b,moveis_decoracao,63,911,4,600,23,7,16
880be32f4db1d9f6e2bec38fb6ac23ab,brinquedos,45,589,4,200,16,7,11
8814a3da37fb9673a5ac06f82a2a00a9,moveis_decoracao,59,205,8,900,31,11,26
88d165f46820f016a6840428dd5b7996,perfumaria,40,535,2,475,20,14,18
88d524b8b5576da63abf7b16bef48a39,informatica_acessorios,29,692,1,300,16,2,11
895fc53d66ecb6c1afc40138dbc2a73c,cama_mesa_banho,48,330,3,600,41,14,14
896a64a7f34cdfef2c60ce59fa2a148f,perfumaria,50,899,3,800,38,13,22
89c111575a1b19782a2e660eff07dd8a,fashion_bolsas_e_acessorios,46,633,5,300,30,15,27
8a1e1c6e48f0d275628e3c626d57257f,beleza_saude,34,480,2,400,30,6,12
8a2e3dc0454cf3b02230d01623b294a4,fashion_bolsas_e_acessorios,50,378,3,200,16,9,11
8a330ba3cd34d650c45bce0fc21771ac,cool_stuff,44,1611,2,2400,32,25,39
8a8ffceebd3e62e6b982760275d38128,beleza_saude,36,1182,1,1150,24,20,16
8a90417eb713be09fd87a5d077ae06a2,esporte_lazer,59,3949,10,500,20,10,15
8aa6223e400af9c97b07c75993142721,bebes,54,830,4,5000,40,10,40
8abc2d73b55855c07b6888d4b21b3da6,consoles_games,33,1223,1,400,25,5,23
8adc1d29aa4fd4d758a91ef997c8a0a2,brinquedos,46,303,1,1450,28,25,29
8ae1fefcfdc30ea49de246665b6d2713,,,,,400,16,15,15
8b2a1e0d2ee4fa00cd00519b7881203a,automotivo,49,283,3,17400,50,40,40
8b39be5bbb8a4585ed19cacbf4162c27,esporte_lazer,25,1418,4,100,16,6,11
8bba4a8de8b5de57c7ff105d043254dc,beleza_saude,56,1849,1,1550,24,38,24
8bc9dee0f2da0b7ad43095be7ad8414f,cool_stuff,41,1547,2,9200,64,35,35
8bff0b13faf092077c3bba691c07ff16,beleza_saude,33,396,4,879,31,15,24
8c5876b1c7768217964f353bc7e64393,telefonia,61,440,1,250,18,3,28
8ce0b48cdcc4b753ae4de64497998338,telefonia,52,1371,2,600,18,6,15
8d1cfc0463b545928bfb4e589e017bd4,market_place,55,1626,1,175,17,10,19
8d3995daf4103cf13ff5400bf66c1587,bebes,30,1570,3,300,30,10,20
8d98dedc3c19de17f1a090195e85d6b6,brinquedos,40,617,4,300,16,7,20
8d99a7ed81f061ceed740d8900be880a,cama_mesa_banho,55,396,1,3775,35,13,25
8dacc114d37ff4b78075db0d2464022e,malas_acessorios,39,278,1,700,19,48,35
8e0aa05a387182c8ef3cd13b6131e60f,moveis_decoracao,56,231,1,1800,44,14,33
8e49e2b4aaa2a78f82c80d2e488084f6,,,,,1500,35,33,47
8ed9e6b1cbb80b223b70376a8659bee0,moveis_decoracao,63,162,3,2000,61,3,41
8eed5d27f5b8c6248731efb4782f6141,automotivo,41,1510,1,2800,16,2,11
8efcb24ccca088a16dab13882f1c45e0,cool_stuff,46,573,1,300,26,5,21
8f1e43e0e3374ed8c84df748034d6179,beleza_saude,59,2710,1,1000,20,20,20
902f869d68a62356e8f9d054ad5e9072,cama_mesa_banho,60,664,1,3400,34,8,38
907c84d5b8961d53ba1b803638fffcad,pet_shop,61,1257,4,620,14,8,12
9117307cf75efa6e964d697f0d1297f9,fashion_bolsas_e_acessorios,32,391,5,200,16,9,11
9123002e53f822415107f07e5dcf199f,cool_stuff,53,177,3,625,30,19,22
913580fde3e72c3b3e4ce0b79963bee6,telefonia_fixa,53,318,4,100,16,5,13
91a5ae441d12befb1c62c19c4ffc940e,ferramentas_jardim,56,472,2,6950,56,14,56
91b08d34d0ba4db44da2dc382867ba49,telefonia,47,137,2,100,16,4,11
9251443819682703b07d22f78d20d603,fashion_bolsas_e_acessorios,56,1427,1,200,16,2,11
927a7ee2d74e3a1123047f40b42fcc09,brinquedos,50,161,1,1350,27,25,27
92c1eb75a887a500d9689fbad65e27e3,moveis_escritorio,41,1205,1,17150,58,61,24
92ee7c820f6eb0c532ecd94508e3cc29,audio,37,329,4,200,18,6,16
9319e2f1f22df2c8e4a74f8b8f392e24,telefonia,43,267,1,100,19,3,11
9321b2e4e8fe357fe2e3bad624229bd5,perfumaria,41,718,1,517,18,12,19
9523f1a3e7db9e38d55379435bd450c9,bebes,45,659,10,10400,33,30,44
952d57ee94f3a9873bc70d9789a21c8a,moveis_decoracao,63,697,5,2100,31,49,31
9538a4d0d20e31d209def88993f8dca3,moveis_decoracao,35,781,2,300,17,4,12
95c40b993a22463c83beb5c51a03d46c,informatica_acessorios,33,1084,2,200,41,2,29
95dacbf52db1d378303344b43f821cb6,moveis_decoracao,54,586,1,1700,33,8,23
96537ba8cc2b7b2d74ef574b5e78d458,moveis_decoracao,63,632,2,2350,38,7,28
966a067b38634929844120e39b1576bc,bebes,34,496,2,2050,33,13,29
9766ad53f42ee034fbc0e29c85fe626c,cama_mesa_banho,51,385,2,2500,47,21,41
977e5f8adaa0cd1dac4f4b1969ec598b,climatizacao,37,1907,5,300,16,10,11
9805b37a2e4983fb5dbb5c8168590c44,industria_comercio_e_negocios,47,563,2,2138,77,26,18
9818832859d572545cee5a86ff7f4a3b,beleza_saude,50,2436,1,400,20,16,16
983fb87b74395e82bbe509cf694296ce,cool_stuff,43,404,6,400,18,7,11
985c412b0ac92ed9d8a76bbeab6d44eb,moveis_decoracao,40,370,3,1800,34,6,28
989fd236458b9c0410bc6e1cf23cde4d,cool_stuff,36,777,4,1700,25,26,83
98cd3776d33bddd0ebf8ad8b4732d1b4,moveis_decoracao,34,252,1,1200,16,34,34
990ecadcf56234a68b3a0af8d01c0d8a,perfumaria,36,681,1,100,20,15,15
9934888916de3bff6437a425052717a0,automotivo,47,561,1,300,20,20,20
99b89f140f651db441848081814dd1a1,informatica_acessorios,32,296,1,1000,24,25,21
9abb00920aae319ef9eba674b7d2e6ff,bebes,35,2395,1,350,19,14,12
9b169f20f1b0ad0cd0d53d6d5f12e20f,moveis_decoracao,63,338,2,250,16,5,11
9b1c7bc7cad0519369a5ea04afe303f7,moveis_decoracao,55,829,1,800,34,8,22
9b2db9ec16a8a51549f32462bf973523,brinquedos,56,809,1,3110,33,24,43
9c7bdf67b06b419aefb93cfdfc96c55d,esporte_lazer,25,823,1,476,17,14,14
9ce4603565c839785b24a7e95e28f4eb,cool_stuff,40,1516,2,800,22,15,27
9d374944ce89ce9afd8c8f79fb7f3bc9,informatica_acessorios,60,337,3,400,16,4,16
9d3bc872d8bb405d3cd5e7a8deaf4fa9,automotivo,36,438,2,250,16,15,11
9d86a51639004c70d7b6037f43ecc070,ferramentas_jardim,64,1210,4,2093,58,51,17
9d8945bf83fcf586d751dacb07e28a3e,ferramentas_jardim,44,442,3,3000,45,13,18
9da1c863c2389407fa1da532a5238d47,fashion_bolsas_e_acessorios,37,368,4,300,16,9,11
9db78e784e1ca837bb7f510888807baa,eletrodomesticos_2,58,1480,2,4450,29,48,22
9dbf7eb5228b2070008a2e331b114512,informatica_acessorios,35,1101,1,250,42,2,30
9e0abf2fbcf4445cb287fbf474dcd8ed,consoles_games,47,535,2,400,16,21,14
9e93b2c4cb5eea05e75a481c129b104d,automotivo,42,291,2,300,16,3,11
9fa0c72476690fbc66bcacc498fe7fd6,informatica_acessorios,34,1122,2,100,18,11,14
9fc063fd34fed29ccc57b7f8e8d03388,beleza_saude,48,657,1,750,38,12,25
9fe172fa8e662ca8572cf12abf8bce23,fashion_bolsas_e_acessorios,36,412,5,150,16,5,20
9ff668529410eefd5bca723acb4834c1,moveis_decoracao,59,439,1,1800,30,6,20
a063b454bac19ab435a4594bab9b9eed,pet_shop,63,2226,8,20900,60,40,40
a07d0595ac61dcdd44214f0426431c9b,fashion_bolsas_e_acessorios,45,385,4,150,16,5,11
a07f07c939807b4c970452eb30a130e6,moveis_decoracao,19,331,5,900,30,20,20
a0fe1efb855f3e786f0650268cd77f44,agro_industria_e_comercio,35,380,1,125,20,4,13
a10553a1882cc51b8910c246613fb0b0,moveis_decoracao,29,278,1,7600,40,35,35
a14aea6067b93158e956612c50b74cfa,,,,,12900,50,30,30
a18c130946b89ab774bc5948fe71e2a5,consoles_games,53,520,6,300,20,5,15
a1bf559ac1eab015ba992bd76d9d76c7,informatica_acessorios,32,1074,2,200,39,2,30
a24198acc2d0e8240c40d914bd18df04,esporte_lazer,42,1006,1,970,20,19,18
a25a9e3433043fb8a0808f310d8d8203,fashion_bolsas_e_acessorios,46,846,13,1000,45,16,45
a25d948ddec359c8d80978d139a4db83,brinquedos,43,1784,2,900,38,24,38
a2a90c1a0501c5148928da33b033dee8,esporte_lazer,54,381,1,500,36,10,28
a50acd33ba7a8da8e9db65094fa990a4,automotivo,53,555,1,4105,67,10,67
a5c3ddb1a400f50d1cf7138727aec136,brinquedos,49,485,1,7811,45,28,46
a5f6ba3fe91a2e73f10b612131cb2404,eletronicos,45,1057,3,138,19,17,16
a671b5c0b737258c5a3262826e3dd9c5,pet_shop,63,1451,3,925,40,20,40
a694f2632fae82ef419fd71587103dc9,esporte_lazer,44,461,1,5100,60,30,30
a6b32d26b9f925954b1cd8339f664a6a,perfumaria,45,128,3,400,25,4,20
a6f74de3ddfbdc9b33885b92656f992b,fashion_bolsas_e_acessorios,39,582,6,150,16,9,11
a703f5ade6e4fae527357132230ea778,beleza_saude,57,1271,5,225,45,10,14
a760ef0bb70c954d79e62ec6023d380c,cool_stuff,32,1115,1,1333,24,23,25
a767d41b71a909a1dd1e969f4b50732c,eletronicos,40,2592,2,1200,28,8,18
a819714dd23a6ac18b1be2b13686017b,automotivo,54,393,2,100,17,17,17
a8255c87078b4bd9bc05fe7290ca5c25,automotivo,44,1034,1,24000,61,67,33
a855248349fb73a158bae22b79ae955f,moveis_decoracao,53,752,1,550,20,15,15
a8557b8cc2880e245f6e7b7dbb0cfb04,moveis_decoracao,32,950,1,600,20,56,20
a8fe47ad6f852f93cc92c7b408687de3,esporte_lazer,27,202,5,400,70,10,20
aa2b29bee083c3eb3779f39fc09527b7,,,,,1500,18,35,48
aad225c687cc75ba1148d41f2ce414c2,informatica_acessorios,43,390,1,1300,46,7,12
aafec8ef0f0e7bf2f2b811450df61818,fashion_bolsas_e_acessorios,52,437,6,200,16,9,11
ab4d426852a7cd31cef3270bfab3bcdd,beleza_saude,56,2223,1,2300,30,10,20
aba86c093ccdbac75b09111d57e50004,moveis_escritorio,41,154,1,2600,40,45,39
abba22ec8f8647474e51e996d74da8e7,telefonia_fixa,55,1172,5,1000,24,6,24
ac1789e492dcd698c5c10b97a671243a,moveis_decoracao,41,432,2,300,35,35,15
ac6c24af9f913c9375a3ea77883bda6e,automotivo,28,325,6,300,35,3,26
acac295886c915b0bcb309cb4158c0a7,informatica_acessorios,30,3412,2,7300,50,35,25
ace5d86cf1ac63cdb76f49e5cd23d2f8,moveis_decoracao,60,473,1,600,30,4,20
ace91f88d635b9e5563e36cc0a0a8f09,moveis_decoracao,49,466,2,180,16,30,30
ad5396bf96af6ede77130e54ad266c61,moveis_decoracao,39,252,1,900,16,34,34
adcfd260203f2ab192f83edb46d0f83f,moveis_decoracao,18,164,2,500,22,19,13
ae7893ab2f9eec6630b5098e6362adc2,bebes,27,92,2,5600,25,37,36
aeeed2c170290c9293b7f8f401714e01,informatica_acessorios,44,675,3,200,18,6,16
af51d485dc5255ba2e18b21b550156e6,malas_acessorios,57,674,1,22350,32,74,53
af667947a84d9ff9d326b60ab75d1ae2,telefonia,54,363,1,150,19,13,16
afab5f7ab5c82f92ddcdc46c4cd85fbc,fashion_bolsas_e_acessorios,36,95,6,150,16,9,11
afad7a4420a4348d41da23ed8d0902dd,moveis_decoracao,37,768,2,7000,43,35,50
afbe1e973aefbf72a330e3bc72d4b476,cama_mesa_banho,56,501,3,1450,45,15,35
b0364648b1c062169015d9234d97d306,esporte_lazer,46,233,1,383,20,9,14
b07c988c725ddd67d0c7572a8099712d,moveis_decoracao,59,586,1,600,24,2,24
b11456f416365fcb044ae90260691ccd,brinquedos,63,683,6,300,17,9,16
b14becd90b0c2fe7819c324c6a41168d,automotivo,31,1165,3,350,20,16,16
b150110bc5afad8ff2cce5cd50c8e2a2,beleza_saude,50,614,1,367,24,14,23
b17808303e15dd50538c011b44295427,cama_mesa_banho,56,502,3,1050,23,93,118
b19e331e05bee8900ed6e582b4c8dab6,cama_mesa_banho,52,382,2,3500,47,21,41
b1e7e283a4b6203aa8adbafe09c2a521,esporte_lazer,35,1238,3,18100,55,40,48
b1ffef38f0db9fb4e1a6f91b47ec63d4,telefonia,45,636,2,100,20,20,20
b23fd3f070d09d342bffeeea53c27aa3,ferramentas_jardim,63,573,3,17000,30,64,30
b34b2c889f5b26963569cf421254e121,moveis_decoracao,54,391,1,4000,60,18,48
b3793f4676bdf327ca34c40d236ee2b2,automotivo,56,875,1,2363,26,10,26
b3b0bce74668bf355cbd94db1e4d17b9,informatica_acessorios,44,1133,2,200,36,15,21
b45755e01d70d935e074cdde682bed74,cama_mesa_banho,48,472,1,1420,47,9,38
b463e740932577be6bedc720f216e79c,cama_mesa_banho,47,183,1,1000,16,16,16
b4763c2caeeac2424b64aa199789b81b,informatica_acessorios,51,812,1,1100,31,12,11
b4b1c13bd539cdda68bd9a5e899767fb,telefonia,63,1548,3,400,18,16,16
b4f9530c931398e215242293c2c8ba4c,telefonia_fixa,59,1542,3,283,20,9,15
b560b8ea76437c088ea9a83c49316fb5,perfumaria,49,373,1,433,24,12,15
b68cf84ede4fd1e14b1740de5b727d55,beleza_saude,47,1319,2,638,26,13,22
b6f134ff2933bb0ee1f36e2865f21a91,moveis_decoracao,63,637,2,2500,39,9,29
b6f9abef16fdfec89e4f3675f6627dca,moveis_decoracao,47,372,1,400,37,15,27
b72b39418216e944bb34e35f4d3ea8c7,esporte_lazer,39,141,1,767,26,8,20
b72e63f4630dcaded1689b28efa4c583,brinquedos,59,1272,5,1000,30,13,30
b73f6899a58fe7a37e55149e9a11c717,moveis_escritorio,19,917,1,10500,53,73,18
b74d57e3377dd78aace6d070fc48cc88,cama_mesa_banho,55,556,1,675,40,18,35
b76d57984db550fe9e6f3ad3467e3025,market_place,63,1498,4,1800,20,40,21
b7a2d0cb90ba252129d34d7c8d079d2b,perfumaria,39,211,1,442,23,15,17
b7b7c5293e270682d3f343c31355c52a,moveis_decoracao,53,586,1,2000,35,9,25
b846c1b90a30689a98f530aa20edd424,esporte_lazer,28,1567,4,13300,64,35,35
b864b103180d5a6a3f830e67f93e8735,bebes,47,980,4,600,70,11,11
b931645cdc2d9868f01544e8db63f5ab,ferramentas_jardim,59,398,6,4200,50,28,28
b993dfaf418915ff7d0aa74016f030f7,fashion_calcados,40,303,12,500,29,7,16
ba05e2861971098fc7ecd8162c23452a,ferramentas_jardim,63,692,1,850,22,7,17
ba1446377b3e8fb2c3ec8c7b59a0d9ba,moveis_decoracao,53,982,3,400,28,9,18
bab7ff9abbcc13690a62d015f2ca8e44,informatica_acessorios,43,269,1,250,30,7,20
baddee1245c9736a49167f66e0912b0d,pet_shop,47,2017,2,200,16,2,11
baeb8e1a680cf9e1f13557d74b6cec3d,ferramentas_jardim,20,2751,3,2400,31,28,15
bb0697bdc552a255c992d331ca09afe3,telefonia_fixa,63,867,2,500,20,10,20
bb674e06dbfa1c64d429fd65dfc02f87,bebes,39,246,4,2300,33,48,35
bb936e22237d5ec143263050cd705132,bebes,32,572,2,700,59,27,11
bbc9e653c2f5794542ac3867ab5ab757,cama_mesa_banho,47,221,1,570,30,4,26
bc2d6310e5cbd60facb2f9c8d9471597,cool_stuff,23,779,2,7100,36,47,32
bc33268e0ab8b9c13207af78f8a62b75,bebes,40,1890,1,200,16,2,11
bcaa4355b2521984b94978febf3f2b10,moveis_decoracao,59,299,1,700,27,6,32
bcb4f6803e8889a70dc5ed14c2f5f785,informatica_acessorios,41,685,2,200,16,12,11
bd082283de9ecc71505205dfc7c6c9b4,brinquedos,40,280,1,1804,40,32,33
bd3024f7222c241a5e112251621397cb,esporte_lazer,28,247,3,150,22,6,15
bd3a02d6af913ac8e4c07501e2a13dd5,cama_mesa_banho,55,702,1,2146,42,11,36
bd701724b9bc9f955e22db8ec65b5097,moveis_decoracao,62,445,2,300,21,12,12
bd7cd34fc6d02e730221b11edc354aae,brinquedos,36,651,2,704,25,22,23
bdcec8e22b04a8f4241d87bcfe9ea877,moveis_decoracao,64,946,3,500,40,12,25
bdfe450775bde583b7abb5698f1bd6e2,beleza_saude,59,971,2,1600,40,20,30
be5353e2c543ba4f67831f95d3775420,beleza_saude,58,1121,3,150,43,11,18
be62f0c24387eae79f18265ad2a5d8cc,esporte_lazer,60,2214,1,4100,16,10,16
be7815756efd025355c3e09139c3f2ac,moveis_decoracao,54,441,1,2900,40,7,30
beda52fd19ab7f39cadee87a7f3f472f,ferramentas_jardim,42,148,2,900,24,41,24
bef13288a0f8b26d763411ced1dfa268,cool_stuff,50,450,2,350,20,30,40
bf00630db939d773babccfe2449e9075,moveis_decoracao,47,186,2,2500,38,16,33
bf128b5dced56e2ec0391179eb70443d,bebes,55,728,4,2300,24,26,36
bf80e0bf47dacb5f19bac03656bcf4bc,beleza_saude,56,740,2,350,22,18,21
bfce5e847034e1fbbc1ed0bff6a372c7,moveis_decoracao,55,248,1,1800,40,8,30
bfd4d65a528678737bcb523e5a3c5f58,ferramentas_jardim,44,586,4,2500,22,14,22
bfe05de8c1ac3259ae43ada77182d840,beleza_saude,60,1090,1,2400,30,20,20
c006d1427332464b79808bd9dfaec943,moveis_decoracao,36,252,1,500,16,34,34
c0d4027067afcf9c1697cce981b8fed6,pet_shop,63,1269,1,200,16,2,11
c1488892604e4ba5cff5b4eb4d595400,moveis_decoracao,59,426,2,1400,32,6,28
c1a97b7dfb03db09a3736bd6f1eb9034,beleza_saude,54,1598,1,800,16,5,11
c29a770821480abc0e0150220a24e7cc,moveis_decoracao,57,266,1,1000,40,6,32
c2c503e76e239d461b3e92222f6b49c5,brinquedos,41,1068,2,800,50,12,31
c351fada6ffa67ee3876b1cc568a90b0,esporte_lazer,46,2393,2,300,20,5,20
c384df04227582c085d6524937a3768a,automotivo,42,460,2,21800,60,60,20
c3b271f47e73d0c9ccf1b43b7606c705,moveis_decoracao,59,473,1,600,30,3,20
c3b7e4d83e530c27a8e6368296aece48,moveis_decoracao,60,1972,2,850,69,11,11
c3b8f6be3507bb05fd83797f81f679bc,telefonia,32,331,1,175,18,3,12
c42500bc89ec2aab54ff83f7c31b8773,telefonia,54,259,1,200,20,20,20
c4a45b9505564b0de1ff3e79062cffd8,moveis_decoracao,56,282,1,1100,45,8,35
c4b925e40f11289063a854c47aaef129,eletronicos,39,286,3,100,20,20,20
c4cca1d23088d10099f52159878b6686,fashion_roupa_feminina,43,1621,2,600,16,2,11
c50663262403f916d58303c231e7ed3a,moveis_decoracao,56,227,7,1100,31,11,26
c57d1d566402540eb9be608112ced702,consoles_games,51,415,1,700,16,16,16
c615805546392ec3b8a20c6590c4d400,pet_shop,54,261,6,2000,30,34,17
c62dee961914cc2e49239963b04258ec,moveis_escritorio,63,1352,1,25400,64,30,74
c66d6e9a7e915171e7e3102f9afee78c,fashion_bolsas_e_acessorios,12,354,2,500,20,20,20
c66def7098f4d87751f40c3a4855ced1,brinquedos,55,546,1,2100,22,50,32
c6edce374ec89184d740f3e674add5f4,relogios_presentes,50,406,3,860,22,14,17
c7084bc72369a57c93c6edaf0b60b235,beleza_saude,37,613,5,600,23,7,48
c847f8a786c8a1a4ba04f7c3626cbd55,utilidades_domesticas,40,297,5,6800,44,16,44
c856eb93568d1abd93fbc39fc0a9704e,moveis_decoracao,53,982,3,400,28,9,18
c86f95986c7050bf988aed62520093e7,beleza_saude,57,1550,1,3700,22,22,22
c9d1849f97b6fe404378805a105d64ec,utilidades_domesticas,48,1204,7,600,27,13,27
ca17b18b38db6e0d2c33d362322f2a06,livros_tecnicos,32,2228,1,1900,30,6,30
ca349c4d87c594b4995fcc4fa9c0b77b,beleza_saude,45,374,3,200,20,3,30
ca38c039b717207dec906f4fa9a21db7,beleza_saude,53,3734,5,538,23,12,34
cac8035fdb858496d8e1b60ba8907d24,consoles_games,63,1099,2,4700,40,30,30
cae79e3b5c787c231543fa415a20b5cc,ferramentas_jardim,36,2213,1,350,45,45,12
cb07b3df7c64648bbeceb85cacd464c9,ferramentas_jardim,63,955,1,1900,20,20,20
cb17b798ba889575385281b7ec2fc22b,automotivo,49,1208,4,1300,20,20,20
cce61e7ab409679afd6ba99a47349582,moveis_decoracao,54,351,1,600,35,10,35
cd23f8469a90c62d99eb9bf8ad74fed1,moveis_decoracao,63,443,1,4000,45,15,35
cd2c03056720c7de4d6a59c1167bdee0,fashion_bolsas_e_acessorios,50,554,3,100,16,5,11
cd59f488cef311feb633141ad1e8563d,alimentos,40,911,1,450,16,14,14
cea0783f5748d01abec8fd268dccba49,beleza_saude,44,1487,1,1150,30,10,17
cef211702e18d39ca1a4b6d2d6580c0d,eletroportateis,38,566,1,1200,35,35,35
cf1d8e226162a1d0ad61f29b7ed72d82,market_place,53,1377,2,250,18,8,18
cf78006a2a6b0429b9663edd99bb38f9,moveis_decoracao,49,399,1,1900,28,19,21
cfd414b4463647f58c7775eaae06893d,beleza_saude,44,1529,4,300,17,7,12
cfd43c5e600d45ac029357406b05dd82,climatizacao,46,317,1,5333,38,38,27
d05d900323cc6f68c3de5ad56d8d63e3,moveis_decoracao,60,362,1,2100,40,10,30
d0ae5110da1575c15853f122de459f4b,beleza_saude,63,2472,1,1400,16,16,15
d0b92134fa97a1ead038775a821847ea,moveis_decoracao,47,1048,1,400,35,7,27
d0f5d2822e06a19526cb384022af2a9a,moveis_decoracao,55,743,1,2200,34,8,22
d12a5178024ccefb3582170a9ab45a0d,cool_stuff,44,422,4,3288,25,45,25
d1b8f5983d9573c8e523b8c56a59497d,fashion_bolsas_e_acessorios,39,582,6,150,16,9,20
d24659126d5bbd0b1bacba3e8d17a978,esporte_lazer,32,513,3,250,16,6,20
d26580768894ea0cdc9f19dc672956c2,utilidades_domesticas,44,586,3,3950,42,14,22
d2686065b870834cc92605a5b9ec84ba,telefonia,33,300,2,100,19,3,11
d2998d7ced12f83f9b832f33cf6507b6,bebes,32,561,1,500,18,18,18
d2fdf77a5b302a3adfb145131a217f2e,cama_mesa_banho,48,486,3,1000,45,15,35
d3060c543b1b88a647cc284ed7a9dd4a,pet_shop,38,817,4,6200,69,10,49
d32c445df9d36f1cdfc915ed14ee44cd,moveis_decoracao,52,1111,5,1600,35,13,35
d36c8237f8a0a889aa9d6ac7816097e3,,,,,8750,80,10,60
d38001d747d4cd832d1ceb2c2d3ca15d,moveis_decoracao,30,1466,2,1700,38,25,33
d38b73f9519632415b56acb83abc77fa,utilidades_domesticas,54,620,3,1900,47,11,25
d41a53937c9fddcd3aafd96be7d4f345,cama_mesa_banho,60,554,2,567,53,4,40
d41d8cd98f00b204e9800998ecf8427e,automotivo,16,115,1,1181,30,17,24
d48e56be99464cbf285a9da17f618165,moveis_decoracao,54,584,1,1200,33,8,23
d4a8ab90e626911fa92af68c07228390,moveis_decoracao,59,438,1,1000,30,4,20
d4ad9721bda56413600c43c11006cb78,moveis_decoracao,63,1700,1,700,60,11,20
d4d538563de6b49c547e6997f0f8be32,moveis_decoracao,54,2040,2,500,68,8,13
d4f91ac96799dc3d9221293e29892e30,brinquedos,43,713,3,700,35,7,35
d51e0a7f437c0d14f560082ed007fd85,perfumaria,36,47,1,210,17,11,14
d5448c89ef7dc8228e12ae75e180ba74,telefonia,44,101,1,100,20,20,20
d54a7e69c3102b38b13952aeae0bc8f3,moveis_decoracao,58,372,1,400,37,15,27
d5889e40a08a57aff04de227408ed197,moveis_decoracao,46,696,2,1100,30,6,32
d5b703c271f43f9c588a6f512a00f77e,brinquedos,27,531,4,150,16,7,20
d5f4f441812a9a67cf8fa6d6019192c8,beleza_saude,51,1540,1,1700,20,15,15
d654b576d9c9844bd7f6468421a38f48,automotivo,52,840,8,2600,20,40,40
d696750e550fd0f733979dd7e5dff921,utilidades_domesticas,44,916,2,950,53,5,13
d6f3bd7b1fc04fb1a2effb51ae44ab17,consoles_games,47,348,4,400,19,7,17
d75fe2da6eb275eafad5535fff7a2005,moveis_cozinha_area_de_servico_jantar_e_jardim,41,1450,2,2000,24,11,31
d8c365a069853295a82caf595c2c8c8d,moveis_quarto,55,1931,1,200,16,2,11
d8de812ed5d981fc6a3984f4caa2aa05,esporte_lazer,44,1854,6,525,29,16,20
d914a2a0c672fc21c9f0087e07e9e881,perfumaria,39,302,1,12600,50,50,30
d9279101bd9bcdf95aa06a8081b24367,bebes,61,915,2,12600,25,47,64
d9471e8bbb843a2afe92def2edfb8638,moveis_decoracao,58,1211,1,700,25,8,25
d984b9203bd56960bbdda0bb7f05f781,fashion_bolsas_e_acessorios,31,162,6,150,16,16,11
d9894482fba41f536a273ba2276d951f,market_place,62,310,2,600,20,14,20
d99a9035db5875b38e59f9f55b9548f1,moveis_decoracao,63,157,3,10100,64,8,64
da9278e44c4ae00f02a965792a392ea3,eletrodomesticos_2,54,635,1,5400,26,55,26
daf9915404caf75fa1717a436b46fa14,moveis_decoracao,63,379,5,1400,33,15,30
db7a58cce179f80f562fb714ceee9319,bebes,51,132,1,1260,36,8,30
db9c09ef2fa2590a7ca12480603396aa,bebes,42,1183,1,200,16,2,11
dbd024d4182504993ad1e3cd2ee9d9e9,automotivo,38,231,3,100,17,17,17
dc82d7e8f99966cb4c641f7ea5590eaf,bebes,63,60,1,200,30,20,30
dc9f66a56b89e4278d921898a861a29a,,,,,200,22,3,22
dca18a6e2fb6da75092ed874094ed7b6,telefonia,62,340,1,300,13,8,10
dd27fbe859b9453b8147c3aaf47623c7,moveis_decoracao,60,3116,3,2300,35,32,47
dd6a505f83dd3c6326aa9856519e0978,brinquedos,43,623,5,200,16,7,11
dda262b26fcbc5dc618bbf9c12ee8779,moveis_decoracao,57,757,2,1000,35,10,25
ddc50b859563aa0b3d663559f3696690,moveis_escritorio,30,1343,1,11113,58,55,24
ddebc97ddf43a9787d1ee7012e394ccc,cool_stuff,63,3976,3,2300,22,29,16
de6517dda8e49774f58c07f80abc8d7a,market_place,56,975,1,950,26,17,24
df297ceffd7a315a71586ace7d041ff2,fashion_bolsas_e_acessorios,36,401,4,100,16,9,11
dfb92838905ead933a01256a80edc894,esporte_lazer,49,1094,1,7400,100,10,16
e00d2c49504aeaf7acdc9ff7cf8a6107,brinquedos,23,587,2,2079,30,27,24
e07fbd0969dcddca941b8c4adec498b1,cool_stuff,63,2263,1,200,16,3,13
e08d86e1c599e2373d95380ac9a3ccc8,ferramentas_jardim,54,926,8,5000,17,30,30
e095c986136fd680308f08bc98f20a53,cool_stuff,63,2662,2,300,17,26,12
e0b0974d4a06e6bd75b1412858f39da3,utilidades_domesticas,63,923,10,2900,37,4,31
e12685e3aebb14bb04c2b22992de81cd,moveis_decoracao,55,630,1,3300,35,35,35
e1772099adc6b03202a50a2aae5efb0c,brinquedos,38,314,2,400,36,18,27
e1ecccdfd47d369563db0edf20549475,moveis_decoracao,58,320,1,1400,50,15,30
e1ed3c28e40cbce2783e79eea79e8701,moveis_decoracao,57,241,1,1800,40,8,35
e24f73b7631ee3fbb2ab700a9acaa258,fashion_bolsas_e_acessorios,60,1118,6,2250,22,15,20
e2a1d45a73dc7f5a7f9236b043431b89,fashion_calcados,56,459,2,9000,16,5,33
e2b9252181ddde232e0bfb68df262610,beleza_saude,61,1337,1,1600,27,10,19
e338f548cda0b52650b9acfd317a74db,fashion_bolsas_e_acessorios,40,444,4,150,16,5,20
e3ffa5b25f4a372e7ccf597b6ceb6c90,bebes,57,2049,2,600,65,11,11
e41a6ac2f57a273eb0d214c7cbab5db9,moveis_escritorio,56,1085,1,8975,35,52,36
e4acef9f829635351de593a05d2406da,esporte_lazer,45,40,1,562,20,13,17
e4e9fa024c5f014419b395452a41987c,esporte_lazer,59,355,1,3450,16,105,55
e4fe462cce9f36e312b869418a86bc3a,automotivo,41,126,1,9650,60,60,16
e500a9395078ba5b59387db0dbee0063,musica,60,1862,1,200,16,2,11
e5d860a0fff2e94bd1a406456cc6c4b3,eletrodomesticos_2,38,2030,2,13200,66,19,67
e5fe5612792826b2c61371acf1480225,moveis_decoracao,55,829,1,900,34,8,22
e7d26dd6742baca292020c158e6720c3,malas_acessorios,40,124,1,450,24,47,34
e7f5908a3c9844728d24e3322254b109,esporte_lazer,27,372,4,400,27,8,15
e7ffaa35a5caaca3366f5cc5705b5fb2,beleza_saude,40,428,2,1000,18,9,27
e8d7b12572b213ba22acebb8983a4615,utilidades_domesticas,48,221,1,800,21,22,20
e96867993d08fadbc6f828871885f897,perfumaria,40,280,1,408,20,14,17
e9b3cf27d68caa64832c4a7c460abcb9,market_place,43,1373,3,1200,40,10,30
e9e0f397f1ed036b4318417a84b0e407,fashion_bolsas_e_acessorios,63,529,5,100,16,9,11
e9eebb8e8ba0fadb9020f8ba1c003b48,perfumaria,36,210,1,541,21,15,16
ea9394ab60edfa4cca87947a938e8046,utilidades_domesticas,54,997,1,2010,32,75,32
eb6b6f708fb1a57720d0734f30c3b31e,esporte_lazer,63,1436,3,1900,70,14,17
eb7172d8a3c64298d2d767f6603c231e,brinquedos,51,296,2,250,23,11,22
eba7488e1c67729f045ab43fac426f2e,perfumaria,43,259,1,610,22,14,16
ebb4faacc3b7ade065ff47901900c4e7,esporte_lazer,46,679,1,5350,55,15,43
ec1600d8f15b93ce3e402f522696a18c,beleza_saude,24,407,6,20200,90,60,20
ec5b3c8bb77ad22278f6e9d719a83de3,casa_conforto_2,46,348,1,700,65,18,28
ecac086eca2f806295b1f43b4f6ca119,fashion_roupa_feminina,40,1628,2,600,60,60,15
ecbe1ef7e2903ff8b1d704ba78fa264d,esporte_lazer,47,920,1,902,19,21,16
ecf23a6c1689e2bed38171ececac6138,utilidades_domesticas,56,1688,4,1700,16,17,17
edd268662f0b2a4f131cf4690ca6cbc8,papelaria,57,737,1,1279,32,35,36
ef9ae4fb9a9005e8e463cc2616084276,esporte_lazer,48,730,2,9000,44,35,23
f05901e010ebaa3924276751a35e6004,moveis_decoracao,63,686,1,500,45,15,35
f07ef9dd6e2d9a366ff30a25e210be70,telefonia_fixa,53,1021,2,900,20,20,20
f0af7ec9760e53f21277444f32ee3308,moveis_decoracao,59,205,1,1300,40,10,34
f0f3c686ec837b27ec9da08762d85317,automotivo,41,353,2,200,25,42,25
f1e297029531521190bb2312a90df567,moveis_decoracao,51,1078,1,500,35,7,27
f25bbb88c1a219c21b1af6b99895b960,esporte_lazer,42,231,4,550,35,10,20
f27f3e8b4b3836e4d6cd756dfb83e750,esporte_lazer,48,1322,2,550,26,16,21
f27f59721d5a9cb39432b91f812ee308,bebes,34,469,1,300,25,8,25
f28cbd414cd06f1ae84065c8dd8be834,esporte_lazer,60,806,1,700,20,12,16
f293394c72c9b5fafd7023301fc21fc2,moveis_decoracao,41,754,3,1800,32,6,28
f2a4a74038882bf1adc8a466962559ec,moveis_decoracao,39,238,4,600,25,10,25
f2b525fa6f0346d64e4efcf1b2302d31,consoles_games,40,773,1,300,19,10,14
f32af0a8b0bcb05b60f05e8907ad8866,moveis_decoracao,59,325,3,400,16,2,11
f33a17471b6e603085c4a0ccd48ce19a,moveis_decoracao,57,2434,2,3000,69,11,11
f3412532ea4da687eaa6943639812bc3,fraldas_higiene,49,1151,8,700,35,7,29
f38ce47371f868581f8c2df4ffa47fb6,esporte_lazer,63,1244,2,28500,105,65,25
f3c2d01a84c947b078e32bbef0718962,telefonia,42,381,1,700,25,2,25
f3dd572f31692bb5b6ab21d2af0673b1,cool_stuff,56,730,1,2550,35,28,22
f3ff1b0df51e4b86a6dc168c8bfe7dc9,moveis_decoracao,63,394,1,1650,45,15,35
f408131193fe9da16836115414229012,fashion_underwear_e_moda_praia,51,1343,5,300,25,16,11
f422d0d9f8b5f7c27289382b14b61248,brinquedos,63,361,3,1800,38,12,35
f436a5130457df6b73cdb2c12a90ea2b,moveis_decoracao,51,498,1,2500,30,30,30
f457c5f0c72ba4cae17636c5174add2e,informatica_acessorios,54,573,2,150,16,4,16
f4d1833c85057a25ac14374dda132701,beleza_saude,63,1421,5,200,16,5,11
f4d18451e6c35980e6898e36dfd6fb55,cama_mesa_banho,53,392,1,900,45,15,35
f58bb9f12b0ca10029de2df4585a353f,brinquedos,18,232,2,1400,25,36,25
f5d8f4fbc70ca2a0038b9a0010ed5cb0,fashion_bolsas_e_acessorios,64,1710,1,200,16,2,11
f6fe388c9bfc145a2790437f1e4888d9,fashion_roupa_masculina,53,1434,2,300,16,2,11
f727305c90ca9b9c36d4e84a817bc01d,fashion_bolsas_e_acessorios,46,622,6,200,16,9,11
f7b6ca5735bfd052e73fa0b776070112,eletronicos,59,694,2,175,21,2,15
f821142b81bcee787d6383b5c384d37d,moveis_decoracao,42,1644,1,1100,35,25,25
f9bb291280bceedf7840b89e1e75b89c,moveis_decoracao,57,113,11,2400,40,8,35
f9bcf9d8e89d012d7dc24fe4de0abd80,informatica_acessorios,36,398,1,900,28,18,14
f9e5efb845b51d764b06f149eb99fc7f,moveis_decoracao,63,715,4,1350,35,10,35
faa268ecc8a8434cb4ebee091b3222d6,eletronicos,48,2276,4,1800,55,20,45
fb01a5fc09b9b9563c2ee41a22f07d54,consoles_games,33,912,2,1500,33,25,11
fb060ad9a8625b626189641799bccf89,esporte_lazer,63,569,3,275,24,8,12
fb21cbf5cf37c8282a583cf8b6e770dc,beleza_saude,63,3900,1,700,16,16,15
fb949f35bd1873f846cb7246d9db81b0,moveis_decoracao,57,258,4,600,18,14,15
fcde1899043318107d8f0ae043f69bc3,,,,,400,35,7,12
fd37eb547d2c63b60bcefd68951ee54d,moveis_decoracao,55,238,1,2700,50,12,40
fd440fd792fd8a4b681f1eb258c25445,moveis_decoracao,54,573,1,1200,33,8,23
fd7fd78fd3cbc1b0a6370a7909c0a629,esporte_lazer,39,518,1,400,16,16,16
fd8a5b9a8a79d7ba0739d69be5dc5aa1,relogios_presentes,44,394,3,850,17,13,15
fdcd8c17805ad801a924cf11272a2834,esporte_lazer,46,1027,5,2050,90,8,15
fdf648fe44c2e24e9857c8d4ad5a7028,ferramentas_jardim,19,141,1,700,19,24,12
fe7976532777922f0d60261e75f7ad36,telefonia,55,364,4,150,16,4,13
fe95eb948375116da759c8ef60295001,cama_mesa_banho,58,556,1,800,45,15,35
ff5f8606556b625613f069a5a9a48966,bebes,63,554,1,2300,27,14,27
ffa8916ae85546ee99d1965b28e447ae,moveis_decoracao,30,760,2,27800,40,50,70
