geolocation_zip_code_prefix,geolocation_lat,geolocation_lng,geolocation_city,geolocation_state
01031,-23.544207,-46.63628100000001,sao paulo,SP
01031,-23.544207,-46.63628100000001,são paulo,SP
01127,-23.527789237426237,-46.64508608295231,sao paulo,SP
01127,-23.526879894252424,-46.6431157559005,são paulo,SP
01140,-23.525843594783307,-46.65953218067981,sao paulo,SP
01140,-23.52564861281671,-46.66180787607479,são paulo,SP
01208,-23.541414828668216,-46.64043744205929,sao paulo,SP
01208,-23.540822507357582,-46.6397147149576,são paulo,SP
01222,-23.54755400444339,-46.64948798112987,sao paulo,SP
01222,-23.54748357646144,-46.649494105603345,são paulo,SP
01229,-23.54142441825844,-46.656115905216694,sao paulo,SP
01229,-23.54127634139296,-46.65672261893353,são paulo,SP
01230,-23.541453553880487,-46.65869187785594,sao paulo,SP
01230,-23.541453553880487,-46.65869187785594,são paulo,SP
01233,-23.543490195943246,-46.66453008133753,sao paulo,SP
01233,-23.5428518237636,-46.66421638299969,são paulo,SP
01238,-23.545262137111173,-46.652460296699154,sao paulo,SP
01238,-23.545049406053415,-46.65202280737497,são paulo,SP
01258,-23.547156999163274,-46.687134582578274,sao paulo,SP
01258,-23.546833993623363,-46.68683686635128,são paulo,SP
01303,-23.551504721622702,-46.64945164585375,sao paulo,SP
01303,-23.551363330284463,-46.650372899388316,são paulo,SP
01309,-23.557908437128564,-46.65607793574357,sao paulo,SP
01309,-23.55752551354713,-46.65841257837273,são paulo,SP
01310,-23.567540129564208,-46.64900121549415,sao paulo,SP
01310,-23.567540129564208,-46.64900121549415,são paulo,SP
01418,-23.5717624232501,-46.64577331320336,sao paulo,SP
01418,-23.5717624232501,-46.64577331320336,são paulo,SP
01424,-23.578541129897815,-46.64547278711988,sao paulo,SP
01424,-23.57280365612553,-46.65653284347043,são paulo,SP
01457,-23.579034558976296,-46.69080767845811,sao paulo,SP
01457,-23.578835500692495,-46.690928203993316,são paulo,SP
01527,-23.56444336886143,-46.62725621065843,sao paulo,SP
01527,-23.563356496249096,-46.62806324562871,são paulo,SP
01532,-23.574276293092474,-46.63536992561604,sao paulo,SP
01532,-23.57418642936694,-46.6357481924808,são paulo,SP
02013,-23.503307521784315,-46.63484077990651,sao paulo,SP
02013,-23.505830161809683,-46.62372342728948,são paulo,SP
02016,-23.503337276992323,-46.62730049278664,sao paulo,SP
02016,-23.613113126839394,-46.50930754884874,são paulo,SP
02044,-23.49887716403138,-46.61887747807146,sao paulo,SP
02044,-23.497631632812002,-46.620223989035736,são paulo,SP
02111,-23.52074967860234,-46.59436701526344,sao paulo,SP
02111,-23.519989235717095,-46.593817165979715,são paulo,SP
02125,-23.511201463788957,-46.58447403038266,sao paulo,SP
02125,-23.511145452680463,-46.58541361809682,são paulo,SP
02185,-23.519147972243083,-46.568480977378954,sao paulo,SP
02185,-23.512283612268444,-46.56782303996194,são paulo,SP
02189,-23.509089785734883,-46.56690211656761,sao paulo,SP
02189,-23.507675947544566,-46.56858302164007,são paulo,SP
02215,-23.49432780544174,-46.58685439355992,sao paulo,SP
02215,-23.493698863725538,-46.586183893559934,são paulo,SP
02252,-23.480948043568617,-46.58920397460899,sao paulo,SP
02252,-23.477839999999958,-46.588239999999985,são paulo,SP
02310,-23.479066026920197,-46.60758990605341,sao paulo,SP
02310,-23.47839619178831,-46.60677490368747,são paulo,SP
02346,-23.472004872323875,-46.60844051151254,sao paulo,SP
02346,-23.472004872323875,-46.60844051151254,são paulo,SP
02403,-23.496594799298563,-46.62707195231328,sao paulo,SP
02403,-23.496087667310476,-46.62950701989079,são paulo,SP
02435,-23.48348405190717,-46.64212652622771,sao paulo,SP
02435,-23.48348405190717,-46.64212652622771,são paulo,SP
02443,-23.475667693865773,-46.64602356841136,sao paulo,SP
02443,-23.475709623925212,-46.64544514793121,são paulo,SP
02452,-23.50575639133823,-46.64060584609616,sao paulo,SP
02452,-23.50365399500834,-46.642056453517185,são paulo,SP
02469,-23.48733870330084,-46.65029488496158,sao paulo,SP
02469,-23.485698346096168,-46.64383578726409,são paulo,SP
02521,-23.506546306134226,-46.66768298987244,sao paulo,SP
02521,-23.504279237867085,-46.663444183738214,são paulo,SP
02634,-23.46136811878931,-46.65234036412957,sao paulo,SP
02634,-23.459472000000005,-46.64974404717531,são paulo,SP
02873,-23.46060747792723,-46.680723,sao paulo,SP
02873,-23.459506177073127,-46.6839960874257,são paulo,SP
02969,-23.66461845231823,-46.640205916490714,sao paulo,SP
02969,-23.481575800998332,-46.713232896474125,são paulo,SP
02975,-23.480414999999994,-46.710319971550575,sao paulo,SP
02975,-23.47850982875526,-46.71088524785043,são paulo,SP
02993,-23.457540044454664,-46.730109378218344,sao paulo,SP
02993,-23.455429891447416,-46.72898975137274,são paulo,SP
03006,-23.543614362196326,-46.623522861359604,sao paulo,SP
03006,-23.540831632812,-46.625853572854766,são paulo,SP
03052,-23.54269014876794,-46.608342662790626,sao paulo,SP
03052,-23.542484207051753,-46.60840116279062,são paulo,SP
03063,-23.535815407149936,-46.571177503750896,sao paulo,SP
03063,-23.535781356079486,-46.571028029286126,são paulo,SP
03134,-23.586076906745912,-46.58399832875526,sao paulo,SP
03134,-23.585400696585772,-46.58427399775607,são paulo,SP
03147,-23.596805022476797,-46.56597600207747,sao paulo,SP
03147,-23.59634503774025,-46.56854100721336,são paulo,SP
03168,-23.55682133305442,-46.589589303912504,sao paulo,SP
03168,-23.556381191788308,-46.59055962184773,são paulo,SP
03179,-23.55671296535418,-46.57900174166094,sao paulo,SP
03179,-23.55402366333889,-46.58070017485142,são paulo,SP
03181,-23.56066999999996,-46.58514999999994,sao paulo,SP
03181,-23.560448249235396,-46.584574553984645,são paulo,SP
03194,-23.56788988703906,-46.57394821510183,são paulo,SP
03211,-23.604990034970285,-46.55385167583238,sao paulo,SP
03211,-23.604347210658432,-46.55370318206478,são paulo,SP
03237,-23.595550564256417,-46.551406908275105,sao paulo,SP
03237,-23.595524161809678,-46.55125401832185,são paulo,SP
03254,-23.61341465306711,-46.532800408967596,sao paulo,SP
03254,-23.61436339355993,-46.53104044310118,são paulo,SP
03275,-23.587352685267433,-46.53320166333889,sao paulo,SP
03275,-23.587352685267433,-46.53320166333889,são paulo,SP
03280,-23.585045532056085,-46.5375822799065,sao paulo,SP
03280,-23.585152337497828,-46.53729201679266,são paulo,SP
03309,-23.552430580068116,-46.5683542857349,sao paulo,SP
03309,-23.552203578683137,-46.56740336704377,são paulo,SP
03317,-23.5445730446938,-46.57160825214959,sao paulo,SP
03317,-23.5445730446938,-46.57160825214959,são paulo,SP
03320,-23.54800592255761,-46.57300868956661,sao paulo,SP
03320,-23.547544081337524,-46.57043561726011,são paulo,SP
03337,-23.56169024796654,-46.556553193348556,sao paulo,SP
03337,-23.559297580068115,-46.5577218526457,são paulo,SP
03342,-23.562686922297804,-46.56079198557326,sao paulo,SP
03342,-23.562686922297804,-46.56079198557326,são paulo,SP
03344,-23.56537977768481,-46.56769104662703,sao paulo,SP
03344,-23.56537977768481,-46.56769104662703,são paulo,SP
03402,-23.551288425872233,-46.53163713944933,sao paulo,SP
03402,-23.548815109783135,-46.53702200298793,são paulo,SP
03426,-23.554792152922886,-46.53142763183104,sao paulo,SP
03426,-23.554792152922886,-46.53142763183104,são paulo,SP
03438,-23.56182494532287,-46.5281966312828,sao paulo,SP
03438,-23.55850491978764,-46.52617710574756,são paulo,SP
03470,-23.57548585208353,-46.524876361921116,sao paulo,SP
03470,-23.57390943988766,-46.524842495422426,são paulo,SP
03476,-23.576756157669823,-46.5133680346142,sao paulo,SP
03476,-23.571671626146905,-46.51357021717931,são paulo,SP
03531,-23.543669074383967,-46.51552607729814,sao paulo,SP
03531,-23.542597686652407,-46.520825652374604,são paulo,SP
03542,-23.53469850513589,-46.5156245954758,sao paulo,SP
03542,-23.533542481822362,-46.5157806910958,são paulo,SP
03554,-23.540969231750257,-46.50741557423974,sao paulo,SP
03554,-23.540330409660097,-46.50622805037795,são paulo,SP
03569,-23.54632627477062,-46.49103982223439,sao paulo,SP
03569,-23.545462853825473,-46.49078504556215,são paulo,SP
03572,-23.577750649460423,-46.49390410130417,sao paulo,SP
03572,-23.577750649460423,-46.49390410130417,são paulo,SP
03582,-23.561548868168934,-46.4997939837556,sao paulo,SP
03582,-23.56019572468112,-46.49952584318198,são paulo,SP
03630,-23.535338940879463,-46.553826331669455,sao paulo,SP
03630,-23.53257143591436,-46.54970048693182,são paulo,SP
03635,-23.523069741041077,-46.53535819594326,sao paulo,SP
03635,-23.52324455453289,-46.53467899417163,são paulo,SP
03655,-23.527325849847074,-46.513651986958244,sao paulo,SP
03655,-23.526885771856428,-46.51355323841536,são paulo,SP
03683,-23.525415062727202,-46.48739256994057,sao paulo,SP
03683,-23.52428892212638,-46.486419590783285,são paulo,SP
03701,-23.517955948929544,-46.54921300429917,sao paulo,SP
03701,-23.515520427145244,-46.55014037039062,são paulo,SP
03702,-23.517923280598993,-46.54712945697963,sao paulo,SP
03721,-23.505946566608184,-46.52454367061727,sao paulo,SP
03721,-23.505652612140484,-46.522435926276906,são paulo,SP
03872,-23.512538179294822,-46.501081124617684,sao paulo,SP
03872,-23.5123069977783,-46.50033379961334,são paulo,SP
03910,-23.586586690259093,-46.51583240230249,sao paulo,SP
03910,-23.585984999999994,-46.51439798112988,são paulo,SP
03928,-23.611832276992313,-46.50119402885343,sao paulo,SP
03928,-23.608046964710255,-46.50165790235264,são paulo,SP
03929,-23.608545988343238,-46.495901315569284,sao paulo,SP
03929,-23.60744514306749,-46.49141156628521,são paulo,SP
03937,-23.5895208259853,-46.49905324340702,sao paulo,SP
03937,-23.588397523457743,-46.497325998326566,são paulo,SP
04015,-23.59425817509653,-46.645325497270576,sao paulo,SP
04015,-23.58829894310117,-46.64498450346245,são paulo,SP
04021,-23.59421947577367,-46.643015563873064,sao paulo,SP
04021,-23.59387998755776,-46.64223946107358,são paulo,SP
04024,-23.605293656673798,-46.64617362392519,sao paulo,SP
04024,-23.60476932209782,-46.64825077430292,são paulo,SP
04054,-23.619876799613348,-46.65089916902304,sao paulo,SP
04054,-23.616882666557512,-46.644334266315354,são paulo,SP
04075,-23.605218733279468,-46.654379449766274,sao paulo,SP
04075,-23.601925759651404,-46.65899062516595,são paulo,SP
04103,-23.578934333054423,-46.63717169608748,sao paulo,SP
04103,-23.576891814876788,-46.63644340368749,são paulo,SP
04106,-23.58435607111116,-46.63425507632948,sao paulo,SP
04106,-23.5829649708581,-46.6351149708581,são paulo,SP
04119,-23.607000670552253,-46.6351539888915,sao paulo,SP
04119,-23.600995072162263,-46.63496187621901,são paulo,SP
04140,-23.609203787683988,-46.632572979510684,sao paulo,SP
04140,-23.60915748542905,-46.63260511809682,são paulo,SP
04156,-23.63368106050551,-46.62066378420568,sao paulo,SP
04156,-23.63220067864595,-46.62012760233319,são paulo,SP
04222,-23.60298132722605,-46.584626600467445,sao paulo,SP
04222,-23.603268876767277,-46.58516785775292,são paulo,SP
04272,-23.610543454065436,-46.60862177797327,sao paulo,SP
04272,-23.60945654899298,-46.60938037177561,são paulo,SP
04282,-23.609000481198635,-46.60902426508033,sao paulo,SP
04282,-23.607069789341566,-46.61094936303305,são paulo,SP
04308,-23.65576163424044,-46.63665523865131,sao paulo,SP
04308,-23.65576163424044,-46.63665523865131,são paulo,SP
04335,-23.66615520843672,-46.63844631196261,sao paulo,SP
04335,-23.665496112960938,-46.63849145905711,são paulo,SP
04361,-23.645837451843736,-46.6617831335045,sao paulo,SP
04361,-23.643884671388978,-46.66145452859364,são paulo,SP
04362,-23.647043105747578,-46.669080211350916,sao paulo,SP
04362,-23.647043105747578,-46.669080211350916,são paulo,SP
04405,-23.676795376911507,-46.658295848462096,sao paulo,SP
04405,-23.67506751632608,-46.65694572839605,são paulo,SP
04505,-23.601947053954135,-46.67405847969188,sao paulo,SP
04505,-23.600234629753587,-46.67382228420568,são paulo,SP
04521,-23.877859500000003,-46.659051000000005,sao paulo,SP
04521,-23.877859500000003,-46.659051000000005,são paulo,SP
04530,-23.587708736049418,-46.672412245196014,sao paulo,SP
04530,-23.587708736049418,-46.672412245196014,são paulo,SP
04534,-23.586187882595656,-46.68098708021236,sao paulo,SP
04534,-23.58613089702239,-46.6806891895666,são paulo,SP
04550,-23.60555121899696,-46.67690546448146,sao paulo,SP
04550,-23.605541759362946,-46.676768495556594,são paulo,SP
04552,-23.594883443793655,-46.68156020413755,sao paulo,SP
04552,-23.594516632812002,-46.687683656673784,são paulo,SP
04561,-23.613461518177633,-46.679206714957594,sao paulo,SP
04561,-23.613403504039375,-46.67936984000797,são paulo,SP
04607,-23.626672606440064,-46.67925146863638,sao paulo,SP
04607,-23.62125680682671,-46.67422238051818,são paulo,SP
04609,-23.629182715794325,-46.67857311073923,sao paulo,SP
04609,-23.63056604385709,-46.679912869409705,são paulo,SP
04661,-23.686851251372836,-46.694639466087125,sao paulo,SP
04661,-23.686150211592487,-46.69345841828658,são paulo,SP
04679,-23.67752892423105,-46.684443855675454,sao paulo,SP
04679,-23.67737326311385,-46.68377270621503,são paulo,SP
04714,-23.6371979012204,-46.698531027148874,sao paulo,SP
04714,-23.635583392174947,-46.70029133611285,são paulo,SP
04747,-23.658797263113854,-46.701421124617696,sao paulo,SP
04747,-23.657594422076475,-46.698906303457704,são paulo,SP
04760,-23.6657869730798,-46.71659053566277,sao paulo,SP
04760,-23.666733062178942,-46.71759199319066,são paulo,SP
04782,-23.693985995008337,-46.70188324132953,sao paulo,SP
04782,-23.690666430751918,-46.70391215514457,são paulo,SP
04841,-23.74335662940556,-46.687720732930025,sao paulo,SP
04841,-23.74228890779351,-46.689758980516245,são paulo,SP
04849,-23.865008629248837,-46.70905026225999,sao paulo,SP
04849,-23.74807731166423,-46.67286161324023,são paulo,SP
04851,-23.756365122074367,-46.65681725290453,sao paulo,SP
04851,-23.75579661281671,-46.66792779225577,são paulo,SP
04856,-23.81871716845475,-46.676493277406315,sao paulo,SP
04856,-23.81871716845475,-46.676493277406315,são paulo,SP
04902,-23.673716999999996,-46.73431152943036,sao paulo,SP
04902,-23.685039999751265,-46.74468914523423,são paulo,SP
04904,-23.67655174211083,-46.73919188683376,sao paulo,SP
04904,-23.685466882595666,-46.749486080212364,são paulo,SP
04911,-23.68535068942237,-46.748836571469774,sao paulo,SP
04911,-23.685031442785938,-46.74472850727474,são paulo,SP
05007,-23.53862355314792,-46.6660233440187,sao paulo,SP
05007,-23.537887731894475,-46.66730874063705,são paulo,SP
05008,-23.53906577906978,-46.66828877240469,sao paulo,SP
05008,-23.539074118789316,-46.66835669095158,são paulo,SP
05014,-23.544834233971955,-46.67606284347043,sao paulo,SP
05014,-23.544834233971955,-46.67606284347043,são paulo,SP
05018,-23.540849716631044,-46.6839601404294,sao paulo,SP
05018,-23.540849716631044,-46.6839601404294,são paulo,SP
05025,-23.564148192336567,-46.680438217035075,sao paulo,SP
05025,-23.540357629753586,-46.68300774785041,são paulo,SP
05029,-23.544018337178596,-46.693471115567476,sao paulo,SP
05029,-23.543202949766275,-46.69402399471987,são paulo,SP
05074,-23.521493003807382,-46.705276706364096,sao paulo,SP
05074,-23.521098908130885,-46.70677755467713,são paulo,SP
05125,-23.50739523980033,-46.74054093839796,sao paulo,SP
05125,-23.50674560560335,-46.74142106924808,são paulo,SP
05126,-23.506146136274456,-46.74256106203472,sao paulo,SP
05126,-23.505682285042393,-46.7416136112875,são paulo,SP
05138,-23.487592756592985,-46.731295320012684,sao paulo,SP
05138,-23.487109142863368,-46.73213615505271,são paulo,SP
05181,-23.460839999999997,-46.743223500000006,sao paulo,SP
05181,-23.45755295457278,-46.74396116556264,são paulo,SP
05269,-23.43492264002537,-46.787686182209,sao paulo,SP
05269,-23.43434465627848,-46.78960311388005,são paulo,SP
05362,-23.574065289988575,-46.740389392657406,sao paulo,SP
05362,-23.574068727451074,-46.74027110199666,são paulo,SP
05409,-23.560672672773958,-46.673406848462086,sao paulo,SP
05409,-23.560672672773958,-46.673406848462086,são paulo,SP
05424,-23.571257720785987,-46.696331231750236,sao paulo,SP
05424,-23.571257720785987,-46.696331231750236,são paulo,SP
05445,-23.55486640466843,-46.697280594927534,sao paulo,SP
05445,-23.588898319435764,-46.683128770615674,são paulo,SP
05451,-23.544786268942232,-46.702161251457085,sao paulo,SP
05451,-23.54459193533955,-46.70417749777829,são paulo,SP
05455,-23.546963336112842,-46.71053241814287,sao paulo,SP
05455,-23.55211494087947,-46.70928449082474,são paulo,SP
05468,-23.540911568965225,-46.71688164297709,sao paulo,SP
05468,-23.540908097409027,-46.716729637111165,são paulo,SP
05501,-23.57226084954764,-46.704404850193875,sao paulo,SP
05501,-23.571315995008337,-46.7038484207686,são paulo,SP
05503,-23.57170772715076,-46.70732099243655,sao paulo,SP
05503,-23.571084458220376,-46.70899251887011,são paulo,SP
05527,-23.600269645565294,-46.751666820012666,sao paulo,SP
05527,-23.599359778336243,-46.751214070160025,são paulo,SP
05571,-23.601378908130886,-46.798326277684794,sao paulo,SP
05571,-23.60128912822437,-46.798111215650074,são paulo,SP
05580,-23.575153184298554,-46.715960770631256,sao paulo,SP
05580,-23.574640190951584,-46.717698048848746,são paulo,SP
05633,-23.60450522898029,-46.735927841392964,sao paulo,SP
05633,-23.601284972039778,-46.73749084816223,são paulo,SP
05685,-23.609246875773202,-46.704034831165956,sao paulo,SP
05685,-23.60843960090014,-46.70779936831318,são paulo,SP
05709,-23.62086123509528,-46.73978306451841,sao paulo,SP
05709,-23.62082544546711,-46.73989266180968,são paulo,SP
05734,-23.63406508465575,-46.73344799639332,sao paulo,SP
05734,-23.632100307807654,-46.736281837786294,são paulo,SP
05756,-23.62665247552584,-46.75243597552582,sao paulo,SP
05756,-23.62649583030574,-46.75779746887734,são paulo,SP
05832,-23.67562886594724,-46.750540337497824,sao paulo,SP
05832,-23.675163905728475,-46.75067057475563,são paulo,SP
05846,-23.66161324757396,-46.74303016018935,sao paulo,SP
05846,-23.66161324757396,-46.74303016018935,são paulo,SP
05849,-23.656042257285478,-46.758604699001665,sao paulo,SP
05849,-23.65623125728547,-46.75882519900168,são paulo,SP
06086,-23.54433773614954,-46.77732033280247,osasco,SP
06170,-23.560849466422148,-46.80580246653325,osasco,SP
06192,-23.531662026371936,-46.80527590106176,osasco,SP
06429,-23.49506412093852,-46.958941841327984,barueri,SP
06440,-23.515439927796773,-46.858020144188934,barueri,SP
06449,-23.551187137490302,-46.88071514741312,barueri,SP
06455,-23.505197356364043,-46.84901577850912,barueri,SP
06473,-23.486186043239186,-46.86116430480461,barueri,SP
06604,-23.542792730794872,-46.90720168980189,jandira,SP
06624,-23.555874017238253,-46.90704960215931,jandira,SP
06653,-23.5596493965165,-46.918397772458874,itapevi,SP
06660,-23.556121918819862,-46.96007224337894,itapevi,SP
06663,-23.567856089314937,-46.94039028670435,itapevi,SP
06703,-23.605147107233158,-46.92634249056991,cotia,SP
06719,-23.642433865171615,-46.92357843007933,cotia,SP
06730,-23.66780915288163,-46.99419903026297,vargem grande paulista,SP
06768,-23.607693000000005,-46.75265774999998,taboao da serra,SP
06768,-23.607693000000005,-46.75265774999998,taboão da serra,SP
06775,-23.641445819132567,-46.804750964940865,taboao da serra,SP
06775,-23.639387091869107,-46.80381412975359,taboão da serra,SP
06806,-23.635528145161263,-46.83701824646544,embu,SP
06806,-23.639737263402314,-46.83938518373821,embu das artes,SP
06868,-23.776567254198017,-46.83839173367618,itapecerica da serra,SP
06900,-23.848053892013642,-46.8152545727207,embu guacu,SP
06900,-23.888607302371536,-46.817437120607636,embu guaçu,SP
06900,-23.932683513075045,-46.86376635975538,embu-guacu,SP
06900,-23.936598205766543,-46.89774844609714,embu-guaçu,SP
06900,-23.840408068597927,-46.83004139704667,embuguacu,SP
07013,-23.47622998917996,-46.53334809867843,guarulhos,SP
07020,-23.473269681372297,-46.53423603497029,guarulhos,SP
07023,-23.481331959114232,-46.5430152702837,guarulhos,SP
07025,-23.48777424424373,-46.54639969747246,guarulhos,SP
07041,-23.486401090195674,-46.54812730460501,guarulhos,SP
07062,-23.465551421316857,-46.54586457438398,guarulhos,SP
07063,-23.460439368861426,-46.56020098251486,guarulhos,SP
07093,-23.461626908130885,-46.541120479600664,guarulhos,SP
07112,-23.472447066333885,-46.51323979961335,guarulhos,SP
07122,-23.49189491395926,-46.54629394463038,guarulhos,SP
07135,-23.47871477244693,-46.46417370910254,guarulhos,SP
07170,-23.438981043020362,-46.44892792131685,guarulhos,SP
07193,-23.450211083819028,-46.50416212101101,guarulhos,SP
07242,-23.444928000000004,-46.41950924999999,guarulhos,SP
07260,-23.47061646211553,-46.53890622814356,guarulhos,SP
07438,-23.410871915983964,-46.29248413693363,aruja,SP
07438,-23.40977615062003,-46.288131259310724,arujá,SP
07500,-23.37083051441738,-46.229675213892335,santa isabel,SP
07600,-23.425369777163223,-46.65912288996435,mairipora,SP
07600,-23.414121150343735,-46.64876187485613,mairiporã,SP
07700,-23.394677040951496,-46.71404721446455,caieiras,SP
07724,-23.35974769795591,-46.72601550454325,caieiras,SP
07787,-23.33416324947637,-46.83001404316823,caieiras,SP
07787,-23.35345265385859,-46.823060109129656,cajamar,SP
07804,-23.32955674206532,-46.73536923925984,franco da rocha,SP
07850,-23.334949569548844,-46.7232121467989,franco da rocha,SP
07953,-23.268962054096875,-46.72330261409884,francisco morato,SP
08051,-23.520116545934556,-46.473832613653435,sao paulo,SP
08051,-23.517457606440058,-46.47028405689883,são paulo,SP
08072,-23.69872742353855,-46.642791394396646,sao paulo,SP
08072,-23.698688790478098,-46.642682026521776,são paulo,SP
08140,-23.558286432578846,-46.57614616293939,sao paulo,SP
08140,-23.518663918966723,-46.38777646522261,são paulo,SP
08142,-23.72693752864293,-46.78104638396713,sao paulo,SP
08142,-23.524438038041886,-46.3895279984868,são paulo,SP
08161,-23.513912937272796,-46.41364353191186,sao paulo,SP
08161,-23.51270430156184,-46.414264194822806,são paulo,SP
08190,-23.493834668362855,-46.40448721441963,sao paulo,SP
08190,-23.49327192423105,-46.397136855675456,são paulo,SP
08246,-23.53498107799065,-46.436275021784304,sao paulo,SP
08246,-23.532127836805337,-46.439738077442385,são paulo,SP
08250,-23.58049172289724,-46.67863652837563,sao paulo,SP
08250,-23.540271705522542,-46.4364338782965,são paulo,SP
08275,-23.579545473772285,-46.486650540942904,sao paulo,SP
08275,-23.579249594783303,-46.487202129609344,são paulo,SP
08290,-23.5633534365803,-46.455485956287134,sao paulo,SP
08290,-23.646470383498208,-46.66538249999999,são paulo,SP
08330,-23.62522717689552,-46.46350516834117,sao paulo,SP
08330,-23.61866710130417,-46.46526283236193,são paulo,SP
08372,-23.603781978900237,-46.43982700562331,sao paulo,SP
08372,-23.604842423757635,-46.43789164804988,são paulo,SP
08420,-23.66576932944774,-46.71610233527613,sao paulo,SP
08420,-23.550045380518196,-46.42579914155458,são paulo,SP
08431,-23.540653692928004,-46.417455631084266,sao paulo,SP
08431,-23.54042112294426,-46.418347136966936,são paulo,SP
08470,-23.601111206622953,-46.39431363899248,sao paulo,SP
08470,-23.601994386894827,-46.39252094587112,são paulo,SP
08529,-23.553733859738628,-46.372450162326004,ferraz de vasconcelos,SP
08566,-23.54869521436897,-46.34594291804565,poa,SP
08566,-23.54603678421538,-46.34298715588351,poá,SP
08577,-23.49442842432999,-46.364438864124516,itaquaquecetuba,SP
08583,-23.495761498905846,-46.29847430094826,itaquaquecetuba,SP
08593,-23.510525494829526,-46.36324450088723,itaquaquecetuba,SP
08610,-23.54901541377336,-46.29982918131404,suzano,SP
08615,-23.55997986360135,-46.292350464971676,suzano,SP
08683,-23.53227367178017,-46.30778772342155,suzano,SP
08693,-23.512052680144222,-46.30443845030627,suzano,SP
08717,-23.561824924883798,-46.18663182504784,mogi das cruzes,SP
08773,-23.520872597898528,-46.196670165125134,mogi das cruzes,SP
08820,-23.537916536178685,-46.12304795864738,mogi das cruzes,SP
08900,-23.441855974990116,-45.99115321667753,guararema,SP
09015,-23.672424344299724,-46.517122678011354,santo andre,SP
09015,-23.665703457960582,-46.51808196779969,santo andré,SP
09020,-23.667442615993373,-46.52524098990328,santo andre,SP
09020,-23.6677737732414,-46.523347077846424,santo andré,SP
09030,-23.692959476484283,-46.504557561076766,santo andre,SP
09030,-23.674920976341223,-46.52492372438856,santo andré,SP
09040,-23.7310807374344,-46.47780321189918,santo andre,SP
09040,-23.7310807374344,-46.47780321189918,santo andré,SP
09111,-23.758760046426744,-46.37300686647117,santo andre,SP
09111,-23.676992502927764,-46.48096252410115,santo andré,SP
09133,-23.745130975809886,-46.492681751767414,santo andre,SP
09133,-23.74511272973553,-46.492717414549105,santo andré,SP
09220,-23.689344664946518,-46.517701859039676,santo andre,SP
09220,-23.63079562308964,-46.53055116166647,santo andré,SP
09271,-23.64863081323201,-46.49569197835991,santo andre,SP
09271,-23.648247533729528,-46.49804117736159,santo andré,SP
09370,-23.7075636181404,-46.48172516539655,maua,SP
09370,-23.71037202872758,-46.483061432596784,mauá,SP
09390,-23.666477634100445,-46.46188646983697,maua,SP
09390,-23.665412460470737,-46.45576349999999,mauá,SP
09405,-23.70863064685438,-46.40481608799677,ribeirao pires,SP
09405,-23.703200570084793,-46.402033929366944,ribeirão pires,SP
09510,-23.625323664723865,-46.571593500000006,sao caetano do sul,SP
09510,-23.625323664723865,-46.571593500000006,são caetano do sul,SP
09530,-23.63135545628714,-46.57150165652955,sao caetano do sul,SP
09530,-23.628492419095153,-46.57340252164007,são caetano do sul,SP
09580,-23.649990360564686,-46.56742363708245,sao caetano do sul,SP
09580,-23.649990360564686,-46.56742363708245,são caetano do sul,SP
09710,-23.720615779906506,-46.54943995946114,sao bernardo do campo,SP
09710,-23.720615779906506,-46.54943995946114,são bernardo do campo,SP
09715,-23.721074818284485,-46.54323782877862,sao bernardo do campo,SP
09715,-23.719960998662287,-46.54522808564963,são bernardo do campo,SP
09720,-23.723002264389926,-46.55056263363345,sao bernardo do campo,SP
09720,-23.72292050346245,-46.550933947544564,são bernardo do campo,SP
09725,-23.741568,-46.56982049999999,sao bernardo do campo,SP
09725,-23.82558722913311,-46.563530275891914,são bernardo do campo,SP
09760,-23.70750244287899,-46.532231425470705,sao bernardo do campo,SP
09760,-23.707012499999998,-46.532373750000005,são bernardo do campo,SP
09770,-23.71576389953255,-46.54188326141176,sao bernardo do campo,SP
09770,-23.714327678521368,-46.540785373422956,são bernardo do campo,SP
09852,-23.74259343710035,-46.607134724520435,sao bernardo do campo,SP
09852,-23.74259343710035,-46.607134724520435,são bernardo do campo,SP
09855,-23.73623931182924,-46.60038491346878,sao bernardo do campo,SP
09855,-23.772240384547995,-46.59512632288017,são bernardo do campo,SP
09895,-23.70758078177789,-46.57508796652859,sao bernardo do campo,SP
09895,-23.70758078177789,-46.57508796652859,são bernardo do campo,SP
09990,-23.703127873121165,-46.62203646426162,diadema,SP
11010,-23.93665709296094,-46.32761472281511,santos,SP
11015,-23.98953196696295,-46.298912500144226,santos,SP
11025,-23.98026818901834,-46.29559765543304,santos,SP
11030,-23.991141961134566,-46.302223683045746,santos,SP
11050,-23.964455263113848,-46.325073547175315,santos,SP
11065,-23.970672,-46.32943949999999,santos,SP
11081,-23.93874050969944,-46.34467021605194,santos,SP
11250,-23.875564311802158,-46.18349897872123,bertioga,SP
11410,-24.00177845962255,-46.266344170989676,guaruja,SP
11410,-24.00167564431721,-46.26498149188172,guarujá,SP
11432,-23.99154972661436,-46.273378510820045,guaruja,SP
11432,-24.001275414940217,-46.26656873593385,guarujá,SP
11440,-23.99068720344507,-46.24755043242536,guaruja,SP
11440,-23.989491680824038,-46.24816862989782,guarujá,SP
11444,-23.979606752399473,-46.195337087749586,guaruja,SP
11444,-23.975069432233603,-46.19307011579933,guarujá,SP
11462,-23.979304832286505,-46.222874295875116,guaruja,SP
11462,-23.975905544087816,-46.25635802943985,guarujá,SP
11471,-23.96811335997463,-46.2777308433262,guaruja,SP
11471,-23.967104563419696,-46.27822284693289,guarujá,SP
11600,-23.82658003617865,-45.43067850837835,sao sebastiao,SP
11600,-23.76910847199777,-45.64972084840988,são sebastião,SP
11662,-23.63110024265887,-45.38592310678537,caraguatatuba,SP
11666,-23.69700211726876,-45.434541658119535,caraguatatuba,SP
11701,-24.014308819868457,-46.399949921865115,praia grande,SP
11704,-24.042398874434028,-46.50607683733047,praia grande,SP
11730,-24.139403874468396,-46.71346567861012,mongagua,SP
11730,-24.14040287454558,-46.70691443519532,mongaguá,SP
11900,-24.531245196415107,-47.81717757357246,registro,SP
12030,-23.041270013066296,-45.57387964363744,taubate,SP
12030,-23.03729611296093,-45.56471138051818,taubaté,SP
12031,-23.04595310776457,-45.59013744122802,taubate,SP
12031,-23.044380600611685,-45.58557140022503,taubaté,SP
12071,-23.011859570363008,-45.52784903819744,taubate,SP
12071,-23.011893210369973,-45.525042267413035,taubaté,SP
12091,-23.05664008093071,-45.55816103757688,taubate,SP
12091,-23.050754639101825,-45.5636850330949,taubaté,SP
12214,-23.25682182962209,-45.94089033894351,sao jose dos campos,SP
12214,-23.16765436580301,-45.914412221622705,são josé dos campos,SP
12215,-23.272113085760065,-45.836610445264526,sao jose dos campos,SP
12215,-23.190182443824778,-45.87234019410551,são josé dos campos,SP
12230,-23.23530047100232,-45.88347203427779,sao jose dos campos,SP
12230,-23.23540847100233,-45.88143353427779,são josé dos campos,SP
12236,-23.295969715186924,-45.895850025587094,sao jose dos campos,SP
12236,-23.294786951151252,-45.89875308090484,são josé dos campos,SP
12239,-23.27401838384212,-45.89689341252727,sao jose dos campos,SP
12239,-23.273470441778638,-45.89325025665658,são josé dos campos,SP
12243,-23.219193120957158,-45.888195681970956,sao jose dos campos,SP
12243,-23.219193120957158,-45.888195681970956,são josé dos campos,SP
12244,-23.232649558863105,-45.90745425062123,sao jose dos campos,SP
12244,-23.206586427693495,-45.95270134347042,são josé dos campos,SP
12245,-23.21004954021696,-45.89240184557161,sao jose dos campos,SP
12245,-23.207487045242072,-45.894973249091166,são josé dos campos,SP
12248,-23.176383118789317,-45.79309416541636,sao jose dos campos,SP
12248,-23.17595226089215,-45.79265503052688,são josé dos campos,SP
12270,-23.320188,-45.73585349999999,jambeiro,SP
12282,-23.119299030500017,-45.710196781277936,cacapava,SP
12282,-23.10242280544173,-45.70031102207276,caçapava,SP
12320,-23.318974121011006,-45.97172423757863,jacarei,SP
12320,-23.316238037191976,-45.97290306994057,jacareí,SP
12327,-23.31177085960578,-45.96957056015361,jacarei,SP
12327,-23.30800415875126,-45.97238593089615,jacareí,SP
12460,-22.777643434172145,-45.60595146480669,campos do jordao,SP
12460,-22.783163885076085,-45.603488985659475,campos do jordão,SP
12507,-22.808843211719616,-45.240249881575174,guaratingueta,SP
12507,-22.80808324807671,-45.238145009342304,guaratinguetá,SP
12512,-22.79299857360179,-45.21196839957166,guaratingueta,SP
12512,-22.772763410389807,-45.20922605917717,guaratinguetá,SP
12604,-22.734372673350105,-45.10439168235554,lorena,SP
12820,-22.597766340071324,-44.692159640309065,areias,SP
12913,-22.963103801814707,-46.52228035001278,braganca paulista,SP
12913,-22.963103801814707,-46.52228035001278,bragança paulista,SP
12922,-22.928026499999994,-46.56548024999999,braganca paulista,SP
12922,-22.927950000000003,-46.56485475000001,bragança paulista,SP
12935,-22.914431404756897,-46.38010184059069,vargem,SP
12942,-23.151443920335915,-46.55740684860633,atibaia,SP
12952,-23.14492333670709,-46.539830386938746,atibaia,SP
12955,-23.174570999999943,-46.476561499999974,bom jesus dos perdoes,SP
12955,-23.174570999999943,-46.476561499999974,bom jesus dos perdões,SP
13010,-22.97960952899767,-47.14902461518264,campinas,SP
13040,-22.95438681282254,-47.05727552464825,campinas,SP
13041,-22.928116668115987,-47.05195900639326,campinas,SP
13056,-22.998251022476804,-47.13833566971554,campinas,SP
13058,-23.039518358589646,-47.121604213572624,campinas,SP
13059,-23.03836922952855,-47.117748431444404,campinas,SP
13061,-22.917183454065437,-47.10669171135092,campinas,SP
13067,-23.03335476075387,-47.12723627706583,campinas,SP
13068,-22.910856786465178,-47.063942012872275,campinas,SP
13070,-22.90276123175025,-47.07509178365741,campinas,SP
13076,-22.88731668646393,-47.058751697515355,campinas,SP
13081,-22.861333288649075,-47.061881733135216,campinas,SP
13083,-22.9671095260626,-47.11333903954781,campinas,SP
13087,-22.96435219968292,-47.13476399999999,campinas,SP
13170,-22.829554218505667,-47.270790536574225,sumare,SP
13170,-22.83907182314343,-47.26069017877168,sumaré,SP
13174,-22.829913901813153,-47.245780329634535,sumare,SP
13174,-22.82327287786314,-47.25204650384164,sumaré,SP
13175,-22.845834922009345,-47.19252515667378,sumare,SP
13175,-22.82585418223501,-47.23614217099826,sumaré,SP
13179,-22.839870342489483,-47.16005255966878,sumare,SP
13179,-22.831045354434703,-47.16885362683939,sumaré,SP
13180,-22.85578729078067,-47.16475316026999,sumare,SP
13180,-22.85263657507646,-47.165448462808,sumaré,SP
13184,-22.8986065412938,-47.17562883231447,hortolandia,SP
13184,-22.882590641142833,-47.171015297318014,hortolândia,SP
13185,-22.911117740579012,-47.1813491435371,hortolandia,SP
13185,-22.906153600159247,-47.17682590983872,hortolândia,SP
13201,-23.196383843386634,-46.876964714298126,jundiai,SP
13201,-23.195538366988593,-46.875082477296374,jundiaí,SP
13202,-23.21571229032252,-46.86963382278265,jundiai,SP
13202,-23.21727257008479,-46.868835573403025,jundiaí,SP
13214,-23.258968146892673,-46.861335953226096,jundiai,SP
13214,-23.17431619954992,-46.904808698309175,jundiaí,SP
13215,-23.199748785706213,-46.86489058052679,jundiai,SP
13215,-23.183957117664132,-46.87810320428179,jundiaí,SP
13221,-23.20326877198469,-46.822081229972866,varzea paulista,SP
13221,-23.19789655450147,-46.82681836575799,várzea paulista,SP
13236,-23.64367266304559,-46.761547692876896,campo limpo paulista,SP
13240,-23.141742523811033,-46.69317931055842,jarinu,SP
13250,-23.009739552590478,-46.83701636120172,itatiba,SP
13270,-22.983462594755352,-47.0041307301779,valinhos,SP
13272,-22.96347652989317,-47.005666796520266,valinhos,SP
13274,-22.974642922378475,-46.971807646110165,valinhos,SP
13275,-22.993122696673392,-46.98884249999998,valinhos,SP
13280,-23.072505962804176,-46.99968529256083,vinhedo,SP
13290,-23.104745999999995,-46.96578169563522,louveira,SP
13304,-23.288588258332403,-47.27050610926572,itu,SP
13313,-23.25676936789071,-47.30688823707971,itu,SP
13322,-23.207081093133784,-47.259540271141454,salto,SP
13323,-23.230183316406006,-47.2643224793122,salto,SP
13324,-23.225305693317523,-47.2971294425529,salto,SP
13330,-23.094506895257847,-47.223620068216825,indaiatuba,SP
13334,-23.086918925685676,-47.206780358765485,indaiatuba,SP
13347,-23.14339975717542,-47.2374856800587,indaiatuba,SP
13360,-23.022434429379608,-47.51099255642141,capivari,SP
13390,-22.86365959665312,-47.61541827901199,rio das pedras,SP
13403,-22.739402503750913,-47.66732967389912,piracicaba,SP
13417,-22.747442907389697,-47.63319994013793,piracicaba,SP
13423,-22.774383671100512,-47.588948843730236,piracicaba,SP
13425,-22.769840711097988,-47.63475394781072,piracicaba,SP
13450,-22.765446475362964,-47.426588670560385,santa barbara d oeste,SP
13450,-22.76634415956834,-47.430874217346705,santa barbara d'oeste,SP
13450,-22.76634415956834,-47.430874217346705,santa bárbara d'oeste,SP
13450,-22.751787457426403,-47.413647935352074,santa bárbara doeste,SP
13455,-22.738481999999998,-47.35589849999998,santa barbara d oeste,SP
13455,-22.75761238217527,-47.38111516653177,santa barbara d'oeste,SP
13455,-22.71241598579223,-47.371273027042854,santa barbara doeste,SP
13455,-22.742234678629433,-47.35673833735696,santa bárbara d'oeste,SP
13455,-22.741947456193483,-47.3571938614509,santa bárbara doeste,SP
13456,-22.762127904187157,-47.39694435552279,santa barbara d oeste,SP
13456,-22.767400133967026,-47.40123993285647,santa barbara d'oeste,SP
13456,-22.763228183098224,-47.39433803595171,santa bárbara d'oeste,SP
13456,-22.753402271545355,-47.367413925350796,santa bárbara doeste,SP
13460,-22.80825502628271,-47.30255639197035,nova odessa,SP
13480,-22.638321000000005,-47.33018100000001,limeira,SP
13481,-22.62182892423105,-47.41280165514457,limeira,SP
13483,-22.568604831525217,-47.446968719400985,limeira,SP
13487,-22.600209189610254,-47.372416654590275,limeira,SP
13504,-22.431221658681146,-47.58182051534514,rio claro,SP
13515,-22.537501850909372,-47.759760332525936,charqueada,SP
13562,-22.01042790527275,-47.914498262694956,sao carlos,SP
13562,-22.01042790527275,-47.914498262694956,são carlos,SP
13563,-22.002819674158932,-47.91165762600267,sao carlos,SP
13563,-22.001722260343897,-47.91512695781636,são carlos,SP
13566,-22.010175586733226,-47.88993062476193,sao carlos,SP
13566,-22.008154499999996,-47.886925500000004,são carlos,SP
13567,-22.015231917081117,-47.85803861417567,sao carlos,SP
13567,-22.015231917081117,-47.85803861417567,são carlos,SP
13575,-22.044301459893816,-47.90196706757464,sao carlos,SP
13575,-22.04296766127643,-47.90318606737295,são carlos,SP
13603,-22.357155798358097,-47.4052921218512,araras,SP
13610,-22.206891758231627,-47.391129131910894,leme,SP
13630,-22.010481954552358,-47.429884644930546,pirassununga,SP
13660,-23.217090799678534,-47.522463082713266,porto ferreira,SP
13690,-21.929253003857646,-47.62280016508337,descalvado,SP
13700,-23.610903675220047,-45.38303832243192,casa branca,SP
13720,-21.628095853960538,-46.89433800264123,sao jose do rio pardo,SP
13720,-21.61430705460881,-46.89339847947379,são josé do rio pardo,SP
13736,-21.49471368769211,-47.00491148379688,mococa,SP
13820,-22.722683694351264,-46.97145024439485,jaguariuna,SP
13820,-22.70884049999999,-46.98919351338789,jaguariúna,SP
13820,-22.711901731057765,-46.97816890313921,monte alegre do sul,SP
13825,-22.6582691885394,-47.02968766121425,holambra,SP
13840,-22.371524503932754,-46.94068571893897,mogi guacu,SP
13840,-22.37273478272731,-46.94325292703728,mogi guaçu,SP
13840,-22.371691718914537,-46.94291889715896,mogi-guacu,SP
13844,-22.39557487270473,-46.94833431494319,mogi guacu,SP
13844,-22.39557487270473,-46.94833431494319,mogi guaçu,SP
13844,-22.395891392116418,-46.94691043764621,mogi-guacu,SP
13845,-22.368938037039772,-46.94970899645424,mogi guacu,SP
13845,-22.379561653724046,-46.9461228067224,mogi guaçu,SP
13845,-22.3751679768719,-46.95192432839628,mogi-guacu,SP
13846,-22.36959370366482,-46.936790090805815,mogi guacu,SP
13846,-22.34245157905815,-46.95446017317684,mogi guaçu,SP
13846,-22.38117282039631,-46.925373324915746,mogi-guacu,SP
13871,-21.988227624256343,-46.79641489638244,sao joao da boa vista,SP
13871,-22.006643212703334,-46.780301516228505,são joão da boa vista,SP
13920,-23.692606859245704,-46.65813811804285,pedreira,SP
13930,-23.510957935004935,-47.616364993736234,serra negra,SP
14020,-21.221119294182355,-47.80061499341371,ribeirao preto,SP
14020,-21.212975696137004,-47.80351316009537,ribeirão preto,SP
14025,-21.20928581848347,-47.81337561379765,ribeirao preto,SP
14025,-21.20877284984708,-47.81328822814356,ribeirão preto,SP
14055,-21.214489912776397,-47.77973180062799,ribeirao preto,SP
14055,-21.164142677217345,-47.8284613380461,ribeirão preto,SP
14057,-21.13867542270184,-47.85259144364942,ribeirao preto,SP
14057,-21.13838767415894,-47.85157241090083,ribeirão preto,SP
14070,-21.12414641548848,-47.790531775463116,ribeirao preto,SP
14070,-21.12409653344107,-47.79056172453689,ribeirão preto,SP
14085,-21.188952,-47.81682360935426,ribeirao preto,SP
14085,-21.17522084984708,-47.798397728143556,ribeirão preto,SP
14090,-21.18964581764675,-47.776358053840404,ribeirao preto,SP
14090,-21.18838026395058,-47.77883945031452,ribeirão preto,SP
14092,-21.184373107013453,-47.75772416625401,ribeirao preto,SP
14092,-21.182143558139572,-47.76111347362804,ribeirão preto,SP
14166,-21.13580445564596,-47.982293541013775,sertaozinho,SP
14166,-21.133302956979634,-47.98197483014022,sertãozinho,SP
14400,-20.55138379944616,-47.405156105771724,franca,SP
14401,-20.53821322305511,-47.390094000000005,franca,SP
14402,-20.539583660952847,-47.356499631925345,franca,SP
14460,-20.425623607968202,-47.42252657329478,cristais paulista,SP
14600,-20.606561466219247,-47.869321962012656,sao joaquim da barra,SP
14600,-20.603588144128807,-47.86936759162849,são joaquim da barra,SP
14702,-20.971741369659135,-48.47194744381428,bebedouro,SP
14730,-20.92011623208057,-48.63827380692287,monte azul paulista,SP
14740,-20.880636283981442,-48.29437756837823,viradouro,SP
14750,-21.022624439274665,-48.22794634485128,pitangueiras,SP
14784,-20.592150034970288,-48.56995106356392,barretos,SP
14806,-21.769084311802057,-48.16538106734061,araraquara,SP
14940,-21.775355805235435,-48.84473185078478,ibitinga,SP
15014,-20.82386096774624,-49.37587320917818,sao jose do rio preto,SP
15014,-20.822663523966245,-49.382138910143254,são josé do rio preto,SP
15054,-20.822791242582895,-49.38243600314118,sao jose do rio preto,SP
15054,-20.789893804690056,-49.359626801876,são josé do rio preto,SP
15061,-20.866304979677306,-49.310385786418394,sao jose do rio preto,SP
15061,-20.825301271458528,-49.34399659118399,são josé do rio preto,SP
15075,-20.82912600791518,-49.35990991969433,sao jose do rio preto,SP
15075,-20.826492562451723,-49.351387479225686,são josé do rio preto,SP
15085,-20.85037751208188,-49.39263684337085,sao jose do rio preto,SP
15085,-20.85037751208188,-49.39263684337085,são josé do rio preto,SP
15115,-20.927584349622375,-49.458301686423226,bady bassitt,SP
15130,-20.840260491235757,-49.48927817471882,mirassol,SP
15502,-20.427982047478242,-49.989657857995844,votuporanga,SP
15570,-20.102164683770575,-49.91086021258737,cardoso,SP
15601,-20.29811259961654,-50.25331663457617,fernandopolis,SP
15601,-20.303040492966314,-50.24807807596775,fernandópolis,SP
15700,-20.284208163531844,-50.544116750790295,jales,SP
15802,-21.15017475131286,-48.99682663835192,catanduva,SP
15840,-21.32594655474542,-49.05654691473981,itajobi,SP
15900,-21.476503106934366,-48.62448215013497,taquaritinga,SP
15960,-21.19680602418957,-48.788494009934524,ariranha,SP
15990,-21.617156912574284,-48.36074448182236,matao,SP
15990,-21.615196498260772,-48.36758572472457,matão,SP
16012,-21.218342275501744,-50.40186393415943,aracatuba,SP
16012,-21.218321545934558,-50.400362346932894,araçatuba,SP
16300,-21.445954952757404,-50.06720270018391,penapolis,SP
16300,-21.42650372161802,-50.06709989328673,penápolis,SP
16402,-21.691439999999993,-49.72157325,lins,SP
16901,-20.9129506472335,-51.369913512358224,andradina,SP
17051,-22.33677201645713,-49.101122657539065,bauru,SP
17052,-22.34941798452126,-49.09714989307685,bauru,SP
17250,-22.08961239043831,-48.75187244144131,bariri,SP
17350,-22.526997317224378,-48.5679706228625,igaracu do tiete,SP
17350,-22.525160680054622,-48.569205396700305,igaraçu do tietê,SP
17370,-22.573485815592605,-48.15719201055296,santa maria da serra,SP
17380,-22.29582297122913,-48.1266717470773,brotas,SP
17490,-22.421960249990395,-49.13730894779682,piratininga,SP
17502,-22.228661912574292,-49.954275649460435,marilia,SP
17502,-22.228702145709526,-49.95408887607479,marília,SP
17510,-22.23659370996594,-49.927932188729876,marilia,SP
17510,-22.20011054954124,-49.95190599916328,marília,SP
17520,-22.24633007972122,-49.92438241972006,marilia,SP
17520,-22.24360793672453,-49.92736974686945,marília,SP
17526,-22.252067497085804,-49.992471183045744,marilia,SP
17526,-22.251464497085806,-49.99246120858096,marília,SP
17580,-22.119246041264766,-50.14900640202948,pompeia,SP
17580,-22.113984027348348,-50.151631247921685,pompéia,SP
17602,-21.943777726903114,-50.49585837421773,tupa,SP
17602,-21.935592253800884,-50.520469671619054,tupã,SP
17690,-21.93584899805816,-50.72974831616603,bastos,SP
17740,-21.732897060112418,-50.72574468684521,rinopolis,SP
17740,-21.736166119209003,-50.73202233525054,rinópolis,SP
17990,-21.318182333857155,-51.83135541642363,pauliceia,SP
17990,-21.313616983972828,-51.8355011034288,paulicéia,SP
18015,-23.508842461825974,-47.42483446195724,sorocaba,SP
18048,-23.545551848172092,-47.46866431523788,sorocaba,SP
18079,-23.525517102710197,-47.46519873034564,sorocaba,SP
18080,-23.49450946760049,-47.45730386690012,sorocaba,SP
18113,-23.542102750476143,-47.40801394714054,votorantim,SP
18134,-23.527546344711187,-47.13176799500834,sao roque,SP
18134,-23.527203991268205,-47.13148598546848,são roque,SP
18147,-23.46772575658346,-47.01877549684029,aracariguama,SP
18147,-23.43964799999995,-47.07174949999995,araçariguama,SP
18150,-23.805641999999946,-47.17613149999997,ibiuna,SP
18150,-23.67777041511889,-47.211793382881595,ibiúna,SP
18160,-23.670966463921303,-47.590242831532585,salto de pirapora,SP
18212,-23.578447159791118,-48.039232172958386,itapetininga,SP
18240,-23.550272072130415,-48.30415627258901,angatuba,SP
18240,-23.491333492091986,-48.42040982914537,sorocaba,SP
18270,-23.365226604800586,-47.86366432365377,tatui,SP
18270,-23.35675752709228,-47.85132212788804,tatuí,SP
18271,-23.344829041248566,-47.84195906199226,são paulo,SP
18271,-23.349752982245416,-47.83457258495229,tatui,SP
18271,-23.347768758047174,-47.82839510948043,tatuí,SP
18279,-23.34047108584832,-47.85010117001611,tatui,SP
18279,-23.336816056935415,-47.850061645977256,tatuí,SP
18285,-23.24397246255063,-47.93933431042246,cesario lange,SP
18285,-23.230563141401834,-47.94913842333478,cesário lange,SP
18425,-23.930428457576753,-48.706912102769714,taquarivai,SP
18425,-23.927605242164816,-48.69995358689421,taquarivaí,SP
18500,-23.090779229495222,-47.89407963411373,laranjal paulista,SP
18530,-23.13001328905441,-47.70297308094747,tiete,SP
18530,-23.12630871124075,-47.70030205335294,tietê,SP
18550,-23.333192999999998,-47.68449749999999,boituva,SP
18603,-22.88828473688615,-48.44673221579432,botucatu,SP
18760,-23.059865999999946,-49.12053649999996,cerqueira cesar,SP
18760,-23.04517704487411,-49.15119034338709,cerqueira césar,SP
18900,-22.924237892596345,-49.62152798601055,santa cruz do rio pardo,SP
19053,-22.167711751121992,-51.41063571140058,presidente prudente,SP
19300,-22.112687999999945,-51.619890499999954,presidente bernardes,SP
19800,-22.675572000000003,-50.41896964255334,assis,SP
19815,-22.6631025,-50.39854199999999,assis,SP
19830,-22.433640203934225,-50.20744061986336,echapora,SP
19830,-22.43402296821043,-50.21067000619213,echaporã,SP
19900,-22.987018121011015,-49.86737275965142,ourinhos,SP
19911,-22.97517347100232,-49.87100179808414,ourinhos,SP
20071,-22.90344565139367,-43.18667115168213,rio de janeiro,RJ
20091,-22.902799914507533,-43.177287343586,rio de janeiro,RJ
20231,-22.92011723397195,-43.184962293784956,rio de janeiro,RJ
20250,-22.978023313854145,-43.681412922856914,rio de janeiro,RJ
20260,-23.01023847792722,-43.342083,rio de janeiro,RJ
20270,-22.92614672996124,-43.22212049070917,rio de janeiro,RJ
20271,-22.943910560140818,-43.254772993992525,rio de janeiro,RJ
20511,-22.93484034227838,-43.244665856151904,rio de janeiro,RJ
20535,-22.897433698551396,-43.20235439951714,rio de janeiro,RJ
20550,-22.926187131282795,-43.234249076317205,rio de janeiro,RJ
20560,-22.924985553147913,-43.24954100914658,rio de janeiro,RJ
20710,-22.913942647238727,-43.27510892867445,rio de janeiro,RJ
20720,-22.912753641410347,-43.284616077298146,rio de janeiro,RJ
20760,-22.920525893836654,-43.24914089383665,rio de janeiro,RJ
20765,-22.87902683928684,-43.27183045169951,rio de janeiro,RJ
20775,-22.899582230365265,-43.276180620318534,rio de janeiro,RJ
20910,-22.903069516504186,-43.228634993334886,rio de janeiro,RJ
20921,-22.9196817238444,-43.67128084041201,rio de janeiro,RJ
20950,-22.909776013330195,-43.26813414931619,rio de janeiro,RJ
21011,-22.994779410438927,-43.644678346047186,rio de janeiro,RJ
21020,-22.84053977961805,-43.271247856223724,rio de janeiro,RJ
21031,-22.855065203156602,-43.2588916670898,rio de janeiro,RJ
21050,-22.90999350774413,-43.21570643028895,rio de janeiro,RJ
21215,-22.83787546378897,-43.30088016180969,rio de janeiro,RJ
21220,-22.866091474375665,-43.30302588321352,rio de janeiro,RJ
21221,-22.938554771365187,-43.69253937724227,rio de janeiro,RJ
21331,-22.982492419931877,-43.695775204830056,rio de janeiro,RJ
21371,-22.86127113711118,-43.32156008578094,rio de janeiro,RJ
21610,-22.985690506289334,-43.1965409294699,rio de janeiro,RJ
21616,-22.869161927001013,-43.405082339719534,rio de janeiro,RJ
21715,-22.886803361648067,-43.43598316348312,rio de janeiro,RJ
21760,-22.896987316694457,-43.42212713598599,rio de janeiro,RJ
21770,-22.899385759651405,-43.445379683449765,rio de janeiro,RJ
21820,-22.892367212116472,-43.46447758573376,rio de janeiro,RJ
21843,-22.90297405495659,-43.546898720869834,rio de janeiro,RJ
21853,-22.980284329618243,-43.682734978537546,rio de janeiro,RJ
22030,-22.96932085383186,-43.18974585273855,rio de janeiro,RJ
22071,-23.030654709417682,-43.473297142939565,rio de janeiro,RJ
22240,-22.951324641849972,-43.18067219572933,rio de janeiro,RJ
22250,-22.950466835415384,-43.1817399526077,rio de janeiro,RJ
22290,-22.960381107132548,-43.178650187344914,rio de janeiro,RJ
22410,-22.986060727694348,-43.21512523333485,rio de janeiro,RJ
22421,-22.985755878988986,-43.20934023411617,rio de janeiro,RJ
22440,-22.98760376019966,-43.22728948251486,rio de janeiro,RJ
22441,-22.988308033972572,-43.227562643393036,rio de janeiro,RJ
22620,-23.0150528506431,-43.3061378506431,rio de janeiro,RJ
22713,-22.96958556017043,-43.49925324733761,rio de janeiro,RJ
22723,-22.975726652815577,-43.333695384174824,rio de janeiro,RJ
22725,-22.934513385193114,-43.38587950675346,rio de janeiro,RJ
22740,-22.931049740492828,-43.362979286571615,rio de janeiro,RJ
22745,-22.938890427145235,-43.33696126103637,rio de janeiro,RJ
22770,-22.94580224923539,-43.36046044463038,rio de janeiro,RJ
22775,-22.995936,-43.36550262536844,rio de janeiro,RJ
22780,-22.989923862937466,-43.418505009280274,rio de janeiro,RJ
22790,-23.030796436580303,-43.48059973688615,rio de janeiro,RJ
22793,-23.011049919773185,-43.421603122452204,rio de janeiro,RJ
23012,-22.90445295674033,-43.534090896275785,rio de janeiro,RJ
23020,-23.068313141266113,-43.567147891886485,rio de janeiro,RJ
23028,-22.993867155475755,-43.64436960591188,rio de janeiro,RJ
23035,-22.954294842837175,-43.60984568399093,rio de janeiro,RJ
23045,-22.94135038135491,-43.56246156786309,rio de janeiro,RJ
23060,-22.913015287862407,-43.6164649669466,rio de janeiro,RJ
23062,-22.909313084655754,-43.60194566833056,rio de janeiro,RJ
23075,-22.886523366639732,-43.56462266374293,rio de janeiro,RJ
23092,-22.882970441023694,-43.52219063336025,rio de janeiro,RJ
23510,-22.932837136747136,-43.66754080605842,rio de janeiro,RJ
23931,-23.019844665226078,-44.33141460582894,angra dos reis,RJ
23946,-23.031855674347412,-44.17270377159057,angra dos reis,RJ
23970,-23.349625101929487,-44.72588034885984,parati,RJ
23970,-23.330114999999992,-44.7358725,paraty,RJ
24140,-22.902333217362813,-42.96402051939306,niteroi,RJ
24140,-22.902333217362813,-42.96402051939306,niterói,RJ
24210,-22.945831249400534,-43.01339364369975,niteroi,RJ
24210,-22.908111517579467,-43.12978237148066,niterói,RJ
24220,-22.910523086329192,-43.10935339979233,niteroi,RJ
24220,-22.910403866495496,-43.109301121847736,niterói,RJ
24230,-22.912510850706646,-43.108995952464674,niteroi,RJ
24230,-22.9130115949897,-43.099609192853876,niterói,RJ
24310,-22.9408611867162,-43.05306665682312,niteroi,RJ
24310,-22.918184999999994,-43.06499338343237,niterói,RJ
24315,-22.914216880373964,-43.06355763711118,niteroi,RJ
24315,-22.903607106410345,-43.0631995386362,niterói,RJ
24350,-22.956028708753045,-43.071701004303186,niteroi,RJ
24350,-22.956028708753045,-43.071701004303186,niterói,RJ
24435,-22.83294088312401,-43.07761387068119,sao goncalo,RJ
24435,-22.832243306355355,-43.070900287763905,são gonçalo,RJ
24445,-22.831818495299206,-42.98402882952421,sao goncalo,RJ
24445,-22.82488402018055,-43.04168820489108,são gonçalo,RJ
24460,-22.820908528396757,-43.04391967754535,sao goncalo,RJ
24460,-22.82091964212493,-43.04406218746742,são gonçalo,RJ
24465,-22.838449259944415,-42.972767920977546,sao goncalo,RJ
24465,-22.839360546962112,-42.97210537292709,são gonçalo,RJ
24710,-22.83383207784613,-43.00271147321232,sao goncalo,RJ
24710,-22.831881429742374,-43.006353397178614,são gonçalo,RJ
24808,-22.767598545554982,-42.85650260286713,itaborai,RJ
24808,-22.770239999999944,-42.86449452599993,itaboraí,RJ
24855,-22.7848249722262,-42.91757037880185,itaborai,RJ
24855,-22.77328499999993,-42.91785630299995,itaboraí,RJ
24913,-22.908095225225264,-42.822558497094136,inoa,RJ
24913,-22.957708623999963,-42.98487149999994,marica,RJ
24913,-22.91438543426634,-42.819267445224526,maricá,RJ
24937,-22.968647917225105,-43.01031852755177,marica,RJ
24937,-22.963124466281208,-43.015138419259436,maricá,RJ
24941,-22.943851091621998,-42.74388116810194,marica,RJ
25020,-22.78901255293317,-43.3115718333932,duque de caxias,RJ
25025,-22.8005009917041,-43.326191123597084,duque de caxias,RJ
25035,-22.768820721622905,-43.322339637125566,duque de caxias,RJ
25040,-22.76964506420943,-43.306353459616226,duque de caxias,RJ
25060,-22.79492433009113,-43.33020446063142,duque de caxias,RJ
25250,-22.782594939513494,-43.28915265946077,duque de caxias,RJ
25261,-22.6779981106636,-43.2634124879174,duque de caxias,RJ
25645,-22.55046865604076,-43.2176823741525,petropolis,RJ
25645,-22.55046865604076,-43.2176823741525,petrópolis,RJ
25740,-22.41726870720411,-43.165554149792975,petropolis,RJ
25740,-22.400770980845657,-43.12137829571315,petrópolis,RJ
25750,-22.4929773442584,-43.15238040281382,petropolis,RJ
25750,-22.530712556712192,-43.20516513856429,petrópolis,RJ
25870,-22.053642379954848,-43.207654351540505,comendador levy gasparian,RJ
25900,-22.70871849472369,-43.158520033852035,mage,RJ
25900,-22.704627855916062,-43.16395932829033,magé,RJ
25935,-22.64533909198375,-43.14843350364683,inhomirim,RJ
25935,-22.71180031328779,-43.16998342069521,mage,RJ
25935,-22.708084372194406,-43.16168756519881,magé,RJ
25946,-22.543449680373357,-42.98095773690683,guapimirim,RJ
25995,-22.4402604922669,-42.97112368208212,teresopolis,RJ
25995,-22.394111995470528,-42.94190281166337,teresópolis,RJ
26020,-22.763414006752754,-43.45783077717714,nova iguacu,RJ
26020,-22.741389568060406,-43.447926628659445,nova iguaçu,RJ
26276,-22.775900455050355,-43.54510933824525,nova iguacu,RJ
26276,-22.74979431736422,-43.506137170031806,nova iguaçu,RJ
26279,-22.750466364415047,-43.517033823650785,nova iguacu,RJ
26279,-22.748172576664253,-43.51413312572578,nova iguaçu,RJ
26535,-22.806793077367647,-43.41307685308034,nilopolis,RJ
26535,-22.805726502616878,-43.41163723345771,nilópolis,RJ
26564,-22.777406629288564,-43.41839134040966,mesquita,RJ
27143,-22.534149496203582,-43.79808602279832,barra do pirai,RJ
27143,-22.524654478377347,-43.80413769915342,barra do piraí,RJ
27211,-22.492883020945396,-44.07734024670948,volta redonda,RJ
27323,-22.56339903258719,-44.14135788694918,barra mansa,RJ
27351,-22.538159999999948,-44.229919999999936,barra mansa,RJ
27940,-22.395633392711527,-41.79001351195449,macae,RJ
27940,-22.39378314714144,-41.7887007671952,macaé,RJ
28010,-21.783116683494317,-41.322000537722445,campos dos goytacazes,RJ
28021,-21.83409908595444,-41.28680609286858,campos dos goytacazes,RJ
28375,-20.9333186791225,-41.86486775632831,varre-sai,RJ
28435,-21.625645496895352,-41.98519583710767,tres irmaos,RJ
28470,-22.941631758134374,-43.04196689334891,santo antonio de padua,RJ
28470,-21.657847328110673,-42.34168453133593,santo antônio de pádua,RJ
28500,-21.99969817411518,-42.36876285670367,cantagalo,RJ
28570,-21.76289959853458,-42.17757994594161,itaocara,RJ
28613,-22.297072061881607,-42.529978330547195,nova friburgo,RJ
28623,-22.309390273999632,-42.54064607103966,nova friburgo,RJ
28640,-21.94264343251468,-42.602697278470956,carmo,RJ
28735,-22.11727069036191,-41.466101503719294,quissama,RJ
28735,-22.11591513147764,-41.486735688790404,quissamã,RJ
28892,-22.453325633344427,-41.86866809430691,rio das ostras,RJ
28990,-22.936253784250663,-42.47642060765428,saquarema,RJ
28993,-22.898992738769092,-42.47410089147533,bacaxa,RJ
28993,-22.897623017533686,-42.47416898392744,bacaxa (saquarema) - distrito,RJ
28993,-22.89653216123114,-42.47038762979228,saquarema,RJ
29031,-20.29653462547841,-40.346341559525705,vitoria,ES
29031,-20.28157026920847,-40.33017427968581,vitória,ES
29055,-20.311146079997254,-40.29605265349266,vitoria,ES
29055,-20.310194739297735,-40.293296178537744,vitória,ES
29057,-20.304175387760214,-40.28291065849146,vitoria,ES
29057,-20.296942825367413,-40.29673396904814,vitória,ES
29102,-20.447036999999995,-40.34958299999999,vila velha,ES
29122,-20.434745130142485,-40.35010507488066,vila velha,ES
29154,-20.336394885162267,-40.39751301732308,cariacica,ES
29160,-20.25343834609617,-40.26353569288482,serra,ES
29185,-20.03782866174987,-40.18956204982735,fundao,ES
29185,-19.936811380070502,-40.406817705867006,fundão,ES
29280,-20.798580048406595,-40.810568835336916,iconha,ES
29300,-20.852199183557946,-41.11345258159276,cachoeiro de itapemirim,ES
29304,-20.911732981999933,-41.11879499999998,cachoeiro de itapemirim,ES
29338,-20.911140356525824,-40.785968515194625,itaipava,ES
29338,-20.894573035914636,-40.77624130044643,itapemirim,ES
29400,-21.069694360691393,-41.3565743714896,mimoso do sul,ES
29600,-20.093964595077995,-41.118706149149475,afonso claudio,ES
29600,-20.155009039781156,-41.09973436567592,afonso cláudio,ES
29845,-18.548693999999998,-40.301655749999995,boa esperanca,ES
29845,-18.543594017569934,-40.29937724328673,boa esperança,ES
30120,-19.921938549252772,-43.93241541672923,belo horizonte,MG
30130,-19.949367988146207,-43.919911967402065,belo horizonte,MG
30150,-19.938920437965272,-43.92889013434121,belo horizonte,MG
30190,-19.933735306134224,-43.9522568860581,belo horizonte,MG
30220,-20.014820493606905,-44.03042804143212,belo horizonte,MG
30260,-19.933760846317693,-43.91090407818278,belo horizonte,MG
30315,-19.961123026990947,-43.929354768609386,belo horizonte,MG
30350,-19.966599594402943,-43.952531875522354,belo horizonte,MG
30380,-19.953564987158956,-43.949657188030265,belo horizonte,MG
30411,-19.998358480437393,-43.98423620107912,belo horizonte,MG
30421,-19.987567014947338,-44.05063913503982,belo horizonte,MG
30441,-19.947540866495498,-43.9612722865716,belo horizonte,MG
30494,-19.970507682757276,-43.95888723576096,belo horizonte,MG
30516,-19.987258630590308,-44.03639931502103,belo horizonte,MG
30550,-19.97034431574691,-44.016892669734624,belo horizonte,MG
30626,-20.00816744379366,-44.01154017860233,belo horizonte,MG
30660,-19.993795081337527,-44.02608522661436,belo horizonte,MG
30668,-20.01592749742551,-44.03795983317266,belo horizonte,MG
30775,-19.903718655913124,-43.97181295900543,belo horizonte,MG
31130,-19.93913465667379,-43.93314165987645,belo horizonte,MG
31140,-19.90301458728148,-43.932164233279444,belo horizonte,MG
31210,-19.91358949209415,-43.951147176524856,belo horizonte,MG
31255,-19.977907171805768,-44.014869893520405,belo horizonte,MG
31365,-19.874383669715538,-44.00257044295693,belo horizonte,MG
31720,-19.841509703955,-43.949346506205146,belo horizonte,MG
31741,-19.914671309166007,-43.88562748910592,belo horizonte,MG
31744,-20.00490155508116,-44.01615460075591,belo horizonte,MG
31870,-19.91522018487644,-43.92903422906542,belo horizonte,MG
31910,-19.941458567286883,-43.99041191634003,belo horizonte,MG
32010,-19.943151504997775,-44.07073108106226,contagem,MG
32013,-19.95509203074444,-44.03282059392536,contagem,MG
32071,-19.930681397630355,-44.071751038751025,contagem,MG
32400,-20.05017701997279,-44.05240630601166,ibirite,MG
32400,-20.029456213764885,-44.057984550163916,ibirité,MG
33115,-19.800509337668892,-43.92000728493874,santa luzia,MG
33400,-19.808667729332065,-43.99967160689627,lagoa santa,MG
33600,-19.65325627546788,-44.05533806138909,pedro leopoldo,MG
33913,-19.794747480164848,-44.02100342913147,ribeirao das neves,MG
33913,-19.784318998472163,-44.02063495131004,ribeirão das neves,MG
33936,-19.825015880326532,-44.011672409479594,ribeirao das neves,MG
34535,-19.91374361524554,-43.82182959173742,sabara,MG
34535,-19.91374361524554,-43.82182959173742,sabará,MG
34545,-19.895721556633625,-43.838324438342575,sabara,MG
34545,-19.891817604595023,-43.83196725944732,sabará,MG
35053,-18.909681203925935,-41.957565675461716,governador valadares,MG
35160,-19.515913983899843,-42.56269634318196,ipatinga,MG
35162,-19.48754255759131,-42.58167224562871,ipatinga,MG
35170,-19.531779771744386,-42.62675534972553,coronel fabriciano,MG
35171,-19.536852407359913,-42.597486333294476,coronel fabriciano,MG
35180,-19.568575275386685,-42.65802173157216,timoteo,MG
35180,-19.560757937522528,-42.6511749921903,timóteo,MG
35190,-19.444226386630085,-42.20708258095679,iapu,MG
35290,-18.79359868202999,-40.987561798549855,mantena,MG
35300,-19.802082814976853,-42.13748871252166,caratinga,MG
35338,-19.66527999999994,-42.022779999999955,ubaporanga,MG
35360,-20.176317245867068,-42.52936012917838,sao pedro dos ferros,MG
35360,-20.16977652667621,-42.52030343465407,são pedro dos ferros,MG
35400,-20.5341929390327,-43.55381471062553,ouro preto,MG
35476,-20.473367031329076,-44.232825807488496,piedade dos gerais,MG
35500,-20.176276153568544,-44.86900166827572,divinopolis,MG
35500,-20.175507076283704,-44.869835044168546,divinópolis,MG
35502,-20.175171641984907,-44.90770264226701,divinopolis,MG
35502,-20.1659641777482,-44.84243237619193,divinópolis,MG
35503,-20.187332999999995,-44.80619849999998,divinopolis,MG
35503,-20.14219925519158,-44.920046198619545,divinópolis,MG
35530,-20.456827006027403,-44.77651242988412,claudio,MG
35530,-20.457865534854044,-44.7757736780389,cláudio,MG
35547,-20.570829626349916,-44.87865267647435,carmo da mata,MG
35557,-25.475789444407575,-49.198773063953396,carmo do cajuru,MG
35570,-20.518607999999944,-45.51510499999995,formiga,MG
35603,-19.952232267723506,-45.173094556347806,araujos,MG
35603,-19.9476670206164,-45.16597931546578,araújos,MG
35606,-19.502607604616582,-45.05902779154626,martinho campos,MG
35700,-19.480825656690197,-44.2168011388139,sete lagoas,MG
35701,-19.500168753356213,-44.237636873242636,sete lagoas,MG
35730,-19.582787999999944,-44.16252199999997,capim branco,MG
35770,-19.383950953995726,-44.33261459321628,caetanopolis,MG
35770,-19.308681515834845,-44.425374840244764,caetanópolis,MG
35900,-19.662132765440244,-43.21278999331205,itabira,MG
35901,-19.669494118055713,-43.23698396506304,itabira,MG
35903,-19.71252628697445,-43.31958931770297,itabira,MG
35930,-19.895706111894803,-43.14282928519453,joao monlevade,MG
35930,-19.832308600619456,-43.144671916375714,joão monlevade,MG
35950,-20.1570749054544,-43.300908995206264,alvinopolis,MG
35950,-20.10970370363647,-43.059978118117265,alvinópolis,MG
35970,-19.95422840773966,-43.48040030031899,barao de cocais,MG
35970,-19.95177414367554,-43.48318880132901,barão de cocais,MG
36015,-21.771350382661335,-43.357974409578816,juiz de fora,MG
36016,-21.77451234182502,-43.36007612864903,juiz de fora,MG
36031,-21.808243037191982,-43.34174348265908,juiz de fora,MG
36050,-21.751585376074786,-43.357989745628714,juiz de fora,MG
36081,-21.747619655288812,-43.379786781983974,juiz de fora,MG
36202,-21.231589983874525,-43.74129934624469,barbacena,MG
36240,-21.47470205476753,-43.54510837691469,santos dumont,MG
36255,-21.342551030078507,-43.37679029574744,aracitaba,MG
36305,-21.244613010250912,-44.41436250434353,sao joao del rei,MG
36305,-21.147463543666646,-44.19675958027197,são joão del rei,MG
36400,-20.75257677208237,-43.78062066101166,conselheiro lafaiete,MG
36415,-22.151761151735716,-46.042384212151845,congonhas,MG
36420,-20.540594416368904,-43.710310855961865,ouro branco,MG
36500,-21.137749654368292,-42.94535433495123,uba,MG
36500,-21.128171902600055,-42.94845553021452,ubá,MG
36502,-21.13630810089959,-42.930455414310075,uba,MG
36502,-21.12768426236445,-42.93758843558008,ubá,MG
36660,-21.8980359009168,-42.72574088436813,alem paraiba,MG
36660,-21.890254709059917,-42.71307960092302,além paraíba,MG
36900,-20.27658456244698,-42.052321858249385,manhuacu,MG
36900,-20.276127000000002,-42.055312499999985,manhuaçu,MG
37004,-21.566704452051304,-45.43453763389423,varginha,MG
37026,-21.578640910224255,-45.44223761169112,varginha,MG
37060,-21.584566192924907,-45.42234658348086,varginha,MG
37195,-21.255359801978084,-45.50625155697395,santana da vargem,MG
37200,-21.267978668368155,-44.990942068342214,lavras,MG
37200,-21.242778862340565,-45.003449839027034,lavras mg,MG
37245,-21.492292210855986,-44.63590382055615,carrancas,MG
37410,-21.7254809177305,-45.26179128938966,tres coracoes,MG
37410,-21.722162304649704,-45.260551480742414,três corações,MG
37470,-22.139061032598544,-45.05953425203741,sao lourenco,MG
37470,-22.13356921538886,-45.05452022014179,são lourenço,MG
37478,-22.0618234212931,-45.04703826279553,soledade de minas,MG
37490,-21.903411167605107,-45.58312035207061,sao goncalo do sapucai,MG
37490,-21.902633424014645,-45.583605608947565,são gonçalo do sapucaí,MG
37500,-22.438381660428895,-45.466096579544995,itajuba,MG
37500,-22.426578503513127,-45.45323830070264,itajubá,MG
37503,-22.448303356861665,-45.473327247647774,itajuba,MG
37503,-22.4481393728672,-45.47254240415371,itajubá,MG
37505,-22.42828760550589,-45.45941366834823,itajuba,MG
37505,-22.42844253566442,-45.45950657875364,itajubá,MG
37540,-22.264758521824465,-45.69509702295955,santa rita do sapucai,MG
37540,-22.264733148396683,-45.69504476578091,santa rita do sapucaí,MG
37580,-22.44371143869014,-46.575164969157775,monte siao,MG
37580,-22.438616448317656,-46.56674172385582,monte sião,MG
37590,-22.308618788846307,-46.61812676222138,jacutinga,MG
37640,-22.87441799999999,-46.36586249999999,extrema,MG
37701,-21.807312222399247,-46.5710018411927,pocos de caldas,MG
37701,-21.807312222399247,-46.5710018411927,poços de caldas,MG
37704,-21.812575499999994,-46.569696750000006,pocos de caldas,MG
37704,-21.807272181277416,-46.55181475885176,poços de caldas,MG
37890,-21.382783333846067,-46.5243625975451,muzambinho,MG
37902,-20.740701518157937,-46.60699106935472,passos,MG
37940,-20.87230545051818,-46.395292696788864,alpinopolis,MG
37940,-20.87040540072037,-46.39622776550278,alpinópolis,MG
37950,-20.930369910017863,-46.989441460117604,sao sebastiao do paraiso,MG
37950,-20.930293500929373,-46.99060792524753,são sebastião do paraíso,MG
38015,-19.75258761226844,-47.92194992714525,uberaba,MG
38017,-19.74326847377229,-47.921523543020356,uberaba,MG
38036,-19.77184015237462,-47.91713906050552,uberaba,MG
38055,-19.76095046859579,-47.911838418842514,uberaba,MG
38182,-19.62311027310419,-46.92453037141568,araxa,MG
38182,-19.614505842850427,-46.92329357623037,araxá,MG
38300,-18.994495551326036,-49.47225651613038,ituiutaba,MG
38360,-18.691420725450694,-49.566734138778685,capinopolis,MG
38360,-18.69385999191512,-49.56502097869794,capinópolis,MG
38400,-18.934024499999992,-48.23361225000001,uberlandia,MG
38400,-18.92883162664982,-48.287445270969535,uberlândia,MG
38408,-18.944356159587986,-48.234618948237056,uberlandia,MG
38408,-18.942095862788022,-48.23869801419167,uberlândia,MG
38414,-18.959211,-48.36714525000001,uberlandia,MG
38414,-18.941474241971118,-48.34635079604225,uberlândia,MG
38442,-18.653597461757016,-48.21057982843576,araguari,MG
38500,-18.915179654924035,-47.39289155891948,monte carmelo,MG
38550,-18.559995555738272,-46.81572118185789,coromandel,MG
38600,-17.34389110077783,-46.7549421207407,paracatu,MG
38700,-18.61346001261929,-46.52377050757157,patos de minas,MG
38735,-18.964748999999948,-46.67578549999996,cruzeiro da fortaleza,MG
39120,-18.633496499999996,-44.06237325000001,gouvea,MG
39120,-18.562115999999946,-43.85493349999996,gouveia,MG
39401,-16.76148399481899,-43.835779135934246,montes claros,MG
39402,-16.783021418755865,-43.83701091718615,montes claros,MG
39715,-18.47740298440162,-42.30992137861601,virgolandia,MG
39715,-18.476777503356566,-42.31174064213927,virgolândia,MG
39801,-17.86971920452945,-41.488334553394694,teofilo otoni,MG
39801,-17.869217314559034,-41.49655405062996,teófilo otoni,MG
39804,-17.886791879906145,-41.50908302827508,teofilo otoni,MG
39804,-17.868938196673927,-41.517244140696555,teófilo otoni,MG
39860,-17.900822999999946,-40.50565099999997,nanuque,MG
40150,-13.003675581340383,-38.52412081836656,salvador,BA
40290,-13.005877583688704,-38.492232527250515,salvador,BA
40296,-13.006363171285988,-38.492339818694504,salvador,BA
41339,-12.899362500000002,-38.407536,salvador,BA
41810,-13.002900391338235,-38.45259288634656,salvador,BA
41820,-13.00148176978584,-38.4550668977847,salvador,BA
41830,-13.011894129209733,-38.47122001694183,salvador,BA
42700,-12.90423989765877,-38.315004831571564,lauro de freitas,BA
44002,-12.260475196413408,-38.97153581210587,feira de santana,BA
44059,-12.212151776553977,-38.94877763524654,feira de santana,BA
44571,-12.973356,-39.25957274999999,santo antonio de jesus,BA
44571,-12.97035,-39.25633275,santo antônio de jesus,BA
44900,-11.311836826051131,-41.87625815893972,irece,BA
44900,-11.313755696071095,-41.853969447436015,irecê,BA
45208,-13.879672845288828,-40.064399219775936,jequie,BA
45208,-13.879147283393786,-40.0664654097474,jequié,BA
45355,-13.859952312221935,-39.74292818555353,apuarema,BA
45603,-14.79750265423425,-39.26847451670944,itabuna,BA
45606,-14.814241900080807,-39.27069518082404,itabuna,BA
45658,-14.809608399447045,-39.062590128492445,ilheus,BA
45658,-14.795629804742154,-39.05669495875289,ilhéus,BA
45810,-16.59495598277377,-39.09877698128375,porto seguro,BA
45820,-16.390622161462748,-39.593326499999996,eunapolis,BA
45820,-16.390621812972213,-39.593326499999996,eunápolis,BA
45985,-17.564943395394035,-39.73824270777254,teixeira de freitas,BA
46860,-12.887669999999947,-40.118196499999954,iacu,BA
46860,-12.771389089263707,-40.22060944138218,iaçu,BA
46880,-12.542831780167514,-40.30498988348611,itaberaba,BA
48490,-11.801024830565662,-38.350915122091635,inhambupe,BA
48790,-11.067356999999944,-38.82466699999995,tucano,BA
48903,-9.447267256923654,-40.48796179517323,juazeiro,BA
48905,-9.447225274150176,-40.51874765200851,juazeiro,BA
48930,-8.998290799938937,-39.90576121823325,curaca,BA
48930,-8.996360066902517,-39.9063339902467,curaçá,BA
49096,-10.965401629604578,-37.064461345359554,aracaju,SE
49100,-11.022853692676732,-37.20523633461858,sao cristovao,SE
49100,-11.016511322062167,-37.20411610458271,são cristóvão,SE
49500,-10.702397193289789,-37.426220215919834,itabaiana,SE
49680,-10.849452635770763,-37.05717031523113,nossa senhora da gloria,SE
49680,-10.218626931653805,-37.42605480527133,nossa senhora da glória,SE
49945,-10.350897762507705,-36.88368908097436,sao francisco,SE
49945,-10.348940716804625,-36.887934771697864,são francisco,SE
50090,-8.079265812682022,-34.8928378121525,recife,PE
50740,-8.055250533712348,-34.95627499474984,recife,PE
50780,-8.104352345402653,-34.935413674122685,recife,PE
51030,-8.147647696451827,-34.913673450010215,recife,PE
52020,-8.051558165416356,-34.8955537260661,recife,PE
52091,-8.010600350546317,-34.93496844971834,recife,PE
53230,-8.018002532811595,-34.863600484855965,olinda,PE
53635,-7.880460760861174,-34.91140081972612,igarassu,PE
54768,-8.026738051070447,-34.99636829462169,camaragibe,PE
55022,-8.282012877603998,-35.935919297535875,caruaru,PE
55150,-8.341619568002665,-36.41476294096261,belo jardim,PE
55636,-8.242250713228307,-35.46116919386709,cha grande,PE
55636,-8.243312556508561,-35.45965760555788,chã grande,PE
55805,-7.804209009042518,-35.23890131640071,tracunhaem,PE
55805,-7.801861499999996,-35.23929525000001,tracunhaém,PE
55811,-7.844994183479898,-35.25047742514932,carpina,PE
56580,-8.565167999999947,-37.63369249999997,ibimirim,PE
57017,-9.663457243407013,-35.74387819386578,maceio,AL
57017,-9.653234521784306,-35.73839311809684,maceió,AL
57200,-10.295836306922217,-36.57997945938797,penedo,AL
57570,-9.402614390477634,-36.987294053016264,cacimbinhas,AL
58051,-7.1529623957816275,-34.83441042423104,joao pessoa,PB
58051,-7.149451358589645,-34.832524364273795,joão pessoa,PB
58305,-7.149976310430725,-34.92379776165889,bayeux,PB
59042,-5.801293980293155,-35.24305713711117,natal,RN
59054,-5.819450299375316,-35.23790450382006,natal,RN
59056,-5.826002887778933,-35.20703190682349,natal,RN
59091,-5.880448519014345,-35.19611701956261,natal,RN
59129,-5.7496363636049255,-35.26195558181398,natal,RN
59151,-5.893965562787513,-35.19646070967239,parnamirim,RN
59152,-5.900426999999992,-35.198788500000006,parnamirim,RN
59200,-6.2369220555431575,-36.01195887529966,santa cruz,RN
60060,-3.736826006189326,-38.522406386135614,fortaleza,CE
60175,-3.756829500000004,-38.5060275,fortaleza,CE
60347,-3.824666147934782,-38.458278905707026,fortaleza,CE
60426,-3.762415142102841,-38.5596082507646,fortaleza,CE
60743,-3.8113808658635833,-38.535140790509686,fortaleza,CE
60811,-3.829181277411966,-38.58164219035297,fortaleza,CE
60822,-3.8168702550637796,-38.48303726172886,fortaleza,CE
60830,-3.818802394396648,-38.47732119885744,fortaleza,CE
60833,-3.806132437806369,-38.461303095635685,fortaleza,CE
61658,-3.772334999999945,-38.654301499999974,caucaia,CE
61663,-3.78088430675568,-38.65808525110107,caucaia,CE
61760,-3.930617150010578,-38.50377140320741,eusebio,CE
61760,-3.9083848407247186,-38.451840187312236,eusébio,CE
62050,-3.7102242953371287,-40.33547821579733,sobral,CE
62570,-3.0644255072651037,-40.16947318116148,bela cruz,CE
62680,-3.4764419999999454,-39.04563049999996,paracuru,CE
63360,-6.950550433597043,-38.965314457136046,aurora,CE
64006,-5.072284107542752,-42.82081472096025,teresina,PI
64049,-5.081403269884558,-42.76729234265047,teresina,PI
64056,-5.080038560767514,-42.77073945910834,teresina,PI
64770,-9.03009814057905,-42.68782975875582,sao raimundo nonato,PI
64770,-9.031277178170539,-42.687678883627896,são raimundo nonato,PI
64800,-6.843668631537655,-42.89386007065675,floriano,PI
65052,-2.5651346858156967,-44.27095640437999,sao luis,MA
65052,-2.5623835844654024,-44.20415654822098,são luís,MA
65058,-2.603019719401003,-44.198253586733216,sao luis,MA
65058,-2.58979527799994,-44.207524999999976,são luís,MA
65065,-2.559464999999992,-44.25860025,sao luis,MA
65065,-2.4995480502337184,-44.21961783166944,são luís,MA
65110,-2.607232499999995,-44.178441750000005,sao jose de ribamar,MA
65110,-2.5718069999999464,-44.119227499999965,são josé de ribamar,MA
65292,-1.7995776157177565,-46.31335612243206,boa vista do gurupi,MA
65300,-3.6738748802538783,-45.35665347198381,santa ines,MA
65300,-3.8490449999999328,-45.448771963999945,santa inês,MA
65370,-3.7283969999999442,-45.427359499999966,pindare mirim,MA
65370,-3.6130406687636007,-45.341703766203274,pindaré mirim,MA
65370,-3.7283429999999456,-45.42730099999997,pindaré-mirim,MA
65393,-4.327027925118256,-46.45348557856341,buriticupu,MA
65590,-2.937251999999944,-42.95119399999996,barreirinhas,MA
65920,-5.088865560439638,-48.43595435165218,sao pedro da agua branca,MA
65920,-5.083087873105886,-48.429488014447365,são pedro da água branca,MA
66040,-1.4643259941716165,-48.4825260545329,belem,PA
66040,-1.4593555245256118,-48.47754530835592,belém,PA
66093,-1.4582364487949748,-48.495608900673375,belem,PA
66093,-1.446397525536686,-48.469109108576966,belém,PA
66613,-1.4381243298399196,-48.4921843777685,belem,PA
66613,-1.4360638071593712,-48.46646616626343,belém,PA
66620,-1.4622326822990168,-48.47913784153122,belem,PA
66620,-1.3972859789081682,-48.459884108921564,belém,PA
66833,-1.4151926743344787,-48.44980977780849,belem,PA
66833,-1.3711623877214894,-48.44394956593861,belém,PA
67013,-1.4000288718497462,-48.42956675848101,ananindeua,PA
67030,-1.4037723583298458,-48.39119606564139,ananindeua,PA
68005,-2.4724957831454026,-54.69680325836196,santarem,PA
68005,-2.4304299278389805,-54.705602028121646,santarém,PA
68193,-7.961285999999944,-55.174431499999955,novo progresso,PA
68540,-8.288831356890087,-49.27179973576723,conceicao do araguaia,PA
68540,-8.28896085761257,-49.27277776419431,conceição do araguaia,PA
68560,-9.34684496150835,-50.35090495833985,santana do araguaia,PA
68638,-4.790781159556609,-48.06997195811469,rondon do para,PA
68638,-4.7894649467146815,-48.071367435822616,rondon do pará,PA
68780,-0.9542009999999479,-48.08651749999996,vigia,PA
68792,-1.307118562022031,-48.04169270069524,americano,PA
68792,-1.3071067045415337,-48.04110467745786,santa isabel do para,PA
69309,2.8026955111464504,-60.69449017857866,boa vista,RR
69900,-9.993051363381237,-67.80682548422895,rio branco,AC
69912,-10.004751202645044,-67.84919313398112,rio branco,AC
70800,-15.792433412769057,-47.861805995017285,brasilia,DF
70800,-15.792433412769057,-47.861805995017285,brasília,DF
71009,-15.787326571209983,-47.88582780336425,brasilia,DF
71015,-15.826139999999995,-47.98564424999999,brasilia,DF
71015,-15.825499262113878,-47.988239015414955,brasília,DF
71015,-15.824826000000002,-47.986854750000006,guara,DF
71015,-15.822031499999998,-47.988112499999986,guará,DF
71020,-15.822819776830373,-47.97890950789235,brasilia,DF
71020,-15.822059560083682,-47.98034488401232,brasília,DF
71020,-15.821279999999998,-47.978000999999985,guara,DF
71020,-15.818894999999998,-47.97493875000001,guará,DF
71065,-15.845755242248098,-47.976736448126104,brasilia,DF
71065,-15.844605814273248,-47.97083379287307,brasília,DF
71065,-15.843680999999997,-47.972076749999985,guara,DF
71070,-15.853267069096615,-47.964444643503725,brasilia,DF
71070,-15.852681000000004,-47.96444475,brasília,DF
71070,-15.851191269999958,-47.97896499999996,guara,DF
71503,-15.716803050623977,-47.88530312064304,brasilia,DF
71503,-15.71879836029398,-47.88646432622808,brasília,DF
71503,-15.716803050623977,-47.88530312064304,lago norte,DF
71694,-15.911475311347976,-47.751849257641304,brasilia,DF
71694,-15.911754047402894,-47.750680530661754,brasília,DF
71699,-15.793137515616845,-47.85426798429624,brasilia,DF
71907,-15.834721499999997,-48.01007474999999,brasilia,DF
71907,-15.834721499999997,-48.01007474999999,brasília,DF
71907,-15.83224802491746,-48.01362883124556,taguatinga,DF
71917,-15.847614000000002,-47.92007249999999,brasilia,DF
71917,-15.837673500000005,-48.03124499999999,brasília,DF
71917,-15.837671999999944,-48.03124399999996,taguatinga,DF
71925,-15.847490842624003,-47.92194642214996,brasilia,DF
71925,-15.847254,-47.920981499999996,brasília,DF
71925,-15.842882222788111,-48.023477609091415,taguatinga,DF
71927,-15.847614000000002,-47.92007249999999,brasilia,DF
71927,-15.845120615212805,-48.03090986676148,brasília,DF
71927,-15.843449999999947,-48.03004699999997,taguatinga,DF
71928,-15.848767641268473,-48.033248009524314,brasilia,DF
71928,-15.848767641268473,-48.033248009524314,brasília,DF
72015,-15.842036210444947,-48.052289763055725,brasilia,DF
72015,-15.842819742102167,-48.05187715290192,brasília,DF
72015,-15.839208,-48.052786499999996,taguatinga,DF
72115,-15.832375366596422,-48.060703220016855,brasilia,DF
72115,-15.831877064400647,-48.06188140368747,brasília,DF
72115,-15.831808503369803,-48.05896955510883,taguatinga,DF
72460,-16.02294658397918,-48.05071815778448,brasilia,DF
72720,-15.819446093282755,-47.83730772857625,brasilia,DF
72720,-15.68482279507974,-48.20184697176413,brasília,DF
72860,-16.11195412960768,-48.09454130321056,novo gama,GO
73020,-15.65935797432596,-47.808327342382285,brasilia,DF
73020,-15.659132096508095,-47.810595162542036,brasília,DF
74015,-16.681258286323345,-49.26031208575489,goiania,GO
74015,-16.67898870965733,-49.259448951079584,goiânia,GO
74070,-16.67590864903516,-49.268367310713565,goiania,GO
74070,-16.67132941151562,-49.2728550953828,goiânia,GO
74367,-16.71073271760937,-49.32964460629682,goiania,GO
74367,-16.71073271760937,-49.32964460629682,goiânia,GO
74463,-16.658287172869347,-49.353419677057474,goiania,GO
74463,-16.65667250706923,-49.34799660953073,goiânia,GO
74633,-16.696961999999996,-49.314572999999996,goiania,GO
74633,-16.670868165575065,-49.23524493012017,goiânia,GO
74820,-16.715527995164557,-49.2408291081711,goiania,GO
74820,-16.715488687092215,-49.25234265976811,goiânia,GO
74823,-16.72416154442525,-49.255260017677536,goiania,GO
74823,-16.721262004566658,-49.2617251963661,goiânia,GO
74845,-16.723514486184694,-49.24285527453374,goiania,GO
74845,-16.723433999999944,-49.24216699999997,goiânia,GO
74870,-16.73037104493887,-49.21468059051272,goiania,GO
74870,-16.728379621531005,-49.217259625411224,goiânia,GO
74915,-16.830778499999997,-49.24854225,aparecida de goiania,GO
74915,-16.742115766723096,-49.27095739950999,aparecida de goiânia,GO
74935,-16.761683999999946,-49.298448499999964,aparecida de goiania,GO
74935,-16.752461942391015,-49.29853185597753,aparecida de goiânia,GO
75106,-16.37706710407333,-48.94866729256318,anapolis,GO
75106,-16.376980304317538,-48.94961830431753,anápolis,GO
75200,-17.327055784474254,-48.264607883432525,pires do rio,GO
75250,-16.71210441633732,-49.08545831598595,senador canedo,GO
75555,-17.738595883906225,-49.80425668854811,vicentinopolis,GO
75555,-17.739698024228026,-49.80380159691211,vicentinópolis,GO
75805,-17.91578655950583,-51.72740952097051,jatai,GO
75805,-17.90797057552599,-51.74114904195177,jataí,GO
75806,-17.87543608184693,-51.69200307557407,jatai,GO
75806,-17.868070754105794,-51.70982300697563,jataí,GO
75912,-18.03741933699996,-51.09965999999997,rio verde,GO
75930,-18.026174999999945,-50.34619249999996,maurilandia,GO
75930,-17.979107663165927,-50.34169608432676,maurilândia,GO
76200,-16.489469185651945,-51.167979907218054,ipora,GO
76200,-16.455479570116022,-51.11515907570567,iporá,GO
76265,-15.774474253483492,-51.101335579213575,santa fe de goias,GO
76265,-15.773766087791282,-51.1037914896227,santa fé de goiás,GO
76510,-14.551019221565964,-49.96725335817779,crixas,GO
76510,-14.54480248222291,-49.96756139288915,crixás,GO
76700,-14.852342999999944,-50.544727999999964,mozarlandia,GO
76700,-14.757301614604353,-50.5671611968485,mozarlândia,GO
76824,-8.765922782816551,-63.861909864775626,porto velho,RO
76940,-11.744219999999945,-61.767912499999966,rolim de moura,RO
77305,-12.225401558171328,-47.292496853059745,conceicao do tocantins,TO
77305,-12.220952125583802,-47.296374664858206,conceição do tocantins,TO
77500,-10.740309540234707,-48.40377373147825,porto nacional,TO
78015,-15.620259933347931,-56.09151805557988,cuiaba,MT
78015,-15.615101278663934,-56.09625899949234,cuiabá,MT
78048,-15.659247475952188,-55.975757984857474,cuiaba,MT
78048,-15.659247475952188,-55.975757984857474,cuiabá,MT
78050,-15.65126025362845,-56.03834819323029,cuiaba,MT
78050,-15.65126025362845,-56.03834819323029,cuiabá,MT
78065,-15.64196944672602,-55.99752890194555,cuiaba,MT
78065,-15.62481616176376,-56.08045576489022,cuiabá,MT
78075,-15.629773872063828,-56.04581781342217,cuiaba,MT
78075,-15.62722882852246,-56.04565577723517,cuiabá,MT
78128,-15.679245024739096,-56.1255908667753,varzea grande,MT
78128,-15.672475342310848,-56.12700875969858,várzea grande,MT
78556,-11.890604291729831,-55.515261286066874,sinop,MT
78600,-15.898796903442387,-52.2775516912958,barra do garcas,MT
78600,-15.897413667712554,-52.272260248579656,barra do garças,MT
78635,-14.114873999999947,-52.46507599999997,agua boa,MT
78635,-14.114873999999947,-52.46507599999997,água boa,MT
78700,-16.481051570597284,-54.622834125276775,rondonopolis,MT
78700,-16.481051570597284,-54.622834125276775,rondonópolis,MT
78735,-16.48975746087432,-54.6042068934319,rondonopolis,MT
78735,-16.48774909856995,-54.6087699771338,rondonópolis,MT
78850,-15.578685138323557,-54.3277330284915,primavera do leste,MT
79072,-20.561422499999995,-54.59761575,campo grande,MS
79090,-20.490684537336207,-54.65798710906579,campo grande,MS
79107,-20.43684652070092,-54.67593485958462,campo grande,MS
80030,-25.42423590091752,-49.26693978212821,curitiba,PR
80220,-25.47015867805407,-49.26217020177164,curitiba,PR
80240,-25.4567597042726,-49.30271022945048,curitiba,PR
80310,-25.46500164004652,-49.30812017822921,curitiba,PR
80420,-25.4450871201743,-49.287718373016375,curitiba,PR
80540,-25.412234647238733,-49.26175393352189,curitiba,PR
80610,-25.477625042259962,-49.28634444176929,curitiba,PR
80620,-25.467882013878462,-49.289044510271786,curitiba,PR
80730,-25.442139392470935,-49.30301654854887,curitiba,PR
80820,-25.413504936984328,-49.294685865803,curitiba,PR
81030,-25.494208271712196,-49.277832741473766,curitiba,PR
81050,-25.498143302961747,-49.2999341761621,curitiba,PR
81130,-25.51382545268046,-49.30820024562871,curitiba,PR
81150,-25.526954097056173,-49.30029734890956,curitiba,PR
81350,-25.55653853286524,-49.279130689935016,curitiba,PR
81450,-25.53200976074063,-49.323380621665656,curitiba,PR
81560,-25.50002789731085,-49.211323308759944,curitiba,PR
81730,-25.520229231015684,-49.22484164768702,curitiba,PR
81810,-25.515743585059788,-49.27864798666979,curitiba,PR
81870,-25.574383791563264,-49.33862271911255,curitiba,PR
81880,-25.54481267413754,-49.28665393493621,curitiba,PR
81925,-25.55430865154723,-49.271656336227714,curitiba,PR
82030,-25.40283821229725,-49.30586674313785,curitiba,PR
82120,-25.40154545055073,-49.27525423553215,curitiba,PR
82200,-25.402355748542902,-49.27134110254493,curitiba,PR
82300,-25.429535832361935,-49.346491462952244,curitiba,PR
82600,-25.40243561671185,-49.218275955306204,curitiba,PR
82800,-25.441671064762932,-49.232582033611784,curitiba,PR
82940,-25.46457550429917,-49.21526287287213,curitiba,PR
82980,-25.479968228143576,-49.19417983749781,curitiba,PR
83045,-25.52305943875031,-49.16826124519818,sao jose dos pinhais,PR
83045,-25.52305943875031,-49.16826124519818,são josé dos pinhais,PR
83070,-25.532534640025368,-49.142244572854764,sao jose dos pinhais,PR
83070,-25.531586119626034,-49.12877145712385,são josé dos pinhais,PR
83323,-25.444217586862546,-49.18551763353601,pinhais,PR
83402,-25.36005162082515,-49.217986317908895,colombo,PR
83540,-25.205513724957882,-49.326197908835,rio branco do sul,PR
83701,-25.61035472479917,-49.38542282186738,araucaria,PR
83701,-25.610423162105278,-49.3868592712359,araucária,PR
84010,-25.107535253697982,-50.160896859396686,ponta grossa,PR
84940,-23.697028683890693,-49.83824731572949,siqueira campos,PR
85501,-26.238020551996954,-52.67225493364594,pato branco,PR
85540,-26.001340419280893,-52.221306403595506,mangueirinha,PR
85555,-26.4996785675821,-52.000456585698096,palmas,PR
85568,-25.707116999999947,-52.62568999999996,saudade do iguacu,PR
85568,-25.700385824402275,-52.620910455896926,saudade do iguaçu,PR
85603,-26.076246478264405,-53.02750148714545,francisco beltrao,PR
85603,-26.05573600289389,-53.0543246991898,francisco beltrão,PR
85640,-25.92930301361294,-53.48230929539652,ampere,PR
85640,-25.932068890142105,-53.46983173099474,ampére,PR
85710,-26.082992349513937,-53.72243895473399,santo antonio do sudoeste,PR
85710,-26.07892718434848,-53.731817236727885,santo antônio do sudoeste,PR
85801,-24.991824762132904,-53.479456732442735,cascavel,PR
85802,-24.97971670191586,-53.474401762392695,cascavel,PR
85815,-24.9417551112875,-53.426896008338545,cascavel,PR
85863,-25.534746523547888,-54.57597915612624,foz do iguacu,PR
85863,-25.532934301225776,-54.57428336241258,foz do iguaçu,PR
85870,-25.48527676394039,-54.58112671390935,foz do iguacu,PR
85870,-25.463512832613567,-54.556196998246406,foz do iguaçu,PR
85988,-24.717386999999945,-54.202908499999964,entre rios do oeste,PR
86010,-23.384334586911528,-51.133055099907175,londrina,PR
86020,-23.32821619900167,-51.178370431184604,londrina,PR
86035,-23.317052587644643,-51.13503378872553,londrina,PR
86037,-23.33110101941838,-51.111121233135215,londrina,PR
86038,-23.333036133504496,-51.11066408338634,londrina,PR
86040,-23.345760220414153,-51.123097149523446,londrina,PR
86181,-23.295609011695344,-51.31889983325951,cambe,PR
86181,-23.295078721911164,-51.31859544766013,cambé,PR
86280,-23.212432373603,-50.794864097532084,urai,PR
86280,-23.209195965095244,-50.79547782819172,uraí,PR
86300,-23.209922999999947,-50.63050249999996,cornelio procopio,PR
86300,-23.19876424029508,-50.65689967946948,cornélio procópio,PR
86600,-23.340758698305926,-51.39517915043847,rolandia,PR
86600,-23.319312056639685,-51.36806018271661,rolândia,PR
87020,-23.41909926908657,-51.927611022565046,maringa,PR
87020,-23.418307603134725,-51.93515870979255,maringá,PR
87040,-23.423419605306904,-51.914109222742034,maringa,PR
87040,-23.422886792388244,-51.91071739274829,maringá,PR
87045,-23.458915375832337,-51.91715240398883,maringa,PR
87045,-23.42665853365671,-51.90030715137102,maringá,PR
87083,-23.413024963369896,-51.89708064823202,maringa,PR
87083,-23.395842674315873,-51.95358967431588,maringá,PR
87200,-23.6791876349034,-52.61960808478447,cianorte,PR
87310,-24.029194664331378,-52.35533000254757,campo mourao,PR
87310,-24.017303122374052,-52.35498733855341,campo mourão,PR
87502,-23.770399593049174,-53.19799088308772,umuarama,PR
87600,-23.25093456231179,-52.29669472029729,nova esperanca,PR
87600,-23.205378816282455,-52.196745872789094,nova esperança,PR
87702,-23.08819693364282,-52.48044261531343,paranavai,PR
87702,-23.088170615313434,-52.48055506635717,paranavaí,PR
87820,-23.397272565451903,-52.935862065451914,cidade gaucha,PR
87820,-23.393618859363745,-52.93585113849195,cidade gaúcha,PR
87900,-22.939806355091147,-53.13934559261224,loanda,PR
88058,-27.450674474897465,-48.40169285789716,florian&oacute;polis,SC
88058,-27.468697762748832,-48.409093469533666,florianopolis,SC
88058,-27.468117316377345,-48.40848212978226,florianópolis,SC
88070,-27.599903234464342,-48.58245903125663,florianopolis,SC
88070,-27.599225321686124,-48.581477129349565,florianópolis,SC
88103,-27.61984850780699,-48.63160236816773,sao jose,SC
88103,-27.612182378051518,-48.628443809123986,são josé,SC
88107,-27.602001649299023,-48.666072736457814,sao jose,SC
88107,-27.6002016405712,-48.66148333545936,são josé,SC
88111,-27.5737010334047,-48.63792061703663,sao jose,SC
88111,-27.57355385094441,-48.63011527257069,são josé,SC
88117,-27.59196551302576,-48.60590468470276,sao jose,SC
88117,-27.58830427501758,-48.6079481605661,são josé,SC
88132,-27.85134791497992,-48.59903153761306,palhoca,SC
88132,-27.675858258061403,-48.63953354948631,palhoça,SC
88220,-27.144440260995037,-48.59082200982091,itapema,SC
88301,-26.923999942379883,-48.6498168455282,itajai,SC
88301,-26.921161582463824,-48.65240341377306,itajaí,SC
88339,-26.996747777887627,-48.64986531611875,balneario camboriu,SC
88339,-26.99704397102502,-48.6521764172752,balneário camboriú,SC
88372,-26.879920879656567,-48.64533709955898,navegantes,SC
88395,-26.62029999999993,-48.77347999999995,sao joao do itaperiu,SC
88395,-26.56292647027343,-48.758578860214065,são joão do itaperiú,SC
88400,-27.516669999999976,-49.516669999999976,ituporanga,SC
88704,-28.483455041229867,-49.02274504425351,tubarao,SC
88704,-28.483251229748873,-49.02479442997717,tubarão,SC
88706,-28.512622800337738,-48.97513447573054,tubarao,SC
88706,-28.495129201223367,-48.99479803926946,tubarão,SC
88735,-28.33344463043178,-49.03343903839146,gravatal,SC
88780,-28.325251231166572,-48.72974554090788,imbituba,SC
88804,-28.710383971366152,-49.39471040142861,criciuma,SC
88804,-28.705670302055562,-49.398326547792905,criciúma,SC
88820,-28.770967301214757,-49.278677604251534,icara,SC
88820,-28.764567296810743,-49.30597735977096,içara,SC
88845,-28.617393118383838,-49.34097324018815,cocal do sul,SC
88901,-28.96422957383895,-49.518591397859204,ararangua,SC
88901,-28.96422957383895,-49.518591397859204,araranguá,SC
88904,-28.96143590775219,-49.49889865101525,ararangua,SC
88904,-28.95782178562493,-49.49669477597142,araranguá,SC
89010,-26.931950843413187,-49.06595403964228,blumenau,SC
89023,-26.959263130129262,-49.09478373009297,blumenau,SC
89110,-26.94405843084341,-48.930091392567455,gaspar,SC
89120,-26.866974458220383,-49.25829909048414,timbo,SC
89120,-26.856766927837725,-49.25608049125742,timbó,SC
89124,-26.799482999999945,-49.409742499999965,benedito novo,SC
89150,-27.067088822788083,-49.65134883115265,presidente getulio,SC
89150,-27.067368459845273,-49.62742590356407,presidente getúlio,SC
89160,-27.23521251788917,-49.63837503136361,rio do sul,SC
89204,-26.299757043020364,-48.850551037047765,joinville,SC
89220,-26.279603539771678,-48.88316222046331,joinville,SC
89225,-26.259677423538555,-48.82152571204342,joinville,SC
89247,-26.47625278002433,-48.62008367506229,balneario barra do sul,SC
89247,-26.461849955257772,-48.603549611900995,balneário barra do sul,SC
89251,-26.494915159582337,-49.08795761399326,jaragua do sul,SC
89251,-26.493324203156607,-49.08457124660968,jaraguá do sul,SC
89254,-26.485955615349148,-49.11569131820199,jaragua do sul,SC
89254,-26.48572136081135,-49.113670328870825,jaraguá do sul,SC
89460,-26.25352536422999,-50.53501710382827,canoinhas,SC
89540,-26.97564485101836,-50.43003152437613,santa cecilia,SC
89540,-26.974933893687346,-50.396759282639565,santa cecília,SC
89560,-27.047953591786182,-51.15790553139741,videira,SC
89595,-26.91310101868053,-51.40222548293922,salto veloso,SC
89675,-27.008891644304775,-51.73890538924907,vargem bonita,SC
89694,-26.861706536558188,-52.2343849692261,faxinal dos guedes,SC
89820,-26.892945663363847,-52.3953681299821,xanxere,SC
89820,-26.894824398839358,-52.46196011938894,xanxerê,SC
89825,-26.97329979784419,-52.5440194983881,xaxim,SC
89900,-26.771831725575787,-53.50803180982614,sao miguel do oeste,SC
89900,-26.76384698398554,-53.50479891346295,são miguel do oeste,SC
90010,-30.041681091320847,-51.233151310376066,porto alegre,RS
90040,-30.05197816097296,-51.2050998306885,porto alegre,RS
90130,-30.059627668330553,-51.22173219568344,porto alegre,RS
90540,-30.022197956979632,-51.18922043629183,porto alegre,RS
90620,-30.098418908461102,-51.22258232771152,porto alegre,RS
90630,-30.050095096312514,-51.19457103606681,porto alegre,RS
90830,-30.09650062724343,-51.23199723619364,porto alegre,RS
90850,-30.073508548444718,-51.21689630420099,porto alegre,RS
91010,-30.011977133890866,-51.167632376562956,porto alegre,RS
91130,-29.995817941427728,-51.12899047140634,porto aelgre,RS
91130,-30.07204556886241,-51.1786379711616,porto alegre,RS
91250,-30.036559250435538,-51.11384400561532,porto alegre,RS
91260,-30.169574355759924,-51.14911551252677,porto alegre,RS
91430,-30.15327127631977,-51.13137486214893,porto alegre,RS
91570,-30.125850548156254,-51.100522365254754,porto alegre,RS
91720,-30.09843913627446,-51.22248876865379,porto alegre,RS
91760,-30.14341238718329,-51.22300463226375,porto alegre,RS
91787,-30.240345371798494,-51.09288687903984,porto alegre,RS
92110,-29.958944927973203,-51.173936506393,canoas,RS
92410,-29.905777975016818,-51.13872265861303,canoas,RS
92412,-29.901101216775267,-51.146271648162354,canoas,RS
92420,-29.89971549769505,-51.23310201482481,canoas,RS
93032,-29.784374253115256,-51.11416728335469,sao leopoldo,RS
93032,-29.781109799818143,-51.12481163161891,são leopoldo,RS
93265,-29.86241198096175,-51.17851297067297,esteio,RS
93540,-29.6910841599242,-51.10094330031896,novo hamburgo,RS
93700,-29.69763247882184,-51.072920601762604,campo bom,RS
93800,-29.663635492245877,-50.996962155706775,sapiranga,RS
94085,-29.9250024096601,-51.05671752637194,gravatai,RS
94085,-29.92412873910784,-51.064513554532894,gravataí,RS
94910,-29.96176808521569,-51.09694801762576,cachoeirinha,RS
94930,-29.956357706371314,-51.109412175402,cachoeirinha,RS
94950,-29.955259806083852,-51.0817772165464,cachoeirinha,RS
95020,-29.174913,-51.1797340200537,caxias do sul,RS
95043,-29.14810678174593,-51.19270865515362,caxias do sul,RS
95052,-29.164996089296633,-51.162346764731126,caxias do sul,RS
95097,-29.187845448590444,-51.18252794313168,caxias do sul,RS
95330,-28.95588549698414,-51.55978626101549,veranopolis,RS
95330,-28.99812216708177,-51.556782832918216,veranópolis,RS
95500,-29.874411549956616,-50.47358323147523,santo antonio da patrulha,RS
95500,-29.87859274105259,-50.472891123940286,santo antônio da patrulha,RS
95630,-29.657279999999947,-50.862724999999955,parobe,RS
95630,-29.649464713998746,-50.83742326213298,parobé,RS
95690,-29.660737431553102,-50.58276098113539,rolante,RS
95703,-29.175214518563774,-51.51000353516503,bento goncalves,RS
95703,-29.17178035390328,-51.51232890891572,bento gonçalves,RS
95770,-29.463939749108608,-51.30174101654137,feliz,RS
95775,-29.49601551719557,-51.41271829143541,tupandi,RS
95890,-29.516146897171442,-51.80728440640356,teutonia,RS
95890,-29.512975661496714,-51.80914484331445,teutônia,RS
95900,-30.20450360333687,-51.14558918450051,lajeado,RS
95913,-29.455996441348013,-51.948006819394465,lajeado,RS
96065,-31.734539078538912,-52.355575984332525,pelotas,RS
96400,-31.343981740339423,-54.10538165399588,bage,RS
96400,-31.342369169232317,-54.103091575847095,bagé,RS
96413,-31.317993848338485,-54.08990419512647,bage,RS
96413,-31.31583407908715,-54.064061127528305,bagé,RS
96450,-31.021289465300196,-54.18090710414471,dom pedrito,RS
96501,-30.04097439933664,-52.89766319800991,cachoeira do sul,RS
96610,-30.562386106246993,-52.51629095116578,encruzilhada do sul,RS
96832,-29.754202440004736,-52.406023942022955,santa cruz do sul,RS
97032,-29.706495906628753,-53.87406360476033,santa maria,RS
97210,-30.00285849974486,-53.50324058961261,formigueiro,RS
97450,-29.894890437811245,-54.82413159510907,cacequi,RS
97502,-29.776871325158417,-57.089287046683644,uruguaiana,RS
97700,-29.212141230048566,-54.8498161784771,santiago,RS
97960,-28.12866725720165,-54.45910180238341,sete de setembro,RS
98175,-29.291420292076552,-54.21791705964351,jari,RS
98280,-28.33291483633911,-53.502926286676576,panambi,RS
98290,-28.214336325734944,-53.485597455488346,condor,RS
98335,-27.66598127913755,-53.31366436288512,boa vista das missoes,RS
98335,-27.66083858651517,-53.31570782299511,boa vista das missões,RS
98400,-27.388034999999995,-53.399772,frederico westphalen,RS
98550,-27.66847536596352,-53.63937265847711,redentora,RS
98801,-28.317096077243022,-54.26305819625164,santo angelo,RS
98801,-28.313673170668828,-54.261845408535684,santo ângelo,RS
98803,-28.313018135563716,-54.25754474589058,santo angelo,RS
98803,-28.300754013920034,-54.261267791192935,santo ângelo,RS
98900,-27.901803803439954,-54.4692899948411,santa rosa,RS
99025,-28.27414500926032,-52.429149709629414,passo fundo,RS
99500,-28.324234855924097,-52.793198568814624,carazinho,RS
99615,-27.531533999999947,-52.88902099999996,trindade do sul,RS
99655,-27.422636320627642,-52.674451544465185,faxinalzinho,RS
99950,-28.077100145295613,-52.01798516038094,tapejara,RS
