order_id,customer_id,order_datetime,channel,payment_method,status,gross_revenue,discount_amount,freight_amount,cancellation_amount,return_amount,net_revenue,cost_amount,gross_margin
ORD-000001,CUST-00080,2025-06-30 09:36:00,site,pix,cancelled,864.2,0.0,14.54,864.2,0.0,0.0,391.0,0
ORD-000002,CUST-00156,2025-12-03 19:17:00,marketplace,pix,delivered,629.5,0.0,18.1,0.0,0.0,629.5,301.5,328.0
ORD-000003,CUST-00024,2025-09-29 11:24:00,site,credit_card,delivered,1459.5,72.97,20.13,0.0,0.0,1386.53,847.0,539.53
ORD-000004,CUST-00070,2025-08-15 18:27:00,app,boleto,delivered,439.5,43.95,23.16,0.0,0.0,395.55,192.0,203.55
ORD-000005,CUST-00135,2025-12-08 12:02:00,app,credit_card,delivered,59.9,3.0,39.43,0.0,0.0,56.91,24.5,32.41
ORD-000006,CUST-00084,2025-03-03 08:31:00,marketplace,credit_card,returned,1034.2,51.71,15.17,0.0,982.49,0.0,460.0,0
ORD-000007,CUST-00236,2025-02-09 13:36:00,marketplace,pix,delivered,1809.2,180.92,22.03,0.0,0.0,1628.28,1025.0,603.28
ORD-000008,CUST-00063,2025-08-12 17:25:00,marketplace,boleto,cancelled,809.6,0.0,21.77,809.6,0.0,0.0,408.0,0
ORD-000009,CUST-00232,2025-06-28 13:46:00,site,boleto,returned,649.6,0.0,16.99,0.0,649.6,0.0,350.0,0
ORD-000010,CUST-00119,2025-10-16 20:37:00,app,boleto,delivered,1009.5,151.43,37.62,0.0,0.0,858.08,491.0,367.08
ORD-000011,CUST-00091,2025-09-17 09:19:00,app,pix,delivered,2039.1,101.95,11.03,0.0,0.0,1937.14,1125.0,812.14
ORD-000012,CUST-00116,2025-10-20 18:12:00,marketplace,credit_card,delivered,859.7,85.97,24.17,0.0,0.0,773.73,500.5,273.23
ORD-000013,CUST-00064,2025-12-29 15:28:00,marketplace,credit_card,cancelled,1919.3,191.93,28.19,1727.37,0.0,0.0,1086.0,0
ORD-000014,CUST-00017,2025-06-18 09:35:00,site,pix,returned,1019.4,50.97,18.42,0.0,968.43,0.0,489.0,0
ORD-000015,CUST-00153,2025-12-29 09:19:00,app,boleto,cancelled,904.3,45.22,29.2,859.08,0.0,0.0,415.0,0
ORD-000016,CUST-00093,2025-06-08 10:13:00,marketplace,boleto,delivered,609.7,30.49,15.66,0.0,0.0,579.22,308.0,271.22
ORD-000017,CUST-00170,2025-06-22 20:39:00,app,credit_card,delivered,889.6,88.96,21.2,0.0,0.0,800.64,397.0,403.64
ORD-000018,CUST-00249,2025-08-16 17:18:00,marketplace,boleto,returned,1149.7,57.48,16.92,0.0,1092.21,0.0,697.0,0
ORD-000019,CUST-00200,2025-07-15 16:33:00,app,boleto,delivered,1169.5,0.0,34.41,0.0,0.0,1169.5,712.0,457.5
ORD-000020,CUST-00073,2025-02-12 20:10:00,app,credit_card,delivered,579.7,28.98,37.06,0.0,0.0,550.72,298.0,252.72
ORD-000021,CUST-00129,2025-07-11 11:24:00,app,pix,delivered,519.7,0.0,16.64,0.0,0.0,519.7,245.0,274.7
ORD-000022,CUST-00115,2025-11-12 08:57:00,site,pix,delivered,574.5,0.0,17.58,0.0,0.0,574.5,237.0,337.5
ORD-000023,CUST-00013,2025-05-03 14:40:00,app,pix,cancelled,1064.2,53.21,11.78,1010.99,0.0,0.0,451.5,0
ORD-000024,CUST-00062,2025-10-20 14:11:00,site,pix,returned,1124.1,168.62,12.47,0.0,955.49,0.0,513.0,0
ORD-000025,CUST-00096,2025-05-10 19:01:00,app,credit_card,delivered,659.7,0.0,20.24,0.0,0.0,659.7,279.0,380.7
ORD-000026,CUST-00209,2025-11-26 10:53:00,site,credit_card,returned,1559.2,77.96,39.32,0.0,1481.24,0.0,763.0,0
ORD-000027,CUST-00239,2025-06-08 16:25:00,app,pix,cancelled,919.6,45.98,17.5,873.62,0.0,0.0,494.0,0
ORD-000028,CUST-00112,2025-07-24 19:28:00,site,pix,delivered,1579.2,0.0,39.11,0.0,0.0,1579.2,819.0,760.2
ORD-000029,CUST-00083,2025-02-22 09:20:00,app,pix,returned,2349.1,0.0,19.09,0.0,2349.1,0.0,1260.0,0
ORD-000030,CUST-00172,2025-11-23 14:23:00,marketplace,pix,cancelled,689.7,103.45,30.28,586.25,0.0,0.0,354.0,0
ORD-000031,CUST-00018,2025-05-01 20:41:00,marketplace,pix,delivered,219.9,0.0,21.39,0.0,0.0,219.9,93.0,126.9
ORD-000032,CUST-00196,2025-02-09 17:08:00,marketplace,pix,cancelled,569.4,0.0,21.84,569.4,0.0,0.0,250.0,0
ORD-000033,CUST-00068,2025-05-14 19:28:00,site,boleto,delivered,1399.2,139.92,18.47,0.0,0.0,1259.28,676.0,583.28
ORD-000034,CUST-00141,2025-10-05 12:57:00,site,credit_card,delivered,234.8,0.0,31.25,0.0,0.0,234.8,108.0,126.8
ORD-000035,CUST-00093,2025-10-11 17:23:00,app,boleto,delivered,299.8,29.98,13.79,0.0,0.0,269.82,144.0,125.82
ORD-000036,CUST-00197,2025-07-29 17:04:00,site,credit_card,delivered,1644.0,0.0,29.17,0.0,0.0,1644.0,808.0,836.0
ORD-000037,CUST-00213,2025-03-05 16:09:00,app,credit_card,delivered,424.7,0.0,14.76,0.0,0.0,424.7,199.0,225.7
ORD-000038,CUST-00033,2025-11-17 12:39:00,marketplace,boleto,cancelled,479.8,0.0,24.98,479.8,0.0,0.0,230.0,0
ORD-000039,CUST-00216,2025-10-16 08:52:00,site,pix,delivered,1319.2,0.0,11.26,0.0,0.0,1319.2,572.0,747.2
ORD-000040,CUST-00165,2025-06-04 15:15:00,site,pix,returned,259.9,12.99,18.82,0.0,246.9,0.0,137.0,0
ORD-000041,CUST-00053,2025-06-24 17:09:00,app,credit_card,delivered,1719.3,257.89,19.48,0.0,0.0,1461.41,907.0,554.41
ORD-000042,CUST-00116,2025-05-07 10:06:00,app,pix,delivered,1369.3,0.0,38.26,0.0,0.0,1369.3,622.0,747.3
ORD-000043,CUST-00024,2025-07-21 16:29:00,app,boleto,delivered,119.8,0.0,27.4,0.0,0.0,119.8,49.0,70.8
ORD-000044,CUST-00138,2025-01-05 09:27:00,marketplace,pix,delivered,1389.1,0.0,31.73,0.0,0.0,1389.1,664.5,724.6
ORD-000045,CUST-00196,2025-10-09 12:52:00,marketplace,pix,cancelled,859.6,128.94,28.23,730.66,0.0,0.0,452.0,0
ORD-000046,CUST-00155,2025-09-18 14:32:00,site,pix,delivered,1314.3,0.0,11.07,0.0,0.0,1314.3,700.0,614.3
ORD-000047,CUST-00101,2025-11-12 19:53:00,site,pix,delivered,2599.2,259.92,19.99,0.0,0.0,2339.28,1479.0,860.28
ORD-000048,CUST-00153,2025-08-31 12:41:00,site,boleto,cancelled,439.8,43.98,16.73,395.82,0.0,0.0,186.0,0
ORD-000049,CUST-00038,2025-12-15 11:02:00,app,credit_card,cancelled,799.8,119.97,13.2,679.83,0.0,0.0,476.0,0
ORD-000050,CUST-00106,2025-09-14 20:39:00,marketplace,pix,delivered,334.5,50.17,31.72,0.0,0.0,284.32,137.0,147.32
ORD-000051,CUST-00245,2025-03-30 15:58:00,app,credit_card,cancelled,1319.4,0.0,26.29,1319.4,0.0,0.0,698.0,0
ORD-000052,CUST-00181,2025-04-17 19:45:00,app,pix,delivered,1939.2,0.0,24.29,0.0,0.0,1939.2,1065.0,874.2
ORD-000053,CUST-00074,2025-02-10 13:59:00,site,boleto,delivered,1519.1,227.86,17.59,0.0,0.0,1291.23,795.0,496.23
ORD-000054,CUST-00063,2025-01-26 18:57:00,app,boleto,cancelled,299.8,0.0,29.04,299.8,0.0,0.0,144.0,0
ORD-000055,CUST-00175,2025-03-12 08:35:00,site,boleto,delivered,1809.2,90.46,29.49,0.0,0.0,1718.74,990.0,728.74
ORD-000056,CUST-00234,2025-03-31 14:56:00,site,pix,delivered,2089.1,0.0,39.82,0.0,0.0,2089.1,1210.5,878.6
ORD-000057,CUST-00228,2025-03-10 16:29:00,marketplace,pix,delivered,1439.5,0.0,34.16,0.0,0.0,1439.5,813.0,626.5
ORD-000058,CUST-00045,2025-11-09 18:57:00,site,credit_card,delivered,839.7,41.98,25.36,0.0,0.0,797.71,462.0,335.71
ORD-000059,CUST-00240,2025-05-08 08:16:00,app,boleto,delivered,1839.3,0.0,23.3,0.0,0.0,1839.3,1029.0,810.3
ORD-000060,CUST-00171,2025-03-02 15:19:00,site,credit_card,delivered,1319.4,65.97,30.48,0.0,0.0,1253.43,711.0,542.43
ORD-000061,CUST-00192,2025-11-07 13:26:00,marketplace,pix,returned,479.6,47.96,37.28,0.0,431.64,0.0,211.0,0
ORD-000062,CUST-00235,2025-10-16 09:03:00,site,boleto,cancelled,1069.5,106.95,15.96,962.55,0.0,0.0,536.0,0
ORD-000063,CUST-00024,2025-09-19 15:51:00,site,pix,delivered,1714.0,85.7,13.86,0.0,0.0,1628.3,855.0,773.3
ORD-000064,CUST-00149,2025-02-07 08:27:00,site,pix,delivered,299.8,44.97,11.81,0.0,0.0,254.83,144.0,110.83
ORD-000065,CUST-00197,2025-11-25 19:41:00,marketplace,pix,delivered,2729.0,0.0,39.69,0.0,0.0,2729.0,1494.0,1235.0
ORD-000066,CUST-00136,2025-03-07 19:14:00,app,credit_card,delivered,1204.4,0.0,39.25,0.0,0.0,1204.4,609.0,595.4
ORD-000067,CUST-00009,2025-12-05 14:39:00,app,boleto,delivered,219.9,0.0,16.08,0.0,0.0,219.9,93.0,126.9
ORD-000068,CUST-00190,2025-01-23 14:28:00,app,credit_card,delivered,689.7,68.97,16.42,0.0,0.0,620.73,354.0,266.73
ORD-000069,CUST-00148,2025-11-03 20:43:00,app,pix,delivered,269.7,0.0,18.95,0.0,0.0,269.7,116.0,153.7
ORD-000070,CUST-00161,2025-12-14 14:35:00,marketplace,pix,delivered,1204.4,0.0,39.07,0.0,0.0,1204.4,600.0,604.4
ORD-000071,CUST-00220,2025-12-29 10:51:00,marketplace,credit_card,delivered,1354.4,0.0,26.77,0.0,0.0,1354.4,717.0,637.4
ORD-000072,CUST-00138,2025-04-08 08:17:00,marketplace,boleto,delivered,149.9,22.48,28.05,0.0,0.0,127.42,72.0,55.42
ORD-000073,CUST-00123,2025-04-17 13:19:00,site,boleto,delivered,519.8,0.0,38.01,0.0,0.0,519.8,274.0,245.8
ORD-000074,CUST-00235,2025-05-03 16:20:00,site,boleto,delivered,1949.3,97.47,23.89,0.0,0.0,1851.83,1119.0,732.83
ORD-000075,CUST-00095,2025-06-10 14:02:00,marketplace,boleto,cancelled,1049.7,0.0,32.14,1049.7,0.0,0.0,663.0,0
ORD-000076,CUST-00076,2025-03-20 11:21:00,app,pix,delivered,1334.4,66.72,26.99,0.0,0.0,1267.68,765.0,502.68
ORD-000077,CUST-00044,2025-06-30 10:08:00,site,boleto,returned,44.9,4.49,24.55,0.0,40.41,0.0,17.0,0
ORD-000078,CUST-00036,2025-11-19 11:04:00,marketplace,boleto,returned,1309.3,0.0,10.17,0.0,1309.3,0.0,653.0,0
ORD-000079,CUST-00136,2025-05-21 16:18:00,marketplace,pix,delivered,694.4,69.44,34.29,0.0,0.0,624.96,323.0,301.96
ORD-000080,CUST-00021,2025-07-11 14:29:00,marketplace,credit_card,cancelled,889.6,0.0,39.61,889.6,0.0,0.0,467.0,0
ORD-000081,CUST-00098,2025-07-13 16:30:00,app,boleto,delivered,1499.5,224.92,10.18,0.0,0.0,1274.57,858.0,416.57
ORD-000082,CUST-00059,2025-04-19 19:56:00,marketplace,boleto,cancelled,359.8,17.99,18.03,341.81,0.0,0.0,164.0,0
ORD-000083,CUST-00046,2025-06-11 08:13:00,app,pix,cancelled,2138.9,0.0,32.47,2138.9,0.0,0.0,1141.0,0
ORD-000084,CUST-00203,2025-12-19 19:05:00,site,credit_card,cancelled,299.8,44.97,39.13,254.83,0.0,0.0,144.0,0
ORD-000085,CUST-00249,2025-06-17 08:40:00,marketplace,pix,delivered,1424.3,71.22,24.62,0.0,0.0,1353.09,725.0,628.09
ORD-000086,CUST-00205,2025-05-07 19:04:00,site,credit_card,delivered,1079.6,0.0,14.53,0.0,0.0,1079.6,582.0,497.6
ORD-000087,CUST-00093,2025-05-19 09:08:00,app,pix,delivered,1859.0,0.0,22.83,0.0,0.0,1859.0,924.5,934.5
ORD-000088,CUST-00100,2025-02-13 19:57:00,app,pix,cancelled,459.8,0.0,27.06,459.8,0.0,0.0,236.0,0
ORD-000089,CUST-00038,2025-02-02 10:27:00,site,boleto,delivered,379.8,18.99,18.89,0.0,0.0,360.81,182.0,178.81
ORD-000090,CUST-00118,2025-02-24 10:19:00,app,boleto,delivered,2589.1,129.46,19.87,0.0,0.0,2459.64,1432.0,1027.64
ORD-000091,CUST-00081,2025-04-01 14:20:00,marketplace,credit_card,delivered,1299.3,194.89,30.75,0.0,0.0,1104.41,608.0,496.41
ORD-000092,CUST-00175,2025-10-09 08:46:00,marketplace,pix,delivered,1359.4,203.91,16.19,0.0,0.0,1155.49,709.0,446.49
ORD-000093,CUST-00184,2025-08-05 20:24:00,app,boleto,delivered,1614.1,80.71,39.62,0.0,0.0,1533.39,775.0,758.39
ORD-000094,CUST-00028,2025-05-08 18:42:00,marketplace,boleto,delivered,659.7,0.0,29.31,0.0,0.0,659.7,279.0,380.7
ORD-000095,CUST-00028,2025-01-06 09:16:00,marketplace,boleto,delivered,1179.6,117.96,32.31,0.0,0.0,1061.64,658.0,403.64
ORD-000096,CUST-00089,2025-01-13 15:06:00,site,pix,delivered,449.7,22.49,37.52,0.0,0.0,427.22,216.0,211.22
ORD-000097,CUST-00201,2025-04-16 16:30:00,marketplace,credit_card,delivered,1189.3,59.47,12.83,0.0,0.0,1129.84,615.0,514.84
ORD-000098,CUST-00133,2025-03-31 16:10:00,site,boleto,delivered,2039.0,203.9,22.69,0.0,0.0,1835.1,1013.0,822.1
ORD-000099,CUST-00152,2025-08-08 14:00:00,marketplace,credit_card,returned,219.9,0.0,16.07,0.0,219.9,0.0,93.0,0
ORD-000100,CUST-00118,2025-02-28 12:42:00,app,pix,delivered,1539.4,153.94,38.88,0.0,0.0,1385.46,785.0,600.46
ORD-000101,CUST-00209,2025-12-11 19:51:00,site,credit_card,delivered,489.7,48.97,27.61,0.0,0.0,440.73,235.0,205.73
ORD-000102,CUST-00108,2025-11-02 10:36:00,site,credit_card,delivered,549.6,27.48,15.47,0.0,0.0,522.12,270.0,252.12
ORD-000103,CUST-00222,2025-07-03 08:31:00,site,boleto,delivered,2259.2,0.0,34.36,0.0,0.0,2259.2,1239.0,1020.2
ORD-000104,CUST-00009,2025-05-21 11:34:00,site,boleto,delivered,1829.0,0.0,33.32,0.0,0.0,1829.0,868.0,961.0
ORD-000105,CUST-00109,2025-02-22 19:53:00,app,credit_card,returned,799.8,0.0,18.83,0.0,799.8,0.0,476.0,0
ORD-000106,CUST-00054,2025-10-29 19:22:00,site,boleto,returned,449.8,44.98,28.88,0.0,404.82,0.0,211.0,0
ORD-000107,CUST-00153,2025-10-03 10:20:00,app,boleto,returned,554.6,0.0,18.58,0.0,554.6,0.0,253.0,0
ORD-000108,CUST-00038,2025-12-31 13:53:00,app,pix,delivered,979.5,146.93,21.68,0.0,0.0,832.58,432.0,400.58
ORD-000109,CUST-00104,2025-09-21 19:17:00,marketplace,pix,returned,1638.9,0.0,23.54,0.0,1638.9,0.0,748.5,0
ORD-000110,CUST-00056,2025-08-08 11:31:00,marketplace,credit_card,delivered,1034.3,0.0,34.75,0.0,0.0,1034.3,473.0,561.3
ORD-000111,CUST-00005,2025-03-05 10:28:00,app,credit_card,delivered,1839.2,0.0,39.66,0.0,0.0,1839.2,1031.0,808.2
ORD-000112,CUST-00102,2025-11-17 12:46:00,site,credit_card,returned,259.9,0.0,22.78,0.0,259.9,0.0,137.0,0
ORD-000113,CUST-00152,2025-04-26 16:43:00,app,credit_card,delivered,809.6,0.0,10.14,0.0,0.0,809.6,416.0,393.6
ORD-000114,CUST-00081,2025-07-08 12:08:00,marketplace,boleto,delivered,494.6,0.0,29.15,0.0,0.0,494.6,233.0,261.6
ORD-000115,CUST-00185,2025-04-20 18:47:00,app,pix,delivered,1549.1,77.46,28.38,0.0,0.0,1471.65,741.0,730.65
ORD-000116,CUST-00071,2025-11-27 09:15:00,marketplace,credit_card,cancelled,1489.3,148.93,27.9,1340.37,0.0,0.0,873.5,0
ORD-000117,CUST-00076,2025-11-27 08:50:00,marketplace,credit_card,delivered,1379.6,68.98,21.48,0.0,0.0,1310.62,796.0,514.62
ORD-000118,CUST-00100,2025-10-19 14:23:00,site,pix,cancelled,749.5,112.42,15.08,637.08,0.0,0.0,351.0,0
ORD-000119,CUST-00161,2025-12-31 16:49:00,marketplace,boleto,delivered,539.7,26.99,30.95,0.0,0.0,512.72,246.0,266.72
ORD-000120,CUST-00080,2025-02-10 16:58:00,site,credit_card,delivered,1819.1,0.0,25.99,0.0,0.0,1819.1,880.0,939.1
ORD-000121,CUST-00117,2025-11-10 17:03:00,marketplace,credit_card,delivered,509.6,76.44,32.15,0.0,0.0,433.16,240.5,192.66
ORD-000122,CUST-00134,2025-09-22 20:52:00,site,pix,returned,1129.6,0.0,14.91,0.0,1129.6,0.0,632.0,0
ORD-000123,CUST-00068,2025-12-31 17:40:00,app,credit_card,delivered,1079.6,53.98,23.56,0.0,0.0,1025.62,593.5,432.12
ORD-000124,CUST-00190,2025-09-18 08:02:00,marketplace,boleto,delivered,1509.3,0.0,11.28,0.0,0.0,1509.3,754.0,755.3
ORD-000125,CUST-00064,2025-08-02 19:20:00,site,credit_card,delivered,134.7,0.0,27.05,0.0,0.0,134.7,51.0,83.7
ORD-000126,CUST-00245,2025-07-25 09:56:00,site,pix,delivered,619.5,0.0,33.11,0.0,0.0,619.5,288.0,331.5
ORD-000127,CUST-00119,2025-07-08 17:31:00,site,boleto,delivered,519.7,77.95,36.91,0.0,0.0,441.75,260.5,181.25
ORD-000128,CUST-00001,2025-12-03 14:54:00,site,credit_card,returned,289.6,43.44,19.13,0.0,246.16,0.0,120.0,0
ORD-000129,CUST-00012,2025-04-29 16:26:00,marketplace,credit_card,returned,219.9,0.0,23.65,0.0,219.9,0.0,93.0,0
ORD-000130,CUST-00152,2025-10-18 08:27:00,site,credit_card,returned,1459.4,0.0,17.0,0.0,1459.4,0.0,764.0,0
ORD-000131,CUST-00040,2025-02-24 10:28:00,site,credit_card,delivered,1349.5,0.0,22.1,0.0,0.0,1349.5,783.0,566.5
ORD-000132,CUST-00056,2025-06-17 10:05:00,marketplace,boleto,returned,1244.4,0.0,38.95,0.0,1244.4,0.0,669.5,0
ORD-000133,CUST-00119,2025-02-22 20:50:00,marketplace,boleto,delivered,659.6,0.0,10.26,0.0,0.0,659.6,322.0,337.6
ORD-000134,CUST-00235,2025-02-08 08:04:00,app,credit_card,delivered,339.8,50.97,23.2,0.0,0.0,288.83,163.0,125.83
ORD-000135,CUST-00211,2025-07-22 15:01:00,site,boleto,delivered,1009.5,151.42,22.7,0.0,0.0,858.08,543.0,315.08
ORD-000136,CUST-00166,2025-06-01 15:26:00,site,boleto,cancelled,1749.3,87.47,11.73,1661.84,0.0,0.0,919.0,0
ORD-000137,CUST-00098,2025-07-03 15:34:00,site,credit_card,delivered,1669.4,0.0,37.28,0.0,0.0,1669.4,950.0,719.4
ORD-000138,CUST-00136,2025-07-03 20:37:00,site,boleto,delivered,1094.6,0.0,12.9,0.0,0.0,1094.6,680.0,414.6
ORD-000139,CUST-00046,2025-05-02 17:20:00,app,boleto,returned,779.7,116.95,20.66,0.0,662.74,0.0,411.0,0
ORD-000140,CUST-00215,2025-09-10 16:19:00,site,credit_card,delivered,299.7,14.99,11.04,0.0,0.0,284.72,129.0,155.72
ORD-000141,CUST-00085,2025-11-11 11:51:00,site,boleto,delivered,1189.3,0.0,31.41,0.0,0.0,1189.3,602.5,586.8
ORD-000142,CUST-00181,2025-12-06 14:37:00,marketplace,pix,delivered,1249.5,0.0,18.95,0.0,0.0,1249.5,662.0,587.5
ORD-000143,CUST-00058,2025-12-07 17:52:00,marketplace,credit_card,delivered,1589.2,79.46,19.1,0.0,0.0,1509.74,814.0,695.74
ORD-000144,CUST-00236,2025-11-10 11:40:00,app,credit_card,cancelled,489.7,0.0,38.0,489.7,0.0,0.0,235.0,0
ORD-000145,CUST-00211,2025-12-29 18:40:00,marketplace,credit_card,returned,869.5,0.0,23.3,0.0,869.5,0.0,432.0,0
ORD-000146,CUST-00188,2025-08-03 10:56:00,marketplace,credit_card,delivered,1379.2,68.96,36.35,0.0,0.0,1310.24,712.0,598.24
ORD-000147,CUST-00205,2025-01-18 12:01:00,app,credit_card,delivered,189.9,0.0,38.45,0.0,0.0,189.9,91.0,98.9
ORD-000148,CUST-00087,2025-11-01 17:57:00,site,pix,delivered,499.8,74.97,10.83,0.0,0.0,424.83,247.0,177.83
ORD-000149,CUST-00179,2025-10-11 19:59:00,marketplace,pix,returned,999.4,99.94,17.86,0.0,899.46,0.0,523.0,0
ORD-000150,CUST-00001,2025-08-07 09:18:00,marketplace,pix,returned,209.8,31.47,27.91,0.0,178.33,0.0,96.5,0
ORD-000151,CUST-00079,2025-07-23 15:31:00,app,pix,returned,1249.4,0.0,12.63,0.0,1249.4,0.0,618.0,0
ORD-000152,CUST-00145,2025-02-01 10:48:00,app,boleto,returned,1104.5,165.68,12.8,0.0,938.83,0.0,572.0,0
ORD-000153,CUST-00147,2025-05-01 15:19:00,marketplace,boleto,delivered,134.7,6.73,36.98,0.0,0.0,127.96,51.0,76.96
ORD-000154,CUST-00031,2025-08-18 10:10:00,app,boleto,delivered,1669.1,0.0,13.69,0.0,0.0,1669.1,846.0,823.1
ORD-000155,CUST-00143,2025-07-23 16:20:00,marketplace,boleto,delivered,779.7,77.97,23.64,0.0,0.0,701.73,411.0,290.73
ORD-000156,CUST-00039,2025-03-17 17:37:00,app,pix,cancelled,1049.7,0.0,37.65,1049.7,0.0,0.0,663.0,0
ORD-000157,CUST-00168,2025-09-06 17:38:00,site,credit_card,delivered,1869.2,0.0,15.07,0.0,0.0,1869.2,930.0,939.2
ORD-000158,CUST-00230,2025-07-10 08:21:00,app,pix,delivered,1269.2,0.0,18.31,0.0,0.0,1269.2,603.0,666.2
ORD-000159,CUST-00049,2025-08-15 11:58:00,marketplace,pix,delivered,839.4,125.91,24.43,0.0,0.0,713.49,412.5,300.99
ORD-000160,CUST-00045,2025-04-09 11:53:00,site,pix,delivered,569.7,0.0,10.89,0.0,0.0,569.7,273.0,296.7
ORD-000161,CUST-00163,2025-03-05 18:01:00,marketplace,boleto,delivered,1569.3,0.0,24.56,0.0,0.0,1569.3,839.0,730.3
ORD-000162,CUST-00099,2025-01-26 10:54:00,app,boleto,cancelled,659.5,0.0,35.61,659.5,0.0,0.0,293.0,0
ORD-000163,CUST-00122,2025-03-09 18:11:00,app,pix,cancelled,1579.4,0.0,16.61,1579.4,0.0,0.0,880.0,0
ORD-000164,CUST-00078,2025-12-13 16:52:00,app,boleto,cancelled,134.7,6.73,27.43,127.96,0.0,0.0,51.0,0
ORD-000165,CUST-00077,2025-12-17 09:30:00,site,credit_card,delivered,1149.5,0.0,39.55,0.0,0.0,1149.5,604.0,545.5
ORD-000166,CUST-00175,2025-03-13 19:01:00,marketplace,boleto,returned,1639.3,81.97,39.82,0.0,1557.34,0.0,845.0,0
ORD-000167,CUST-00176,2025-10-01 18:50:00,app,credit_card,delivered,634.6,95.19,20.65,0.0,0.0,539.41,299.0,240.41
ORD-000168,CUST-00243,2025-12-15 13:41:00,app,credit_card,delivered,1489.3,0.0,20.56,0.0,0.0,1489.3,745.0,744.3
ORD-000169,CUST-00121,2025-04-10 16:07:00,site,pix,returned,1319.1,65.96,25.8,0.0,1253.15,0.0,617.0,0
ORD-000170,CUST-00125,2025-06-20 18:11:00,app,boleto,delivered,1689.3,253.39,11.64,0.0,0.0,1435.9,882.0,553.9
ORD-000171,CUST-00248,2025-09-02 14:00:00,site,boleto,delivered,384.5,38.45,15.88,0.0,0.0,346.05,166.5,179.55
ORD-000172,CUST-00178,2025-06-26 12:08:00,marketplace,boleto,delivered,879.4,43.97,25.0,0.0,0.0,835.43,429.0,406.43
ORD-000173,CUST-00112,2025-12-18 10:21:00,marketplace,credit_card,delivered,339.8,0.0,32.4,0.0,0.0,339.8,178.5,161.3
ORD-000174,CUST-00032,2025-07-07 19:41:00,site,boleto,delivered,534.3,26.71,36.2,0.0,0.0,507.58,217.5,290.08
ORD-000175,CUST-00107,2025-08-16 14:07:00,app,pix,cancelled,479.6,0.0,24.13,479.6,0.0,0.0,211.0,0
ORD-000176,CUST-00170,2025-09-24 12:39:00,marketplace,credit_card,cancelled,134.7,20.2,14.01,114.49,0.0,0.0,51.0,0
ORD-000177,CUST-00201,2025-02-24 15:12:00,site,boleto,cancelled,659.7,0.0,33.24,659.7,0.0,0.0,336.0,0
ORD-000178,CUST-00177,2025-09-04 13:15:00,app,credit_card,delivered,659.7,0.0,30.05,0.0,0.0,659.7,279.0,380.7
ORD-000179,CUST-00186,2025-02-21 12:41:00,app,pix,delivered,809.7,40.48,39.56,0.0,0.0,769.21,483.5,285.71
ORD-000180,CUST-00190,2025-03-01 09:54:00,app,boleto,delivered,1159.5,0.0,35.46,0.0,0.0,1159.5,593.0,566.5
ORD-000181,CUST-00047,2025-02-28 14:25:00,site,credit_card,delivered,1659.2,0.0,34.97,0.0,0.0,1659.2,826.0,833.2
ORD-000182,CUST-00206,2025-10-19 18:28:00,app,pix,delivered,789.5,78.95,21.29,0.0,0.0,710.55,353.0,357.55
ORD-000183,CUST-00168,2025-06-10 08:45:00,marketplace,boleto,returned,1109.4,110.94,32.93,0.0,998.46,0.0,519.0,0
ORD-000184,CUST-00170,2025-05-08 15:22:00,marketplace,credit_card,returned,264.8,39.72,29.14,0.0,225.08,0.0,110.0,0
ORD-000185,CUST-00223,2025-03-26 09:48:00,app,credit_card,delivered,514.2,0.0,17.13,0.0,0.0,514.2,210.5,303.7
ORD-000186,CUST-00206,2025-10-21 15:05:00,marketplace,credit_card,delivered,1389.2,69.46,19.38,0.0,0.0,1319.74,678.5,641.24
ORD-000187,CUST-00228,2025-09-18 16:13:00,marketplace,boleto,returned,799.3,119.9,23.59,0.0,679.41,0.0,360.0,0
ORD-000188,CUST-00030,2025-02-19 20:42:00,site,pix,delivered,584.5,0.0,20.14,0.0,0.0,584.5,279.0,305.5
ORD-000189,CUST-00066,2025-11-09 11:12:00,site,boleto,delivered,639.7,31.98,16.37,0.0,0.0,607.72,319.0,288.72
ORD-000190,CUST-00198,2025-08-19 15:42:00,site,boleto,cancelled,1314.0,131.4,13.94,1182.6,0.0,0.0,620.0,0
ORD-000191,CUST-00188,2025-03-07 09:24:00,app,pix,returned,1154.3,115.43,28.08,0.0,1038.87,0.0,595.0,0
ORD-000192,CUST-00207,2025-03-10 10:26:00,marketplace,credit_card,cancelled,1484.1,222.61,36.49,1261.48,0.0,0.0,735.0,0
ORD-000193,CUST-00160,2025-05-29 18:22:00,app,boleto,returned,914.4,0.0,39.34,0.0,914.4,0.0,462.0,0
ORD-000194,CUST-00150,2025-10-20 18:45:00,site,credit_card,delivered,429.6,64.44,32.34,0.0,0.0,365.16,212.5,152.66
ORD-000195,CUST-00069,2025-03-24 12:43:00,marketplace,boleto,delivered,349.5,0.0,35.08,0.0,0.0,349.5,144.5,205.0
ORD-000196,CUST-00191,2025-11-28 16:24:00,marketplace,pix,delivered,999.4,99.94,33.43,0.0,0.0,899.46,487.0,412.46
ORD-000197,CUST-00191,2025-05-09 11:39:00,app,pix,delivered,614.5,0.0,37.24,0.0,0.0,614.5,281.0,333.5
ORD-000198,CUST-00247,2025-03-30 19:32:00,site,pix,delivered,1554.4,77.72,11.12,0.0,0.0,1476.68,916.0,560.68
ORD-000199,CUST-00040,2025-06-15 17:03:00,app,boleto,returned,1154.4,115.44,35.19,0.0,1038.96,0.0,620.0,0
ORD-000200,CUST-00202,2025-09-16 10:26:00,site,boleto,cancelled,1099.4,109.94,22.0,989.46,0.0,0.0,542.0,0
ORD-000201,CUST-00144,2025-11-29 08:07:00,site,pix,returned,479.6,0.0,23.27,0.0,479.6,0.0,213.0,0
ORD-000202,CUST-00007,2025-09-22 20:23:00,site,pix,cancelled,1049.7,104.97,23.27,944.73,0.0,0.0,663.0,0
ORD-000203,CUST-00243,2025-02-19 10:49:00,marketplace,credit_card,cancelled,299.7,29.97,10.12,269.73,0.0,0.0,129.0,0
ORD-000204,CUST-00214,2025-02-23 11:34:00,site,credit_card,returned,779.7,116.95,33.16,0.0,662.74,0.0,411.0,0
ORD-000205,CUST-00023,2025-02-07 08:11:00,marketplace,pix,delivered,1259.6,125.96,12.01,0.0,0.0,1133.64,750.0,383.64
ORD-000206,CUST-00100,2025-12-11 09:34:00,site,boleto,delivered,779.7,116.95,31.51,0.0,0.0,662.74,411.0,251.74
ORD-000207,CUST-00075,2025-12-18 12:38:00,marketplace,pix,delivered,1519.4,0.0,32.86,0.0,0.0,1519.4,827.5,691.9
ORD-000208,CUST-00077,2025-12-13 20:55:00,site,credit_card,returned,134.7,20.2,21.09,0.0,114.49,0.0,51.0,0
ORD-000209,CUST-00138,2025-10-08 09:19:00,site,boleto,delivered,424.7,63.7,32.14,0.0,0.0,360.99,214.0,146.99
ORD-000210,CUST-00047,2025-12-10 20:36:00,site,pix,delivered,1049.7,104.97,23.74,0.0,0.0,944.73,663.0,281.73
ORD-000211,CUST-00244,2025-06-19 13:08:00,app,boleto,returned,939.4,140.91,16.94,0.0,798.49,0.0,416.0,0
ORD-000212,CUST-00145,2025-10-18 13:51:00,marketplace,boleto,delivered,999.5,49.98,14.96,0.0,0.0,949.52,514.0,435.52
ORD-000213,CUST-00115,2025-07-03 20:19:00,marketplace,credit_card,delivered,349.9,34.99,13.16,0.0,0.0,314.91,221.0,93.91
ORD-000214,CUST-00229,2025-01-10 16:40:00,marketplace,pix,delivered,254.5,25.45,27.27,0.0,0.0,229.05,100.0,129.05
ORD-000215,CUST-00101,2025-04-25 20:37:00,marketplace,credit_card,returned,559.8,0.0,13.92,0.0,559.8,0.0,308.0,0
ORD-000216,CUST-00194,2025-09-21 10:28:00,site,pix,delivered,919.7,0.0,26.89,0.0,0.0,919.7,512.0,407.7
ORD-000217,CUST-00095,2025-04-30 08:42:00,app,credit_card,delivered,1219.5,121.95,37.13,0.0,0.0,1097.55,638.0,459.55
ORD-000218,CUST-00214,2025-05-15 17:34:00,app,pix,cancelled,1104.2,0.0,21.2,1104.2,0.0,0.0,491.0,0
ORD-000219,CUST-00203,2025-09-04 17:00:00,site,credit_card,cancelled,539.5,0.0,23.1,539.5,0.0,0.0,250.0,0
ORD-000220,CUST-00093,2025-11-05 19:52:00,site,boleto,delivered,1879.3,281.89,16.81,0.0,0.0,1597.4,1031.0,566.4
ORD-000221,CUST-00063,2025-01-23 10:36:00,site,credit_card,cancelled,219.9,0.0,13.94,219.9,0.0,0.0,93.0,0
ORD-000222,CUST-00133,2025-07-27 17:36:00,site,credit_card,returned,1449.3,0.0,36.26,0.0,1449.3,0.0,778.0,0
ORD-000223,CUST-00204,2025-10-26 20:11:00,marketplace,boleto,cancelled,879.6,131.94,25.22,747.66,0.0,0.0,438.0,0
ORD-000224,CUST-00097,2025-07-17 10:06:00,marketplace,boleto,delivered,1829.1,0.0,25.58,0.0,0.0,1829.1,868.0,961.1
ORD-000225,CUST-00169,2025-03-08 17:34:00,marketplace,boleto,delivered,959.3,143.89,29.38,0.0,0.0,815.4,482.0,333.4
ORD-000226,CUST-00109,2025-03-10 12:30:00,site,pix,delivered,2069.0,0.0,18.4,0.0,0.0,2069.0,1095.5,973.5
ORD-000227,CUST-00105,2025-07-05 09:09:00,marketplace,pix,delivered,1369.3,205.39,27.46,0.0,0.0,1163.9,682.0,481.9
ORD-000228,CUST-00046,2025-07-09 16:35:00,site,pix,delivered,1749.3,0.0,39.56,0.0,0.0,1749.3,919.0,830.3
ORD-000229,CUST-00055,2025-09-18 14:50:00,marketplace,credit_card,delivered,459.8,45.98,28.32,0.0,0.0,413.82,236.0,177.82
ORD-000230,CUST-00238,2025-11-04 14:05:00,marketplace,pix,delivered,219.9,0.0,16.55,0.0,0.0,219.9,93.0,126.9
ORD-000231,CUST-00183,2025-11-02 08:49:00,marketplace,pix,delivered,299.7,44.96,24.73,0.0,0.0,254.75,129.0,125.75
ORD-000232,CUST-00158,2025-03-28 18:02:00,marketplace,pix,delivered,999.6,0.0,29.55,0.0,0.0,999.6,586.0,413.6
ORD-000233,CUST-00133,2025-01-08 19:45:00,app,boleto,delivered,1119.4,0.0,26.39,0.0,0.0,1119.4,580.0,539.4
ORD-000234,CUST-00105,2025-09-17 09:35:00,marketplace,boleto,delivered,89.8,8.98,18.73,0.0,0.0,80.82,34.0,46.82
ORD-000235,CUST-00145,2025-09-05 20:15:00,app,credit_card,delivered,399.9,20.0,30.35,0.0,0.0,379.9,238.0,141.9
ORD-000236,CUST-00205,2025-06-11 14:22:00,app,credit_card,cancelled,1699.2,169.92,10.19,1529.28,0.0,0.0,965.0,0
ORD-000237,CUST-00122,2025-06-10 13:13:00,site,pix,cancelled,699.6,0.0,15.38,699.6,0.0,0.0,367.0,0
ORD-000238,CUST-00052,2025-05-08 17:22:00,app,boleto,delivered,539.7,0.0,13.5,0.0,0.0,539.7,246.0,293.7
ORD-000239,CUST-00218,2025-09-04 13:39:00,marketplace,credit_card,delivered,1304.5,65.23,36.84,0.0,0.0,1239.28,729.0,510.28
ORD-000240,CUST-00123,2025-10-04 08:32:00,app,pix,delivered,1649.4,82.47,35.71,0.0,0.0,1566.93,930.0,636.93
ORD-000241,CUST-00173,2025-04-18 14:37:00,marketplace,pix,delivered,1019.5,0.0,20.75,0.0,0.0,1019.5,594.0,425.5
ORD-000242,CUST-00109,2025-04-18 14:44:00,site,credit_card,delivered,1749.3,0.0,35.53,0.0,0.0,1749.3,871.0,878.3
ORD-000243,CUST-00143,2025-08-10 14:12:00,app,credit_card,delivered,459.8,68.97,14.39,0.0,0.0,390.83,236.0,154.83
ORD-000244,CUST-00202,2025-09-07 12:16:00,site,credit_card,cancelled,259.9,25.99,11.33,233.91,0.0,0.0,137.0,0
ORD-000245,CUST-00215,2025-11-19 09:28:00,site,pix,returned,1049.5,0.0,17.69,0.0,1049.5,0.0,613.0,0
ORD-000246,CUST-00148,2025-10-22 18:41:00,site,pix,cancelled,1249.3,0.0,39.28,1249.3,0.0,0.0,627.0,0
ORD-000247,CUST-00119,2025-11-20 10:55:00,site,credit_card,delivered,1419.4,212.91,34.13,0.0,0.0,1206.49,719.0,487.49
ORD-000248,CUST-00082,2025-12-01 12:45:00,site,credit_card,delivered,2019.3,201.93,29.24,0.0,0.0,1817.37,1082.0,735.37
ORD-000249,CUST-00170,2025-05-09 19:44:00,marketplace,credit_card,returned,1689.3,0.0,16.22,0.0,1689.3,0.0,911.0,0
ORD-000250,CUST-00022,2025-12-02 14:19:00,app,pix,delivered,804.4,0.0,32.03,0.0,0.0,804.4,388.0,416.4
ORD-000251,CUST-00141,2025-08-16 10:44:00,app,pix,cancelled,2818.8,0.0,27.62,2818.8,0.0,0.0,1398.0,0
ORD-000252,CUST-00207,2025-02-15 15:19:00,app,boleto,delivered,669.5,33.48,17.69,0.0,0.0,636.02,332.5,303.52
ORD-000253,CUST-00077,2025-01-05 20:27:00,site,pix,delivered,89.8,8.98,16.84,0.0,0.0,80.82,34.0,46.82
ORD-000254,CUST-00064,2025-03-25 19:47:00,site,boleto,returned,1149.5,57.48,34.75,0.0,1092.03,0.0,658.0,0
ORD-000255,CUST-00167,2025-09-30 20:17:00,app,boleto,delivered,1279.6,0.0,35.5,0.0,0.0,1279.6,781.0,498.6
ORD-000256,CUST-00049,2025-06-14 08:09:00,site,boleto,delivered,699.8,69.98,10.56,0.0,0.0,629.82,442.0,187.82
ORD-000257,CUST-00024,2025-03-19 08:31:00,app,credit_card,delivered,1169.5,0.0,22.51,0.0,0.0,1169.5,627.5,542.0
ORD-000258,CUST-00050,2025-05-09 14:53:00,site,credit_card,delivered,1479.6,0.0,39.14,0.0,0.0,1479.6,868.0,611.6
ORD-000259,CUST-00122,2025-07-19 18:19:00,marketplace,credit_card,delivered,779.7,0.0,28.77,0.0,0.0,779.7,411.0,368.7
ORD-000260,CUST-00051,2025-07-04 08:55:00,site,pix,returned,639.7,0.0,39.1,0.0,639.7,0.0,318.0,0
ORD-000261,CUST-00203,2025-05-05 08:02:00,app,credit_card,cancelled,339.8,50.97,24.16,288.83,0.0,0.0,163.0,0
ORD-000262,CUST-00239,2025-11-17 08:03:00,site,pix,delivered,459.8,68.97,14.52,0.0,0.0,390.83,236.0,154.83
ORD-000263,CUST-00188,2025-04-09 08:44:00,marketplace,pix,delivered,1519.2,0.0,31.63,0.0,0.0,1519.2,795.5,723.7
ORD-000264,CUST-00140,2025-06-28 13:46:00,app,pix,delivered,239.7,0.0,35.93,0.0,0.0,239.7,106.0,133.7
ORD-000265,CUST-00001,2025-11-23 16:24:00,marketplace,pix,returned,1329.3,0.0,36.39,0.0,1329.3,0.0,595.0,0
ORD-000266,CUST-00197,2025-10-10 10:39:00,site,credit_card,delivered,754.5,0.0,22.19,0.0,0.0,754.5,370.0,384.5
ORD-000267,CUST-00125,2025-04-09 09:02:00,marketplace,credit_card,cancelled,1714.3,257.14,34.99,1457.15,0.0,0.0,948.0,0
ORD-000268,CUST-00168,2025-09-09 09:29:00,app,credit_card,returned,1639.2,0.0,20.73,0.0,1639.2,0.0,797.5,0
ORD-000269,CUST-00026,2025-04-29 16:24:00,marketplace,boleto,delivered,759.6,0.0,25.69,0.0,0.0,759.6,339.0,420.6
ORD-000270,CUST-00173,2025-08-23 19:42:00,marketplace,credit_card,delivered,694.5,0.0,14.9,0.0,0.0,694.5,359.0,335.5
ORD-000271,CUST-00239,2025-06-30 13:35:00,marketplace,boleto,delivered,1769.1,0.0,22.27,0.0,0.0,1769.1,863.0,906.1
ORD-000272,CUST-00115,2025-07-23 08:46:00,site,pix,delivered,759.7,0.0,27.77,0.0,0.0,759.7,466.5,293.2
ORD-000273,CUST-00025,2025-01-20 15:22:00,marketplace,pix,delivered,549.7,0.0,17.85,0.0,0.0,549.7,307.0,242.7
ORD-000274,CUST-00186,2025-06-16 20:30:00,app,credit_card,delivered,659.7,32.99,34.67,0.0,0.0,626.72,279.0,347.72
ORD-000275,CUST-00021,2025-01-29 20:21:00,marketplace,boleto,delivered,299.7,14.99,22.4,0.0,0.0,284.72,129.0,155.72
ORD-000276,CUST-00079,2025-09-26 08:20:00,app,pix,cancelled,869.4,86.94,14.39,782.46,0.0,0.0,427.5,0
ORD-000277,CUST-00057,2025-08-10 12:50:00,marketplace,credit_card,delivered,1199.7,0.0,13.87,0.0,0.0,1199.7,714.0,485.7
ORD-000278,CUST-00022,2025-07-24 16:27:00,marketplace,boleto,returned,1674.0,0.0,32.76,0.0,1674.0,0.0,880.0,0
ORD-000279,CUST-00019,2025-05-17 20:27:00,app,pix,delivered,449.7,67.45,37.62,0.0,0.0,382.25,216.0,166.25
ORD-000280,CUST-00083,2025-06-26 17:41:00,site,credit_card,delivered,1279.6,0.0,14.98,0.0,0.0,1279.6,706.0,573.6
ORD-000281,CUST-00194,2025-02-13 09:47:00,site,pix,delivered,879.5,0.0,38.37,0.0,0.0,879.5,515.5,364.0
ORD-000282,CUST-00085,2025-04-18 19:34:00,marketplace,boleto,delivered,1194.3,0.0,26.29,0.0,0.0,1194.3,568.0,626.3
ORD-000283,CUST-00066,2025-03-29 08:18:00,site,credit_card,delivered,1199.7,179.95,28.44,0.0,0.0,1019.74,714.0,305.74
ORD-000284,CUST-00222,2025-02-25 08:18:00,site,boleto,returned,1174.2,58.71,16.84,0.0,1115.49,0.0,596.0,0
ORD-000285,CUST-00011,2025-05-07 16:19:00,app,boleto,delivered,559.5,27.98,21.7,0.0,0.0,531.52,255.5,276.02
ORD-000286,CUST-00208,2025-02-01 18:16:00,site,boleto,delivered,1079.4,0.0,38.22,0.0,0.0,1079.4,531.0,548.4
ORD-000287,CUST-00107,2025-05-04 17:09:00,marketplace,boleto,delivered,764.5,0.0,37.19,0.0,0.0,764.5,407.0,357.5
ORD-000288,CUST-00080,2025-12-19 19:57:00,site,boleto,cancelled,619.7,0.0,22.8,619.7,0.0,0.0,268.0,0
ORD-000289,CUST-00048,2025-06-12 10:46:00,site,credit_card,delivered,1209.6,0.0,36.3,0.0,0.0,1209.6,695.0,514.6
ORD-000290,CUST-00156,2025-10-18 17:14:00,marketplace,pix,cancelled,189.9,0.0,16.83,189.9,0.0,0.0,91.0,0
ORD-000291,CUST-00183,2025-11-29 13:11:00,site,pix,delivered,619.7,30.98,24.12,0.0,0.0,588.71,317.0,271.71
ORD-000292,CUST-00194,2025-04-15 09:11:00,marketplace,pix,delivered,1739.4,173.94,24.6,0.0,0.0,1565.46,981.0,584.46
ORD-000293,CUST-00157,2025-10-20 17:34:00,app,pix,cancelled,44.9,6.73,36.17,38.16,0.0,0.0,17.0,0
ORD-000294,CUST-00133,2025-10-03 14:47:00,app,pix,delivered,199.8,19.98,21.52,0.0,0.0,179.82,86.0,93.82
ORD-000295,CUST-00043,2025-08-05 12:39:00,marketplace,boleto,delivered,979.7,146.95,25.41,0.0,0.0,832.74,558.0,274.74
ORD-000296,CUST-00101,2025-07-31 13:28:00,marketplace,boleto,delivered,1099.6,0.0,23.51,0.0,0.0,1099.6,620.0,479.6
ORD-000297,CUST-00024,2025-02-28 19:28:00,site,pix,returned,1324.2,0.0,12.46,0.0,1324.2,0.0,629.0,0
ORD-000298,CUST-00223,2025-03-16 10:49:00,site,credit_card,returned,1529.5,0.0,22.49,0.0,1529.5,0.0,870.0,0
ORD-000299,CUST-00004,2025-08-23 15:54:00,marketplace,boleto,delivered,1559.3,155.93,34.12,0.0,0.0,1403.37,784.0,619.37
ORD-000300,CUST-00159,2025-11-18 16:52:00,site,credit_card,delivered,359.8,0.0,15.45,0.0,0.0,359.8,164.0,195.8
ORD-000301,CUST-00085,2025-02-14 08:06:00,app,boleto,delivered,1459.3,0.0,14.74,0.0,0.0,1459.3,662.0,797.3
ORD-000302,CUST-00024,2025-06-03 13:23:00,site,credit_card,delivered,699.8,0.0,32.65,0.0,0.0,699.8,442.0,257.8
ORD-000303,CUST-00135,2025-07-31 16:13:00,marketplace,boleto,returned,659.7,0.0,28.26,0.0,659.7,0.0,279.0,0
ORD-000304,CUST-00110,2025-11-08 13:16:00,marketplace,pix,cancelled,1659.2,165.92,39.75,1493.28,0.0,0.0,761.0,0
ORD-000305,CUST-00227,2025-11-09 11:45:00,site,boleto,delivered,1199.7,0.0,9.95,0.0,0.0,1199.7,714.0,485.7
ORD-000306,CUST-00106,2025-01-24 13:22:00,app,pix,cancelled,869.7,130.45,16.27,739.24,0.0,0.0,495.0,0
ORD-000307,CUST-00197,2025-01-04 09:43:00,app,pix,delivered,229.9,0.0,21.78,0.0,0.0,229.9,118.0,111.9
ORD-000308,CUST-00205,2025-01-19 18:08:00,marketplace,boleto,delivered,1939.2,0.0,28.72,0.0,0.0,1939.2,1095.5,843.7
ORD-000309,CUST-00054,2025-10-23 18:21:00,marketplace,boleto,delivered,1029.3,0.0,38.99,0.0,0.0,1029.3,500.5,528.8
ORD-000310,CUST-00222,2025-06-07 19:54:00,app,credit_card,delivered,1769.2,265.38,10.85,0.0,0.0,1503.82,936.0,567.82
ORD-000311,CUST-00200,2025-04-14 09:28:00,marketplace,pix,cancelled,769.5,0.0,33.87,769.5,0.0,0.0,359.0,0
ORD-000312,CUST-00197,2025-02-20 16:43:00,site,pix,delivered,1234.1,0.0,31.64,0.0,0.0,1234.1,614.5,619.6
ORD-000313,CUST-00134,2025-12-04 19:19:00,app,boleto,delivered,389.7,38.97,32.65,0.0,0.0,350.73,177.0,173.73
ORD-000314,CUST-00070,2025-03-18 10:17:00,app,boleto,delivered,299.7,0.0,38.65,0.0,0.0,299.7,129.0,170.7
ORD-000315,CUST-00242,2025-12-27 20:18:00,site,pix,cancelled,674.6,0.0,15.04,674.6,0.0,0.0,294.0,0
ORD-000316,CUST-00028,2025-07-16 08:05:00,site,pix,delivered,2379.0,118.95,15.27,0.0,0.0,2260.05,1275.0,985.05
ORD-000317,CUST-00209,2025-12-24 15:06:00,site,boleto,delivered,2219.1,0.0,30.43,0.0,0.0,2219.1,1200.0,1019.1
ORD-000318,CUST-00117,2025-09-07 08:04:00,site,pix,delivered,2199.1,0.0,20.44,0.0,0.0,2199.1,1168.0,1031.1
ORD-000319,CUST-00137,2025-08-25 14:37:00,site,boleto,delivered,959.7,0.0,28.53,0.0,0.0,959.7,546.0,413.7
ORD-000320,CUST-00146,2025-06-25 16:44:00,marketplace,pix,delivered,779.7,0.0,29.78,0.0,0.0,779.7,411.0,368.7
ORD-000321,CUST-00084,2025-10-12 09:52:00,site,credit_card,delivered,2359.0,0.0,19.14,0.0,0.0,2359.0,1203.0,1156.0
ORD-000322,CUST-00194,2025-03-17 18:09:00,marketplace,pix,delivered,2159.0,215.9,18.65,0.0,0.0,1943.1,1164.0,779.1
ORD-000323,CUST-00157,2025-09-19 14:54:00,marketplace,pix,delivered,179.7,0.0,11.77,0.0,0.0,179.7,73.5,106.2
ORD-000324,CUST-00061,2025-08-10 19:37:00,site,credit_card,delivered,1329.3,199.39,19.44,0.0,0.0,1129.9,681.0,448.9
ORD-000325,CUST-00216,2025-08-02 10:18:00,site,boleto,returned,179.9,0.0,13.93,0.0,179.9,0.0,82.0,0
ORD-000326,CUST-00022,2025-03-12 18:51:00,app,credit_card,delivered,2019.1,100.95,36.71,0.0,0.0,1918.14,1050.0,868.14
ORD-000327,CUST-00148,2025-09-13 19:15:00,site,boleto,returned,1339.3,133.93,17.98,0.0,1205.37,0.0,646.0,0
ORD-000328,CUST-00187,2025-09-27 20:49:00,marketplace,boleto,delivered,199.8,9.99,25.41,0.0,0.0,189.81,86.0,103.81
ORD-000329,CUST-00157,2025-01-28 13:34:00,marketplace,boleto,delivered,1279.4,63.97,23.52,0.0,0.0,1215.43,604.0,611.43
ORD-000330,CUST-00016,2025-11-19 15:37:00,site,boleto,delivered,1019.5,101.95,11.45,0.0,0.0,917.55,484.5,433.05
ORD-000331,CUST-00034,2025-11-12 12:17:00,app,credit_card,delivered,1119.5,0.0,32.14,0.0,0.0,1119.5,515.0,604.5
ORD-000332,CUST-00047,2025-09-28 08:21:00,marketplace,pix,delivered,1079.7,0.0,27.77,0.0,0.0,1079.7,630.0,449.7
ORD-000333,CUST-00148,2025-06-26 08:41:00,marketplace,boleto,delivered,2749.1,0.0,11.48,0.0,0.0,2749.1,1561.0,1188.1
ORD-000334,CUST-00038,2025-09-29 14:00:00,app,pix,delivered,764.3,38.22,21.36,0.0,0.0,726.08,336.5,389.58
ORD-000335,CUST-00070,2025-05-17 20:06:00,site,pix,delivered,2178.9,326.83,27.43,0.0,0.0,1852.07,1022.0,830.07
ORD-000336,CUST-00213,2025-02-04 08:26:00,site,credit_card,delivered,1299.4,129.94,13.02,0.0,0.0,1169.46,634.0,535.46
ORD-000337,CUST-00182,2025-03-03 09:54:00,app,boleto,cancelled,759.6,0.0,21.18,759.6,0.0,0.0,380.0,0
ORD-000338,CUST-00237,2025-05-22 20:27:00,app,pix,returned,1229.5,184.42,33.0,0.0,1045.08,0.0,704.0,0
ORD-000339,CUST-00046,2025-08-14 09:31:00,app,boleto,delivered,1254.2,125.42,21.68,0.0,0.0,1128.78,631.0,497.78
ORD-000340,CUST-00019,2025-02-06 17:46:00,marketplace,pix,delivered,1389.2,69.46,10.46,0.0,0.0,1319.74,660.0,659.74
ORD-000341,CUST-00132,2025-12-29 20:31:00,site,pix,delivered,44.9,2.25,22.02,0.0,0.0,42.66,17.0,25.66
ORD-000342,CUST-00146,2025-10-02 13:21:00,app,credit_card,returned,569.7,0.0,21.92,0.0,569.7,0.0,273.0,0
ORD-000343,CUST-00046,2025-10-11 08:24:00,site,credit_card,returned,2269.1,0.0,18.87,0.0,2269.1,0.0,1214.0,0
ORD-000344,CUST-00185,2025-10-31 11:31:00,site,pix,delivered,964.6,0.0,33.68,0.0,0.0,964.6,529.0,435.6
ORD-000345,CUST-00031,2025-04-19 20:41:00,site,boleto,returned,479.8,47.98,23.65,0.0,431.82,0.0,230.0,0
ORD-000346,CUST-00121,2025-11-13 08:15:00,app,boleto,returned,419.7,62.95,13.82,0.0,356.75,0.0,188.5,0
ORD-000347,CUST-00210,2025-02-24 09:31:00,app,pix,cancelled,1409.4,140.94,16.52,1268.46,0.0,0.0,735.0,0
ORD-000348,CUST-00083,2025-04-20 20:02:00,app,credit_card,cancelled,349.9,0.0,19.97,349.9,0.0,0.0,221.0,0
ORD-000349,CUST-00142,2025-03-26 15:15:00,marketplace,boleto,cancelled,839.6,0.0,13.9,839.6,0.0,0.0,452.5,0
ORD-000350,CUST-00107,2025-12-22 20:50:00,app,credit_card,delivered,1239.5,185.92,13.71,0.0,0.0,1053.58,688.0,365.58
ORD-000351,CUST-00153,2025-04-03 19:31:00,site,boleto,cancelled,909.5,0.0,28.72,909.5,0.0,0.0,451.5,0
ORD-000352,CUST-00221,2025-10-04 16:14:00,app,credit_card,delivered,659.4,98.91,29.68,0.0,0.0,560.49,297.5,262.99
ORD-000353,CUST-00166,2025-07-06 12:13:00,marketplace,credit_card,delivered,559.5,0.0,19.93,0.0,0.0,559.5,267.5,292.0
ORD-000354,CUST-00152,2025-10-24 13:26:00,marketplace,pix,delivered,439.7,65.95,30.21,0.0,0.0,373.75,206.0,167.75
ORD-000355,CUST-00019,2025-08-30 17:31:00,app,pix,delivered,2269.1,113.45,14.25,0.0,0.0,2155.64,1200.0,955.64
ORD-000356,CUST-00009,2025-12-21 17:03:00,marketplace,boleto,delivered,1839.3,0.0,13.23,0.0,0.0,1839.3,991.0,848.3
ORD-000357,CUST-00023,2025-07-30 16:31:00,site,boleto,delivered,1329.2,132.92,24.1,0.0,0.0,1196.28,707.0,489.28
ORD-000358,CUST-00107,2025-01-23 08:30:00,marketplace,boleto,returned,1549.4,154.94,10.91,0.0,1394.46,0.0,814.0,0
ORD-000359,CUST-00092,2025-06-01 11:41:00,app,pix,delivered,2109.3,0.0,24.29,0.0,0.0,2109.3,1161.0,948.3
ORD-000360,CUST-00203,2025-07-09 18:29:00,app,boleto,returned,839.7,125.95,9.94,0.0,713.74,0.0,462.0,0
ORD-000361,CUST-00193,2025-05-19 19:39:00,marketplace,credit_card,cancelled,439.8,43.98,33.73,395.82,0.0,0.0,186.0,0
ORD-000362,CUST-00228,2025-01-27 09:24:00,marketplace,credit_card,delivered,934.3,46.72,28.47,0.0,0.0,887.58,442.0,445.58
ORD-000363,CUST-00139,2025-02-28 18:30:00,app,boleto,returned,719.6,71.96,36.03,0.0,647.64,0.0,360.0,0
ORD-000364,CUST-00014,2025-02-02 13:22:00,marketplace,boleto,delivered,1199.7,59.98,24.94,0.0,0.0,1139.71,714.0,425.71
ORD-000365,CUST-00159,2025-07-08 20:43:00,app,credit_card,returned,1069.5,0.0,15.55,0.0,1069.5,0.0,553.0,0
ORD-000366,CUST-00039,2025-04-15 16:40:00,marketplace,boleto,delivered,1179.6,0.0,22.4,0.0,0.0,1179.6,658.0,521.6
ORD-000367,CUST-00017,2025-01-12 20:14:00,marketplace,boleto,cancelled,1709.2,256.38,19.98,1452.82,0.0,0.0,848.0,0
ORD-000368,CUST-00118,2025-06-05 17:08:00,site,pix,delivered,989.7,0.0,33.58,0.0,0.0,989.7,567.0,422.7
ORD-000369,CUST-00159,2025-03-24 19:34:00,app,boleto,delivered,329.8,0.0,39.1,0.0,0.0,329.8,161.0,168.8
ORD-000370,CUST-00095,2025-04-05 11:35:00,app,credit_card,returned,2079.3,0.0,29.87,0.0,2079.3,0.0,1159.0,0
ORD-000371,CUST-00197,2025-03-16 15:59:00,site,boleto,delivered,2609.2,0.0,10.03,0.0,0.0,2609.2,1541.0,1068.2
ORD-000372,CUST-00177,2025-02-27 19:30:00,app,boleto,delivered,349.9,0.0,30.24,0.0,0.0,349.9,221.0,128.9
ORD-000373,CUST-00024,2025-06-17 08:38:00,marketplace,pix,returned,449.8,0.0,27.4,0.0,449.8,0.0,264.0,0
ORD-000374,CUST-00050,2025-09-09 13:38:00,site,pix,cancelled,1539.4,153.94,38.2,1385.46,0.0,0.0,818.0,0
ORD-000375,CUST-00079,2025-08-17 16:05:00,marketplace,credit_card,delivered,2969.1,445.36,36.53,0.0,0.0,2523.73,1736.0,787.73
ORD-000376,CUST-00122,2025-09-26 13:04:00,site,credit_card,cancelled,2768.9,138.45,12.55,2630.45,0.0,0.0,1504.0,0
ORD-000377,CUST-00075,2025-10-11 15:02:00,app,credit_card,delivered,1549.0,154.9,19.02,0.0,0.0,1394.1,735.0,659.1
ORD-000378,CUST-00046,2025-09-09 19:41:00,app,boleto,delivered,2159.2,0.0,13.48,0.0,0.0,2159.2,1137.0,1022.2
ORD-000379,CUST-00250,2025-12-22 09:23:00,marketplace,credit_card,cancelled,789.5,118.42,27.16,671.08,0.0,0.0,353.0,0
ORD-000380,CUST-00014,2025-05-20 13:26:00,site,credit_card,returned,764.3,0.0,11.36,0.0,764.3,0.0,349.0,0
ORD-000381,CUST-00224,2025-06-11 18:51:00,site,boleto,delivered,564.6,0.0,30.46,0.0,0.0,564.6,254.0,310.6
ORD-000382,CUST-00106,2025-06-24 10:06:00,marketplace,boleto,delivered,794.4,0.0,25.0,0.0,0.0,794.4,330.0,464.4
ORD-000383,CUST-00118,2025-02-09 09:52:00,app,credit_card,delivered,1779.2,0.0,24.29,0.0,0.0,1779.2,901.0,878.2
ORD-000384,CUST-00191,2025-03-02 11:08:00,site,credit_card,returned,1209.4,0.0,30.54,0.0,1209.4,0.0,615.0,0
ORD-000385,CUST-00011,2025-04-11 09:02:00,site,boleto,returned,1669.3,166.93,27.7,0.0,1502.37,0.0,968.5,0
ORD-000386,CUST-00048,2025-12-10 13:01:00,marketplace,credit_card,delivered,1329.3,0.0,35.28,0.0,0.0,1329.3,612.0,717.3
ORD-000387,CUST-00026,2025-10-24 20:00:00,marketplace,boleto,cancelled,794.5,0.0,31.37,794.5,0.0,0.0,395.5,0
ORD-000388,CUST-00179,2025-10-29 10:28:00,site,pix,returned,1299.4,0.0,15.33,0.0,1299.4,0.0,685.0,0
ORD-000389,CUST-00134,2025-03-11 15:48:00,app,credit_card,delivered,299.8,44.97,18.55,0.0,0.0,254.83,144.0,110.83
ORD-000390,CUST-00154,2025-06-09 18:53:00,site,credit_card,delivered,1159.3,0.0,26.52,0.0,0.0,1159.3,581.0,578.3
ORD-000391,CUST-00102,2025-08-13 16:42:00,site,boleto,returned,1329.4,0.0,13.48,0.0,1329.4,0.0,648.0,0
ORD-000392,CUST-00215,2025-08-06 19:31:00,app,pix,delivered,1769.2,265.38,32.88,0.0,0.0,1503.82,899.0,604.82
ORD-000393,CUST-00197,2025-08-21 09:07:00,site,pix,delivered,329.6,16.48,24.82,0.0,0.0,313.12,145.5,167.62
ORD-000394,CUST-00098,2025-11-06 18:20:00,marketplace,pix,delivered,449.7,0.0,28.56,0.0,0.0,449.7,216.0,233.7
ORD-000395,CUST-00170,2025-09-12 15:32:00,site,pix,delivered,119.8,11.98,20.21,0.0,0.0,107.82,49.0,58.82
ORD-000396,CUST-00114,2025-08-24 08:02:00,marketplace,pix,delivered,1549.5,154.95,29.68,0.0,0.0,1394.55,868.0,526.55
ORD-000397,CUST-00169,2025-10-11 18:34:00,app,boleto,cancelled,209.6,10.48,24.18,199.12,0.0,0.0,83.0,0
ORD-000398,CUST-00197,2025-05-26 13:03:00,site,pix,delivered,1129.3,112.93,11.25,0.0,0.0,1016.37,508.0,508.37
ORD-000399,CUST-00090,2025-01-29 18:15:00,app,credit_card,delivered,259.9,0.0,29.34,0.0,0.0,259.9,137.0,122.9
ORD-000400,CUST-00138,2025-06-16 08:29:00,app,boleto,returned,2379.1,118.96,26.94,0.0,2260.14,0.0,1369.0,0
ORD-000401,CUST-00177,2025-12-12 11:21:00,app,boleto,delivered,1249.5,124.95,34.24,0.0,0.0,1124.55,643.0,481.55
ORD-000402,CUST-00074,2025-05-16 08:19:00,site,boleto,cancelled,779.7,38.98,34.04,740.71,0.0,0.0,411.0,0
ORD-000403,CUST-00018,2025-10-18 20:33:00,marketplace,pix,delivered,359.8,17.99,16.19,0.0,0.0,341.81,164.0,177.81
ORD-000404,CUST-00052,2025-08-01 14:16:00,site,boleto,cancelled,719.4,71.94,23.5,647.46,0.0,0.0,319.5,0
ORD-000405,CUST-00170,2025-08-28 12:59:00,site,credit_card,returned,744.4,74.44,34.17,0.0,669.96,0.0,323.0,0
ORD-000406,CUST-00106,2025-06-13 09:40:00,app,credit_card,delivered,1579.3,78.97,17.91,0.0,0.0,1500.34,821.0,679.34
ORD-000407,CUST-00008,2025-05-06 20:52:00,app,pix,delivered,799.5,39.97,24.46,0.0,0.0,759.52,385.5,374.02
ORD-000408,CUST-00165,2025-01-22 19:31:00,app,credit_card,delivered,569.7,0.0,35.69,0.0,0.0,569.7,273.0,296.7
ORD-000409,CUST-00102,2025-03-13 11:07:00,marketplace,boleto,cancelled,134.7,20.2,24.91,114.49,0.0,0.0,51.0,0
ORD-000410,CUST-00227,2025-02-16 11:38:00,app,pix,delivered,819.6,0.0,19.78,0.0,0.0,819.6,416.0,403.6
ORD-000411,CUST-00126,2025-10-01 13:44:00,app,credit_card,delivered,2069.1,0.0,26.27,0.0,0.0,2069.1,1149.0,920.1
ORD-000412,CUST-00216,2025-12-06 20:03:00,site,pix,returned,1909.2,286.38,17.09,0.0,1622.82,0.0,1071.0,0
ORD-000413,CUST-00240,2025-05-01 12:13:00,marketplace,pix,delivered,2269.1,113.46,28.84,0.0,0.0,2155.64,1332.0,823.64
ORD-000414,CUST-00130,2025-02-03 13:26:00,marketplace,pix,cancelled,1559.3,233.89,34.3,1325.4,0.0,0.0,869.5,0
ORD-000415,CUST-00001,2025-07-25 11:40:00,marketplace,boleto,delivered,229.9,0.0,27.17,0.0,0.0,229.9,118.0,111.9
ORD-000416,CUST-00203,2025-06-13 15:30:00,app,pix,returned,1049.5,0.0,17.72,0.0,1049.5,0.0,600.0,0
ORD-000417,CUST-00243,2025-01-12 16:41:00,app,boleto,cancelled,399.9,59.98,16.76,339.91,0.0,0.0,238.0,0
ORD-000418,CUST-00103,2025-11-13 14:38:00,app,pix,delivered,1339.3,0.0,12.57,0.0,0.0,1339.3,613.0,726.3
ORD-000419,CUST-00058,2025-04-15 11:55:00,app,credit_card,delivered,1819.1,0.0,32.29,0.0,0.0,1819.1,920.0,899.1
ORD-000420,CUST-00075,2025-05-15 11:39:00,site,boleto,delivered,1969.0,0.0,20.99,0.0,0.0,1969.0,1047.5,921.5
ORD-000421,CUST-00019,2025-02-18 16:03:00,app,pix,delivered,1349.1,0.0,37.83,0.0,0.0,1349.1,596.5,752.6
ORD-000422,CUST-00248,2025-10-14 08:37:00,site,pix,delivered,2569.0,0.0,15.0,0.0,0.0,2569.0,1394.0,1175.0
ORD-000423,CUST-00033,2025-09-13 12:47:00,app,boleto,delivered,1184.5,59.23,18.39,0.0,0.0,1125.28,645.0,480.28
ORD-000424,CUST-00014,2025-04-07 10:03:00,app,pix,delivered,1309.6,0.0,10.98,0.0,0.0,1309.6,748.0,561.6
ORD-000425,CUST-00118,2025-09-10 09:54:00,site,credit_card,returned,199.8,0.0,13.61,0.0,199.8,0.0,86.0,0
ORD-000426,CUST-00145,2025-12-06 17:13:00,marketplace,credit_card,cancelled,579.7,0.0,25.68,579.7,0.0,0.0,298.0,0
ORD-000427,CUST-00073,2025-12-15 18:07:00,site,credit_card,delivered,189.9,0.0,27.61,0.0,0.0,189.9,91.0,98.9
ORD-000428,CUST-00161,2025-05-18 17:42:00,site,boleto,delivered,1509.2,0.0,38.99,0.0,0.0,1509.2,692.0,817.2
ORD-000429,CUST-00024,2025-07-24 12:11:00,marketplace,boleto,delivered,1019.6,50.98,12.58,0.0,0.0,968.62,544.0,424.62
ORD-000430,CUST-00126,2025-08-10 19:51:00,app,pix,delivered,1069.4,160.41,28.01,0.0,0.0,908.99,500.0,408.99
ORD-000431,CUST-00024,2025-08-05 20:23:00,marketplace,boleto,cancelled,1094.1,0.0,22.92,1094.1,0.0,0.0,507.5,0
ORD-000432,CUST-00135,2025-11-19 18:33:00,site,credit_card,delivered,799.8,0.0,23.95,0.0,0.0,799.8,476.0,323.8
ORD-000433,CUST-00134,2025-08-07 12:36:00,marketplace,pix,delivered,44.9,4.49,12.2,0.0,0.0,40.41,17.0,23.41
ORD-000434,CUST-00170,2025-10-19 12:22:00,marketplace,pix,delivered,449.7,44.97,12.35,0.0,0.0,404.73,216.0,188.73
ORD-000435,CUST-00012,2025-02-12 14:56:00,site,boleto,returned,1329.5,0.0,19.32,0.0,1329.5,0.0,716.0,0
ORD-000436,CUST-00112,2025-10-01 08:00:00,marketplace,boleto,delivered,2819.0,0.0,10.3,0.0,0.0,2819.0,1491.0,1328.0
ORD-000437,CUST-00023,2025-03-06 10:00:00,site,boleto,delivered,419.5,0.0,34.38,0.0,0.0,419.5,178.0,241.5
ORD-000438,CUST-00023,2025-06-04 20:29:00,marketplace,boleto,delivered,229.9,11.5,22.56,0.0,0.0,218.41,118.0,100.41
ORD-000439,CUST-00006,2025-08-19 17:15:00,app,boleto,delivered,1569.0,0.0,26.98,0.0,0.0,1569.0,764.5,804.5
ORD-000440,CUST-00010,2025-09-07 14:31:00,site,pix,cancelled,1009.0,100.9,31.64,908.1,0.0,0.0,439.5,0
ORD-000441,CUST-00228,2025-08-31 09:31:00,marketplace,credit_card,cancelled,1379.3,206.89,20.3,1172.41,0.0,0.0,770.0,0
ORD-000442,CUST-00236,2025-11-05 19:42:00,marketplace,boleto,delivered,1809.3,0.0,36.4,0.0,0.0,1809.3,967.0,842.3
ORD-000443,CUST-00045,2025-04-13 10:38:00,app,boleto,delivered,899.4,0.0,33.7,0.0,0.0,899.4,462.0,437.4
ORD-000444,CUST-00207,2025-02-02 13:27:00,site,boleto,delivered,1499.6,149.96,16.7,0.0,0.0,1349.64,918.0,431.64
ORD-000445,CUST-00181,2025-01-26 15:51:00,marketplace,credit_card,delivered,44.9,0.0,39.14,0.0,0.0,44.9,17.0,27.9
ORD-000446,CUST-00234,2025-07-05 10:46:00,app,pix,delivered,1089.5,163.43,23.15,0.0,0.0,926.08,555.0,371.08
ORD-000447,CUST-00088,2025-05-27 16:10:00,app,pix,delivered,1259.3,0.0,21.07,0.0,0.0,1259.3,598.0,661.3
ORD-000448,CUST-00242,2025-01-16 15:09:00,app,pix,delivered,299.8,44.97,34.09,0.0,0.0,254.83,144.0,110.83
ORD-000449,CUST-00101,2025-01-19 18:59:00,marketplace,boleto,returned,539.7,0.0,36.98,0.0,539.7,0.0,246.0,0
ORD-000450,CUST-00227,2025-12-15 19:35:00,app,pix,delivered,664.3,99.64,32.18,0.0,0.0,564.65,345.5,219.15
ORD-000451,CUST-00179,2025-06-26 20:50:00,marketplace,boleto,returned,554.3,27.72,33.16,0.0,526.58,0.0,244.0,0
ORD-000452,CUST-00055,2025-02-17 16:35:00,app,credit_card,delivered,959.4,95.94,20.12,0.0,0.0,863.46,484.5,378.96
ORD-000453,CUST-00188,2025-01-31 13:16:00,app,pix,returned,179.9,17.99,20.53,0.0,161.91,0.0,82.0,0
ORD-000454,CUST-00087,2025-05-01 20:47:00,marketplace,boleto,cancelled,1429.5,142.95,31.34,1286.55,0.0,0.0,845.0,0
ORD-000455,CUST-00183,2025-07-13 16:47:00,marketplace,pix,delivered,589.8,0.0,19.74,0.0,0.0,589.8,329.0,260.8
ORD-000456,CUST-00016,2025-08-06 10:30:00,app,pix,delivered,1774.0,88.7,12.24,0.0,0.0,1685.3,863.0,822.3
ORD-000457,CUST-00211,2025-03-25 10:32:00,marketplace,credit_card,delivered,824.6,41.23,31.23,0.0,0.0,783.37,428.0,355.37
ORD-000458,CUST-00192,2025-03-22 16:23:00,marketplace,pix,delivered,299.8,29.98,35.47,0.0,0.0,269.82,144.0,125.82
ORD-000459,CUST-00031,2025-07-10 12:23:00,app,pix,delivered,679.7,0.0,24.48,0.0,0.0,679.7,329.0,350.7
ORD-000460,CUST-00001,2025-03-04 16:22:00,marketplace,credit_card,delivered,1809.3,0.0,22.43,0.0,0.0,1809.3,935.0,874.3
ORD-000461,CUST-00195,2025-08-19 18:28:00,marketplace,pix,delivered,2099.1,314.87,19.66,0.0,0.0,1784.23,1098.0,686.23
ORD-000462,CUST-00182,2025-01-13 17:40:00,site,credit_card,returned,539.7,0.0,26.73,0.0,539.7,0.0,246.0,0
ORD-000463,CUST-00246,2025-10-19 16:12:00,site,credit_card,delivered,539.7,53.97,36.81,0.0,0.0,485.73,246.0,239.73
ORD-000464,CUST-00213,2025-12-28 17:28:00,site,boleto,delivered,1319.3,131.93,28.11,0.0,0.0,1187.37,637.0,550.37
ORD-000465,CUST-00024,2025-02-28 09:34:00,site,boleto,delivered,1339.4,0.0,14.22,0.0,0.0,1339.4,719.0,620.4
ORD-000466,CUST-00183,2025-01-30 12:24:00,marketplace,boleto,delivered,779.7,0.0,14.17,0.0,0.0,779.7,447.0,332.7
ORD-000467,CUST-00244,2025-02-28 12:03:00,app,boleto,delivered,399.9,20.0,26.49,0.0,0.0,379.9,238.0,141.9
ORD-000468,CUST-00142,2025-10-28 18:06:00,site,boleto,delivered,1139.6,113.96,29.45,0.0,0.0,1025.64,628.0,397.64
ORD-000469,CUST-00096,2025-10-04 10:50:00,app,pix,delivered,1189.4,118.94,38.48,0.0,0.0,1070.46,669.5,400.96
ORD-000470,CUST-00090,2025-11-20 11:37:00,app,boleto,cancelled,349.9,0.0,11.26,349.9,0.0,0.0,221.0,0
ORD-000471,CUST-00186,2025-10-12 12:56:00,site,boleto,delivered,1619.3,0.0,28.21,0.0,0.0,1619.3,870.0,749.3
ORD-000472,CUST-00118,2025-11-03 13:01:00,site,credit_card,returned,439.8,0.0,29.29,0.0,439.8,0.0,186.0,0
ORD-000473,CUST-00143,2025-12-23 19:31:00,marketplace,pix,delivered,44.9,4.49,12.33,0.0,0.0,40.41,17.0,23.41
ORD-000474,CUST-00249,2025-07-12 17:22:00,app,credit_card,delivered,299.8,0.0,35.07,0.0,0.0,299.8,144.0,155.8
ORD-000475,CUST-00191,2025-01-11 20:17:00,app,boleto,returned,659.7,98.95,20.63,0.0,560.75,0.0,279.0,0
ORD-000476,CUST-00248,2025-07-05 08:17:00,site,pix,delivered,379.5,56.92,31.11,0.0,0.0,322.57,159.5,163.07
ORD-000477,CUST-00044,2025-10-10 11:42:00,site,credit_card,returned,809.6,80.96,30.07,0.0,728.64,0.0,351.0,0
ORD-000478,CUST-00226,2025-09-25 19:50:00,marketplace,boleto,delivered,779.7,0.0,35.33,0.0,0.0,779.7,411.0,368.7
ORD-000479,CUST-00001,2025-08-07 18:43:00,app,pix,returned,2109.3,0.0,35.52,0.0,2109.3,0.0,1228.0,0
ORD-000480,CUST-00227,2025-04-25 08:17:00,app,credit_card,delivered,279.9,27.99,23.37,0.0,0.0,251.91,154.0,97.91
ORD-000481,CUST-00177,2025-08-05 09:58:00,site,boleto,delivered,1029.5,0.0,14.83,0.0,0.0,1029.5,510.0,519.5
ORD-000482,CUST-00064,2025-02-25 15:15:00,site,boleto,delivered,889.5,0.0,34.55,0.0,0.0,889.5,402.0,487.5
ORD-000483,CUST-00022,2025-02-01 08:24:00,marketplace,boleto,delivered,859.7,128.95,11.85,0.0,0.0,730.74,500.5,230.24
ORD-000484,CUST-00174,2025-01-29 16:03:00,marketplace,boleto,delivered,1119.2,55.96,21.95,0.0,0.0,1063.24,485.0,578.24
ORD-000485,CUST-00117,2025-09-22 13:37:00,marketplace,credit_card,delivered,219.9,0.0,12.98,0.0,0.0,219.9,93.0,126.9
ORD-000486,CUST-00091,2025-08-04 15:46:00,marketplace,pix,cancelled,579.7,28.98,15.48,550.71,0.0,0.0,298.5,0
ORD-000487,CUST-00080,2025-10-26 16:49:00,marketplace,credit_card,delivered,1799.1,0.0,23.99,0.0,0.0,1799.1,1009.5,789.6
ORD-000488,CUST-00109,2025-06-26 11:12:00,marketplace,boleto,returned,1639.2,0.0,33.46,0.0,1639.2,0.0,851.0,0
ORD-000489,CUST-00158,2025-06-03 14:21:00,site,boleto,delivered,399.9,0.0,23.53,0.0,0.0,399.9,238.0,161.9
ORD-000490,CUST-00160,2025-04-20 11:30:00,site,boleto,returned,829.4,0.0,34.12,0.0,829.4,0.0,407.0,0
ORD-000491,CUST-00113,2025-04-10 18:37:00,app,boleto,delivered,449.8,0.0,39.16,0.0,0.0,449.8,264.0,185.8
ORD-000492,CUST-00046,2025-04-11 08:11:00,site,pix,delivered,639.7,0.0,10.53,0.0,0.0,639.7,318.0,321.7
ORD-000493,CUST-00208,2025-07-10 18:10:00,site,credit_card,cancelled,149.9,14.99,36.35,134.91,0.0,0.0,72.0,0
ORD-000494,CUST-00178,2025-07-11 13:38:00,site,boleto,delivered,659.7,98.95,17.24,0.0,0.0,560.75,279.0,281.75
ORD-000495,CUST-00064,2025-01-28 18:50:00,marketplace,pix,delivered,1889.1,0.0,35.45,0.0,0.0,1889.1,981.0,908.1
ORD-000496,CUST-00046,2025-06-14 19:23:00,site,credit_card,cancelled,3189.0,478.35,24.4,2710.65,0.0,0.0,1810.0,0
ORD-000497,CUST-00221,2025-05-01 14:13:00,site,credit_card,delivered,919.6,45.98,36.56,0.0,0.0,873.62,494.0,379.62
ORD-000498,CUST-00059,2025-10-26 08:29:00,site,credit_card,cancelled,2099.2,209.92,19.99,1889.28,0.0,0.0,1130.0,0
ORD-000499,CUST-00068,2025-11-27 09:22:00,site,credit_card,delivered,349.9,0.0,35.18,0.0,0.0,349.9,221.0,128.9
ORD-000500,CUST-00140,2025-04-13 13:12:00,app,credit_card,returned,1649.1,0.0,17.4,0.0,1649.1,0.0,762.0,0
ORD-000501,CUST-00201,2025-07-26 14:52:00,marketplace,credit_card,cancelled,579.6,86.94,10.26,492.66,0.0,0.0,283.0,0
ORD-000502,CUST-00133,2025-10-28 20:35:00,site,pix,delivered,1069.3,160.4,34.33,0.0,0.0,908.9,503.0,405.9
ORD-000503,CUST-00096,2025-03-13 17:55:00,app,pix,delivered,1199.7,0.0,38.2,0.0,0.0,1199.7,714.0,485.7
ORD-000504,CUST-00176,2025-07-26 20:49:00,site,credit_card,returned,219.9,21.99,18.89,0.0,197.91,0.0,93.0,0
ORD-000505,CUST-00098,2025-04-15 14:04:00,app,boleto,cancelled,569.7,28.49,15.55,541.22,0.0,0.0,273.0,0
ORD-000506,CUST-00044,2025-02-23 18:35:00,app,boleto,delivered,829.4,0.0,34.69,0.0,0.0,829.4,400.0,429.4
ORD-000507,CUST-00015,2025-07-08 16:00:00,site,pix,delivered,2139.0,0.0,35.69,0.0,0.0,2139.0,1088.0,1051.0
ORD-000508,CUST-00080,2025-08-10 19:42:00,app,credit_card,delivered,1049.2,0.0,28.01,0.0,0.0,1049.2,442.0,607.2
ORD-000509,CUST-00017,2025-07-24 17:51:00,app,pix,delivered,2079.1,207.91,19.77,0.0,0.0,1871.19,1110.5,760.69
ORD-000510,CUST-00157,2025-03-31 14:15:00,site,pix,delivered,1479.3,147.93,31.9,0.0,0.0,1331.37,744.0,587.37
ORD-000511,CUST-00171,2025-02-04 19:46:00,app,credit_card,returned,1234.2,0.0,37.16,0.0,1234.2,0.0,579.0,0
ORD-000512,CUST-00119,2025-01-14 09:40:00,marketplace,credit_card,returned,849.5,127.42,32.39,0.0,722.07,0.0,413.0,0
ORD-000513,CUST-00119,2025-02-04 09:35:00,site,pix,returned,1939.4,0.0,31.31,0.0,1939.4,0.0,1156.0,0
ORD-000514,CUST-00044,2025-02-09 18:48:00,marketplace,credit_card,delivered,1479.1,221.86,18.1,0.0,0.0,1257.24,719.0,538.24
ORD-000515,CUST-00100,2025-12-20 12:28:00,site,credit_card,delivered,909.5,90.95,10.04,0.0,0.0,818.55,435.0,383.55
ORD-000516,CUST-00057,2025-02-19 20:53:00,site,pix,returned,839.7,0.0,31.62,0.0,839.7,0.0,462.0,0
ORD-000517,CUST-00160,2025-04-17 16:25:00,site,credit_card,delivered,379.8,0.0,16.87,0.0,0.0,379.8,182.0,197.8
ORD-000518,CUST-00100,2025-04-19 15:14:00,app,credit_card,delivered,719.3,107.9,34.35,0.0,0.0,611.41,322.0,289.41
ORD-000519,CUST-00065,2025-02-18 17:20:00,app,boleto,returned,1259.4,188.91,21.56,0.0,1070.49,0.0,627.0,0
ORD-000520,CUST-00005,2025-11-08 17:28:00,site,credit_card,delivered,354.6,35.46,29.12,0.0,0.0,319.14,144.0,175.14
ORD-000521,CUST-00061,2025-08-08 20:15:00,marketplace,credit_card,cancelled,1199.6,0.0,11.7,1199.6,0.0,0.0,723.0,0
ORD-000522,CUST-00190,2025-06-18 10:17:00,marketplace,pix,delivered,89.8,13.47,33.51,0.0,0.0,76.33,34.0,42.33
ORD-000523,CUST-00088,2025-05-05 11:34:00,site,pix,delivered,1219.5,182.92,39.55,0.0,0.0,1036.58,587.0,449.58
ORD-000524,CUST-00223,2025-09-09 09:12:00,marketplace,credit_card,delivered,679.6,101.94,39.66,0.0,0.0,577.66,334.0,243.66
ORD-000525,CUST-00110,2025-08-28 12:10:00,marketplace,pix,returned,639.6,0.0,17.25,0.0,639.6,0.0,272.0,0
ORD-000526,CUST-00221,2025-09-04 09:23:00,app,credit_card,delivered,1109.4,55.47,14.93,0.0,0.0,1053.93,555.0,498.93
ORD-000527,CUST-00142,2025-03-31 12:24:00,site,credit_card,delivered,1809.2,0.0,23.51,0.0,0.0,1809.2,985.0,824.2
ORD-000528,CUST-00221,2025-09-14 19:46:00,app,credit_card,delivered,2309.1,115.46,22.04,0.0,0.0,2193.64,1230.0,963.64
ORD-000529,CUST-00050,2025-08-12 12:49:00,app,credit_card,returned,1269.3,0.0,25.19,0.0,1269.3,0.0,615.5,0
ORD-000530,CUST-00067,2025-11-06 15:43:00,marketplace,pix,delivered,509.6,0.0,17.32,0.0,0.0,509.6,240.5,269.1
ORD-000531,CUST-00133,2025-04-07 14:10:00,site,pix,delivered,2409.1,0.0,30.66,0.0,0.0,2409.1,1362.0,1047.1
ORD-000532,CUST-00179,2025-06-07 08:10:00,marketplace,credit_card,delivered,1204.5,0.0,12.81,0.0,0.0,1204.5,695.0,509.5
ORD-000533,CUST-00129,2025-02-26 15:36:00,marketplace,boleto,delivered,899.6,0.0,15.93,0.0,0.0,899.6,528.0,371.6
ORD-000534,CUST-00076,2025-02-13 14:07:00,site,credit_card,delivered,1459.6,0.0,20.16,0.0,0.0,1459.6,851.0,608.6
ORD-000535,CUST-00025,2025-04-19 16:50:00,app,boleto,delivered,2099.3,104.97,27.99,0.0,0.0,1994.33,1170.0,824.33
ORD-000536,CUST-00241,2025-07-04 18:25:00,marketplace,credit_card,delivered,949.3,94.93,11.62,0.0,0.0,854.37,447.0,407.37
ORD-000537,CUST-00223,2025-09-29 12:44:00,app,credit_card,delivered,974.1,0.0,23.46,0.0,0.0,974.1,475.5,498.6
ORD-000538,CUST-00060,2025-11-07 15:25:00,marketplace,credit_card,returned,1939.3,193.93,33.72,0.0,1745.37,0.0,1082.0,0
ORD-000539,CUST-00033,2025-09-12 20:05:00,site,credit_card,delivered,2219.2,332.88,39.79,0.0,0.0,1886.32,1222.0,664.32
ORD-000540,CUST-00112,2025-01-15 10:59:00,marketplace,credit_card,delivered,1479.5,73.97,32.89,0.0,0.0,1405.53,853.0,552.53
ORD-000541,CUST-00024,2025-12-21 13:55:00,app,boleto,delivered,359.8,35.98,32.89,0.0,0.0,323.82,164.0,159.82
ORD-000542,CUST-00207,2025-04-30 11:16:00,marketplace,credit_card,delivered,569.7,0.0,12.53,0.0,0.0,569.7,273.0,296.7
ORD-000543,CUST-00033,2025-06-10 14:36:00,marketplace,credit_card,returned,1079.6,0.0,19.22,0.0,1079.6,0.0,582.0,0
ORD-000544,CUST-00028,2025-07-22 08:34:00,site,boleto,delivered,1659.4,0.0,14.24,0.0,0.0,1659.4,921.0,738.4
ORD-000545,CUST-00080,2025-09-15 19:07:00,site,pix,delivered,1899.5,284.92,27.12,0.0,0.0,1614.57,1156.0,458.57
ORD-000546,CUST-00180,2025-01-27 20:11:00,app,boleto,delivered,209.6,31.44,21.65,0.0,0.0,178.16,83.0,95.16
ORD-000547,CUST-00101,2025-02-06 16:46:00,site,pix,delivered,564.7,0.0,30.79,0.0,0.0,564.7,291.0,273.7
ORD-000548,CUST-00118,2025-12-02 10:36:00,marketplace,credit_card,delivered,1329.3,66.47,30.78,0.0,0.0,1262.84,643.0,619.84
ORD-000549,CUST-00174,2025-03-17 14:27:00,site,credit_card,returned,379.8,0.0,37.68,0.0,379.8,0.0,182.0,0
ORD-000550,CUST-00152,2025-08-11 10:40:00,app,pix,returned,199.8,9.99,17.25,0.0,189.81,0.0,86.0,0
ORD-000551,CUST-00168,2025-07-12 20:44:00,site,credit_card,returned,1389.5,208.42,12.59,0.0,1181.08,0.0,777.0,0
ORD-000552,CUST-00006,2025-10-28 17:36:00,app,pix,delivered,219.9,0.0,30.71,0.0,0.0,219.9,93.0,126.9
ORD-000553,CUST-00147,2025-03-06 09:20:00,marketplace,boleto,delivered,739.5,110.92,37.17,0.0,0.0,628.58,381.5,247.08
ORD-000554,CUST-00193,2025-04-17 18:57:00,site,credit_card,delivered,209.6,0.0,35.76,0.0,0.0,209.6,83.0,126.6
ORD-000555,CUST-00168,2025-03-24 09:35:00,app,boleto,delivered,89.8,0.0,12.44,0.0,0.0,89.8,34.0,55.8
ORD-000556,CUST-00064,2025-06-03 08:33:00,marketplace,pix,delivered,1459.5,218.92,25.92,0.0,0.0,1240.58,755.0,485.58
ORD-000557,CUST-00177,2025-02-20 18:52:00,marketplace,credit_card,delivered,649.6,0.0,11.0,0.0,0.0,649.6,350.0,299.6
ORD-000558,CUST-00033,2025-11-15 14:04:00,marketplace,pix,cancelled,1079.7,0.0,17.72,1079.7,0.0,0.0,630.0,0
ORD-000559,CUST-00138,2025-04-15 09:40:00,marketplace,boleto,returned,1349.4,0.0,39.76,0.0,1349.4,0.0,684.0,0
ORD-000560,CUST-00211,2025-03-20 13:50:00,site,boleto,delivered,1199.6,59.98,10.68,0.0,0.0,1139.62,735.0,404.62
ORD-000561,CUST-00085,2025-11-24 09:23:00,site,pix,delivered,469.7,0.0,14.29,0.0,0.0,469.7,270.0,199.7
ORD-000562,CUST-00135,2025-06-06 17:52:00,app,pix,delivered,614.7,0.0,25.77,0.0,0.0,614.7,331.0,283.7
ORD-000563,CUST-00123,2025-10-31 10:16:00,marketplace,boleto,delivered,639.7,95.95,25.31,0.0,0.0,543.75,318.0,225.75
ORD-000564,CUST-00182,2025-05-08 18:38:00,site,pix,delivered,2364.0,354.6,23.63,0.0,0.0,2009.4,1372.0,637.4
ORD-000565,CUST-00105,2025-06-10 09:40:00,site,credit_card,delivered,689.7,0.0,31.8,0.0,0.0,689.7,354.0,335.7
ORD-000566,CUST-00207,2025-01-06 14:43:00,marketplace,credit_card,cancelled,1199.3,179.89,13.99,1019.4,0.0,0.0,599.0,0
ORD-000567,CUST-00180,2025-10-01 19:22:00,site,boleto,delivered,439.8,65.97,29.74,0.0,0.0,373.83,186.0,187.83
ORD-000568,CUST-00020,2025-07-07 10:32:00,app,pix,delivered,1509.2,0.0,22.58,0.0,0.0,1509.2,743.0,766.2
ORD-000569,CUST-00055,2025-01-02 19:40:00,site,pix,cancelled,614.3,30.72,16.42,583.58,0.0,0.0,264.0,0
ORD-000570,CUST-00085,2025-06-02 13:06:00,app,pix,delivered,469.8,0.0,36.61,0.0,0.0,469.8,245.0,224.8
ORD-000571,CUST-00106,2025-03-05 15:00:00,site,pix,delivered,2159.2,323.88,17.4,0.0,0.0,1835.32,1226.0,609.32
ORD-000572,CUST-00036,2025-07-01 19:27:00,site,pix,delivered,399.7,0.0,36.41,0.0,0.0,399.7,187.0,212.7
ORD-000573,CUST-00042,2025-12-08 11:30:00,app,credit_card,returned,2548.9,0.0,13.46,0.0,2548.9,0.0,1375.0,0
ORD-000574,CUST-00033,2025-03-21 13:32:00,app,pix,delivered,1119.4,167.91,17.0,0.0,0.0,951.49,543.0,408.49
ORD-000575,CUST-00159,2025-03-20 19:32:00,site,boleto,delivered,1049.7,0.0,18.33,0.0,0.0,1049.7,663.0,386.7
ORD-000576,CUST-00181,2025-02-22 19:46:00,site,pix,cancelled,399.7,39.97,15.34,359.73,0.0,0.0,187.0,0
ORD-000577,CUST-00110,2025-01-10 17:12:00,app,credit_card,delivered,819.5,0.0,21.31,0.0,0.0,819.5,387.0,432.5
ORD-000578,CUST-00078,2025-02-26 12:23:00,site,credit_card,delivered,249.8,0.0,31.25,0.0,0.0,249.8,115.5,134.3
ORD-000579,CUST-00074,2025-08-30 12:58:00,marketplace,credit_card,cancelled,1169.6,0.0,22.83,1169.6,0.0,0.0,649.0,0
ORD-000580,CUST-00085,2025-07-04 19:51:00,site,credit_card,delivered,1339.4,200.91,33.26,0.0,0.0,1138.49,731.0,407.49
ORD-000581,CUST-00011,2025-10-28 18:52:00,marketplace,pix,delivered,449.7,0.0,31.04,0.0,0.0,449.7,216.0,233.7
ORD-000582,CUST-00137,2025-03-20 08:08:00,site,pix,delivered,1199.2,59.96,26.41,0.0,0.0,1139.24,553.0,586.24
ORD-000583,CUST-00135,2025-09-15 20:01:00,marketplace,credit_card,delivered,1109.6,110.96,18.12,0.0,0.0,998.64,687.5,311.14
ORD-000584,CUST-00176,2025-09-30 16:04:00,marketplace,credit_card,delivered,854.6,42.73,32.42,0.0,0.0,811.87,474.0,337.87
ORD-000585,CUST-00129,2025-12-29 19:33:00,site,boleto,delivered,654.7,0.0,35.47,0.0,0.0,654.7,375.0,279.7
ORD-000586,CUST-00164,2025-03-17 12:59:00,site,boleto,delivered,179.9,0.0,36.1,0.0,0.0,179.9,82.0,97.9
ORD-000587,CUST-00162,2025-11-06 13:20:00,site,boleto,delivered,1799.3,269.89,36.42,0.0,0.0,1529.4,955.0,574.4
ORD-000588,CUST-00188,2025-05-24 10:16:00,marketplace,pix,delivered,779.7,77.97,29.62,0.0,0.0,701.73,411.0,290.73
ORD-000589,CUST-00210,2025-08-15 11:20:00,app,credit_card,delivered,1339.4,0.0,27.35,0.0,0.0,1339.4,714.0,625.4
ORD-000590,CUST-00049,2025-10-19 15:46:00,site,credit_card,delivered,1749.3,262.39,18.36,0.0,0.0,1486.91,919.0,567.91
ORD-000591,CUST-00117,2025-11-27 14:06:00,app,pix,returned,219.9,21.99,14.02,0.0,197.91,0.0,93.0,0
ORD-000592,CUST-00196,2025-11-26 08:08:00,marketplace,boleto,delivered,59.9,0.0,17.93,0.0,0.0,59.9,24.5,35.4
ORD-000593,CUST-00036,2025-09-03 20:36:00,site,credit_card,delivered,1203.9,0.0,19.12,0.0,0.0,1203.9,564.5,639.4
ORD-000594,CUST-00027,2025-09-19 14:09:00,marketplace,credit_card,delivered,2399.1,0.0,10.62,0.0,0.0,2399.1,1353.0,1046.1
ORD-000595,CUST-00058,2025-02-22 12:22:00,marketplace,pix,delivered,649.6,64.96,19.91,0.0,0.0,584.64,282.5,302.14
ORD-000596,CUST-00039,2025-12-08 18:19:00,marketplace,pix,cancelled,699.8,0.0,20.35,699.8,0.0,0.0,442.0,0
ORD-000597,CUST-00202,2025-01-02 10:49:00,site,credit_card,returned,2609.0,0.0,19.51,0.0,2609.0,0.0,1390.0,0
ORD-000598,CUST-00197,2025-07-17 13:20:00,marketplace,pix,delivered,1679.2,83.96,24.34,0.0,0.0,1595.24,779.0,816.24
ORD-000599,CUST-00137,2025-10-02 11:24:00,site,credit_card,delivered,559.7,55.97,31.35,0.0,0.0,503.73,281.0,222.73
ORD-000600,CUST-00246,2025-03-10 09:03:00,app,credit_card,delivered,1549.6,0.0,35.36,0.0,0.0,1549.6,935.0,614.6
