order_item_id,order_id,product_id,quantity,unit_price,unit_cost,gross_revenue,discount_amount,cost_amount
ORD-000001-01,ORD-000001,PROD-0004,2,99.9,43.0,199.8,0.0,86.0
ORD-000001-02,ORD-000001,PROD-0002,1,149.9,72.0,149.9,0.0,72.0
ORD-000001-03,ORD-000001,PROD-0006,2,189.9,91.0,379.8,0.0,182.0
ORD-000001-04,ORD-000001,PROD-0009,3,44.9,17.0,134.7,0.0,51.0
ORD-000002-01,ORD-000002,PROD-0006,1,189.9,91.0,189.9,0.0,91.0
ORD-000002-02,ORD-000002,PROD-0012,1,259.9,137.0,259.9,0.0,137.0
ORD-000002-03,ORD-000002,PROD-0001,3,59.9,24.5,179.7,0.0,73.5
ORD-000003-01,ORD-000003,PROD-0005,3,349.9,221.0,1049.7,52.48,663.0
ORD-000003-02,ORD-000003,PROD-0006,1,189.9,91.0,189.9,9.5,91.0
ORD-000003-03,ORD-000003,PROD-0010,1,219.9,93.0,219.9,11.0,93.0
ORD-000004-01,ORD-000004,PROD-0004,2,99.9,43.0,199.8,19.98,86.0
ORD-000004-02,ORD-000004,PROD-0009,2,44.9,17.0,89.8,8.98,34.0
ORD-000004-03,ORD-000004,PROD-0002,1,149.9,72.0,149.9,14.99,72.0
ORD-000005-01,ORD-000005,PROD-0001,1,59.9,24.5,59.9,3.0,24.5
ORD-000006-01,ORD-000006,PROD-0009,3,44.9,17.0,134.7,6.73,51.0
ORD-000006-02,ORD-000006,PROD-0004,2,99.9,43.0,199.8,9.99,86.0
ORD-000006-03,ORD-000006,PROD-0012,1,259.9,137.0,259.9,12.99,137.0
ORD-000006-04,ORD-000006,PROD-0010,2,219.9,93.0,439.8,21.99,186.0
ORD-000007-01,ORD-000007,PROD-0005,2,349.9,221.0,699.8,69.98,442.0
ORD-000007-02,ORD-000007,PROD-0002,1,149.9,72.0,149.9,14.99,72.0
ORD-000007-03,ORD-000007,PROD-0007,3,279.9,154.0,839.7,83.97,462.0
ORD-000007-04,ORD-000007,PROD-0001,2,59.9,24.5,119.8,11.98,49.0
ORD-000008-01,ORD-000008,PROD-0012,2,259.9,137.0,519.8,0.0,274.0
ORD-000008-02,ORD-000008,PROD-0006,1,189.9,91.0,189.9,0.0,91.0
ORD-000008-03,ORD-000008,PROD-0004,1,99.9,43.0,99.9,0.0,43.0
ORD-000009-01,ORD-000009,PROD-0005,1,349.9,221.0,349.9,0.0,221.0
ORD-000009-02,ORD-000009,PROD-0004,3,99.9,43.0,299.7,0.0,129.0
ORD-000010-01,ORD-000010,PROD-0011,2,179.9,82.0,359.8,53.97,164.0
ORD-000010-02,ORD-000010,PROD-0006,1,189.9,91.0,189.9,28.48,91.0
ORD-000010-03,ORD-000010,PROD-0003,2,229.9,118.0,459.8,68.97,236.0
ORD-000011-01,ORD-000011,PROD-0005,3,349.9,221.0,1049.7,52.48,663.0
ORD-000011-02,ORD-000011,PROD-0002,3,149.9,72.0,449.7,22.49,216.0
ORD-000011-03,ORD-000011,PROD-0011,3,179.9,82.0,539.7,26.99,246.0
ORD-000012-01,ORD-000012,PROD-0001,1,59.9,24.5,59.9,5.99,24.5
ORD-000012-02,ORD-000012,PROD-0008,2,399.9,238.0,799.8,79.98,476.0
ORD-000013-01,ORD-000013,PROD-0006,2,189.9,91.0,379.8,37.98,182.0
ORD-000013-02,ORD-000013,PROD-0005,2,349.9,221.0,699.8,69.98,442.0
ORD-000013-03,ORD-000013,PROD-0007,3,279.9,154.0,839.7,83.97,462.0
ORD-000014-01,ORD-000014,PROD-0006,3,189.9,91.0,569.7,28.49,273.0
ORD-000014-02,ORD-000014,PROD-0002,3,149.9,72.0,449.7,22.49,216.0
ORD-000015-01,ORD-000015,PROD-0003,1,229.9,118.0,229.9,11.5,118.0
ORD-000015-02,ORD-000015,PROD-0011,3,179.9,82.0,539.7,26.99,246.0
ORD-000015-03,ORD-000015,PROD-0009,3,44.9,17.0,134.7,6.73,51.0
ORD-000016-01,ORD-000016,PROD-0003,2,229.9,118.0,459.8,22.99,236.0
ORD-000016-02,ORD-000016,PROD-0002,1,149.9,72.0,149.9,7.5,72.0
ORD-000017-01,ORD-000017,PROD-0003,1,229.9,118.0,229.9,22.99,118.0
ORD-000017-02,ORD-000017,PROD-0010,3,219.9,93.0,659.7,65.97,279.0
ORD-000018-01,ORD-000018,PROD-0005,1,349.9,221.0,349.9,17.5,221.0
ORD-000018-02,ORD-000018,PROD-0008,2,399.9,238.0,799.8,39.99,476.0
ORD-000019-01,ORD-000019,PROD-0005,3,349.9,221.0,1049.7,0.0,663.0
ORD-000019-02,ORD-000019,PROD-0001,2,59.9,24.5,119.8,0.0,49.0
ORD-000020-01,ORD-000020,PROD-0007,1,279.9,154.0,279.9,13.99,154.0
ORD-000020-02,ORD-000020,PROD-0002,2,149.9,72.0,299.8,14.99,144.0
ORD-000021-01,ORD-000021,PROD-0002,1,149.9,72.0,149.9,0.0,72.0
ORD-000021-02,ORD-000021,PROD-0011,1,179.9,82.0,179.9,0.0,82.0
ORD-000021-03,ORD-000021,PROD-0006,1,189.9,91.0,189.9,0.0,91.0
ORD-000022-01,ORD-000022,PROD-0009,3,44.9,17.0,134.7,0.0,51.0
ORD-000022-02,ORD-000022,PROD-0010,2,219.9,93.0,439.8,0.0,186.0
ORD-000023-01,ORD-000023,PROD-0010,3,219.9,93.0,659.7,32.99,279.0
ORD-000023-02,ORD-000023,PROD-0009,1,44.9,17.0,44.9,2.25,17.0
ORD-000023-03,ORD-000023,PROD-0001,3,59.9,24.5,179.7,8.98,73.5
ORD-000023-04,ORD-000023,PROD-0011,1,179.9,82.0,179.9,9.0,82.0
ORD-000024-01,ORD-000024,PROD-0002,3,149.9,72.0,449.7,67.45,216.0
ORD-000024-02,ORD-000024,PROD-0009,3,44.9,17.0,134.7,20.2,51.0
ORD-000024-03,ORD-000024,PROD-0011,3,179.9,82.0,539.7,80.95,246.0
ORD-000025-01,ORD-000025,PROD-0010,3,219.9,93.0,659.7,0.0,279.0
ORD-000026-01,ORD-000026,PROD-0011,3,179.9,82.0,539.7,26.99,246.0
ORD-000026-02,ORD-000026,PROD-0003,2,229.9,118.0,459.8,22.99,236.0
ORD-000026-03,ORD-000026,PROD-0012,1,259.9,137.0,259.9,12.99,137.0
ORD-000026-04,ORD-000026,PROD-0002,2,149.9,72.0,299.8,14.99,144.0
ORD-000027-01,ORD-000027,PROD-0005,1,349.9,221.0,349.9,17.5,221.0
ORD-000027-02,ORD-000027,PROD-0006,3,189.9,91.0,569.7,28.49,273.0
ORD-000028-01,ORD-000028,PROD-0012,2,259.9,137.0,519.8,0.0,274.0
ORD-000028-02,ORD-000028,PROD-0008,1,399.9,238.0,399.9,0.0,238.0
ORD-000028-03,ORD-000028,PROD-0006,3,189.9,91.0,569.7,0.0,273.0
ORD-000028-04,ORD-000028,PROD-0009,2,44.9,17.0,89.8,0.0,34.0
ORD-000029-01,ORD-000029,PROD-0003,1,229.9,118.0,229.9,0.0,118.0
ORD-000029-02,ORD-000029,PROD-0008,3,399.9,238.0,1199.7,0.0,714.0
ORD-000029-03,ORD-000029,PROD-0006,2,189.9,91.0,379.8,0.0,182.0
ORD-000029-04,ORD-000029,PROD-0011,3,179.9,82.0,539.7,0.0,246.0
ORD-000030-01,ORD-000030,PROD-0003,3,229.9,118.0,689.7,103.45,354.0
ORD-000031-01,ORD-000031,PROD-0010,1,219.9,93.0,219.9,0.0,93.0
ORD-000032-01,ORD-000032,PROD-0004,3,99.9,43.0,299.7,0.0,129.0
ORD-000032-02,ORD-000032,PROD-0002,1,149.9,72.0,149.9,0.0,72.0
ORD-000032-03,ORD-000032,PROD-0001,2,59.9,24.5,119.8,0.0,49.0
ORD-000033-01,ORD-000033,PROD-0004,2,99.9,43.0,199.8,19.98,86.0
ORD-000033-02,ORD-000033,PROD-0002,1,149.9,72.0,149.9,14.99,72.0
ORD-000033-03,ORD-000033,PROD-0003,3,229.9,118.0,689.7,68.97,354.0
ORD-000033-04,ORD-000033,PROD-0011,2,179.9,82.0,359.8,35.98,164.0
ORD-000034-01,ORD-000034,PROD-0006,1,189.9,91.0,189.9,0.0,91.0
ORD-000034-02,ORD-000034,PROD-0009,1,44.9,17.0,44.9,0.0,17.0
ORD-000035-01,ORD-000035,PROD-0002,2,149.9,72.0,299.8,29.98,144.0
ORD-000036-01,ORD-000036,PROD-0008,1,399.9,238.0,399.9,0.0,238.0
ORD-000036-02,ORD-000036,PROD-0011,3,179.9,82.0,539.7,0.0,246.0
ORD-000036-03,ORD-000036,PROD-0009,3,44.9,17.0,134.7,0.0,51.0
ORD-000036-04,ORD-000036,PROD-0006,3,189.9,91.0,569.7,0.0,273.0
ORD-000037-01,ORD-000037,PROD-0006,2,189.9,91.0,379.8,0.0,182.0
ORD-000037-02,ORD-000037,PROD-0009,1,44.9,17.0,44.9,0.0,17.0
ORD-000038-01,ORD-000038,PROD-0010,1,219.9,93.0,219.9,0.0,93.0
ORD-000038-02,ORD-000038,PROD-0012,1,259.9,137.0,259.9,0.0,137.0
ORD-000039-01,ORD-000039,PROD-0011,2,179.9,82.0,359.8,0.0,164.0
ORD-000039-02,ORD-000039,PROD-0004,3,99.9,43.0,299.7,0.0,129.0
ORD-000039-03,ORD-000039,PROD-0010,3,219.9,93.0,659.7,0.0,279.0
ORD-000040-01,ORD-000040,PROD-0012,1,259.9,137.0,259.9,12.99,137.0
ORD-000041-01,ORD-000041,PROD-0007,3,279.9,154.0,839.7,125.95,462.0
ORD-000041-02,ORD-000041,PROD-0003,3,229.9,118.0,689.7,103.45,354.0
ORD-000041-03,ORD-000041,PROD-0006,1,189.9,91.0,189.9,28.48,91.0
ORD-000042-01,ORD-000042,PROD-0004,1,99.9,43.0,99.9,0.0,43.0
ORD-000042-02,ORD-000042,PROD-0003,1,229.9,118.0,229.9,0.0,118.0
ORD-000042-03,ORD-000042,PROD-0006,2,189.9,91.0,379.8,0.0,182.0
ORD-000042-04,ORD-000042,PROD-0010,3,219.9,93.0,659.7,0.0,279.0
ORD-000043-01,ORD-000043,PROD-0001,2,59.9,24.5,119.8,0.0,49.0
ORD-000044-01,ORD-000044,PROD-0006,3,189.9,91.0,569.7,0.0,273.0
ORD-000044-02,ORD-000044,PROD-0001,3,59.9,24.5,179.7,0.0,73.5
ORD-000044-03,ORD-000044,PROD-0007,1,279.9,154.0,279.9,0.0,154.0
ORD-000044-04,ORD-000044,PROD-0011,2,179.9,82.0,359.8,0.0,164.0
ORD-000045-01,ORD-000045,PROD-0002,2,149.9,72.0,299.8,44.97,144.0
ORD-000045-02,ORD-000045,PROD-0007,2,279.9,154.0,559.8,83.97,308.0
ORD-000046-01,ORD-000046,PROD-0008,1,399.9,238.0,399.9,0.0,238.0
ORD-000046-02,ORD-000046,PROD-0009,3,44.9,17.0,134.7,0.0,51.0
ORD-000046-03,ORD-000046,PROD-0012,3,259.9,137.0,779.7,0.0,411.0
ORD-000047-01,ORD-000047,PROD-0012,1,259.9,137.0,259.9,25.99,137.0
ORD-000047-02,ORD-000047,PROD-0010,2,219.9,93.0,439.8,43.98,186.0
ORD-000047-03,ORD-000047,PROD-0005,2,349.9,221.0,699.8,69.98,442.0
ORD-000047-04,ORD-000047,PROD-0008,3,399.9,238.0,1199.7,119.97,714.0
ORD-000048-01,ORD-000048,PROD-0010,2,219.9,93.0,439.8,43.98,186.0
ORD-000049-01,ORD-000049,PROD-0008,2,399.9,238.0,799.8,119.97,476.0
ORD-000050-01,ORD-000050,PROD-0009,3,44.9,17.0,134.7,20.2,51.0
ORD-000050-02,ORD-000050,PROD-0004,2,99.9,43.0,199.8,29.97,86.0
ORD-000051-01,ORD-000051,PROD-0010,1,219.9,93.0,219.9,0.0,93.0
ORD-000051-02,ORD-000051,PROD-0008,2,399.9,238.0,799.8,0.0,476.0
ORD-000051-03,ORD-000051,PROD-0004,3,99.9,43.0,299.7,0.0,129.0
ORD-000052-01,ORD-000052,PROD-0005,3,349.9,221.0,1049.7,0.0,663.0
ORD-000052-02,ORD-000052,PROD-0002,3,149.9,72.0,449.7,0.0,216.0
ORD-000052-03,ORD-000052,PROD-0010,2,219.9,93.0,439.8,0.0,186.0
ORD-000053-01,ORD-000053,PROD-0004,3,99.9,43.0,299.7,44.96,129.0
ORD-000053-02,ORD-000053,PROD-0012,3,259.9,137.0,779.7,116.95,411.0
ORD-000053-03,ORD-000053,PROD-0009,2,44.9,17.0,89.8,13.47,34.0
ORD-000053-04,ORD-000053,PROD-0005,1,349.9,221.0,349.9,52.48,221.0
ORD-000054-01,ORD-000054,PROD-0002,2,149.9,72.0,299.8,0.0,144.0
ORD-000055-01,ORD-000055,PROD-0008,2,399.9,238.0,799.8,39.99,476.0
ORD-000055-02,ORD-000055,PROD-0011,2,179.9,82.0,359.8,17.99,164.0
ORD-000055-03,ORD-000055,PROD-0004,3,99.9,43.0,299.7,14.99,129.0
ORD-000055-04,ORD-000055,PROD-0005,1,349.9,221.0,349.9,17.5,221.0
ORD-000056-01,ORD-000056,PROD-0008,1,399.9,238.0,399.9,0.0,238.0
ORD-000056-02,ORD-000056,PROD-0003,2,229.9,118.0,459.8,0.0,236.0
ORD-000056-03,ORD-000056,PROD-0005,3,349.9,221.0,1049.7,0.0,663.0
ORD-000056-04,ORD-000056,PROD-0001,3,59.9,24.5,179.7,0.0,73.5
ORD-000057-01,ORD-000057,PROD-0003,3,229.9,118.0,689.7,0.0,354.0
ORD-000057-02,ORD-000057,PROD-0008,1,399.9,238.0,399.9,0.0,238.0
ORD-000057-03,ORD-000057,PROD-0005,1,349.9,221.0,349.9,0.0,221.0
ORD-000058-01,ORD-000058,PROD-0007,3,279.9,154.0,839.7,41.98,462.0
ORD-000059-01,ORD-000059,PROD-0006,3,189.9,91.0,569.7,0.0,273.0
ORD-000059-02,ORD-000059,PROD-0005,3,349.9,221.0,1049.7,0.0,663.0
ORD-000059-03,ORD-000059,PROD-0010,1,219.9,93.0,219.9,0.0,93.0
ORD-000060-01,ORD-000060,PROD-0012,2,259.9,137.0,519.8,25.99,274.0
ORD-000060-02,ORD-000060,PROD-0002,3,149.9,72.0,449.7,22.49,216.0
ORD-000060-03,ORD-000060,PROD-0005,1,349.9,221.0,349.9,17.5,221.0
ORD-000061-01,ORD-000061,PROD-0004,3,99.9,43.0,299.7,29.97,129.0
ORD-000061-02,ORD-000061,PROD-0011,1,179.9,82.0,179.9,17.99,82.0
ORD-000062-01,ORD-000062,PROD-0003,3,229.9,118.0,689.7,68.97,354.0
ORD-000062-02,ORD-000062,PROD-0006,2,189.9,91.0,379.8,37.98,182.0
ORD-000063-01,ORD-000063,PROD-0008,2,399.9,238.0,799.8,39.99,476.0
ORD-000063-02,ORD-000063,PROD-0010,3,219.9,93.0,659.7,32.99,279.0
ORD-000063-03,ORD-000063,PROD-0001,2,59.9,24.5,119.8,5.99,49.0
ORD-000063-04,ORD-000063,PROD-0009,3,44.9,17.0,134.7,6.73,51.0
ORD-000064-01,ORD-000064,PROD-0002,2,149.9,72.0,299.8,44.97,144.0
ORD-000065-01,ORD-000065,PROD-0008,3,399.9,238.0,1199.7,0.0,714.0
ORD-000065-02,ORD-000065,PROD-0007,3,279.9,154.0,839.7,0.0,462.0
ORD-000065-03,ORD-000065,PROD-0011,3,179.9,82.0,539.7,0.0,246.0
ORD-000065-04,ORD-000065,PROD-0002,1,149.9,72.0,149.9,0.0,72.0
ORD-000066-01,ORD-000066,PROD-0011,2,179.9,82.0,359.8,0.0,164.0
ORD-000066-02,ORD-000066,PROD-0009,1,44.9,17.0,44.9,0.0,17.0
ORD-000066-03,ORD-000066,PROD-0007,1,279.9,154.0,279.9,0.0,154.0
ORD-000066-04,ORD-000066,PROD-0012,2,259.9,137.0,519.8,0.0,274.0
ORD-000067-01,ORD-000067,PROD-0010,1,219.9,93.0,219.9,0.0,93.0
ORD-000068-01,ORD-000068,PROD-0003,3,229.9,118.0,689.7,68.97,354.0
ORD-000069-01,ORD-000069,PROD-0011,1,179.9,82.0,179.9,0.0,82.0
ORD-000069-02,ORD-000069,PROD-0009,2,44.9,17.0,89.8,0.0,34.0
ORD-000070-01,ORD-000070,PROD-0009,1,44.9,17.0,44.9,0.0,17.0
ORD-000070-02,ORD-000070,PROD-0006,2,189.9,91.0,379.8,0.0,182.0
ORD-000070-03,ORD-000070,PROD-0007,2,279.9,154.0,559.8,0.0,308.0
ORD-000070-04,ORD-000070,PROD-0010,1,219.9,93.0,219.9,0.0,93.0
ORD-000071-01,ORD-000071,PROD-0009,1,44.9,17.0,44.9,0.0,17.0
ORD-000071-02,ORD-000071,PROD-0012,2,259.9,137.0,519.8,0.0,274.0
ORD-000071-03,ORD-000071,PROD-0003,1,229.9,118.0,229.9,0.0,118.0
ORD-000071-04,ORD-000071,PROD-0007,2,279.9,154.0,559.8,0.0,308.0
ORD-000072-01,ORD-000072,PROD-0002,1,149.9,72.0,149.9,22.48,72.0
ORD-000073-01,ORD-000073,PROD-0012,2,259.9,137.0,519.8,0.0,274.0
ORD-000074-01,ORD-000074,PROD-0005,3,349.9,221.0,1049.7,52.48,663.0
ORD-000074-02,ORD-000074,PROD-0012,2,259.9,137.0,519.8,25.99,274.0
ORD-000074-03,ORD-000074,PROD-0006,2,189.9,91.0,379.8,18.99,182.0
ORD-000075-01,ORD-000075,PROD-0005,3,349.9,221.0,1049.7,0.0,663.0
ORD-000076-01,ORD-000076,PROD-0008,3,399.9,238.0,1199.7,59.98,714.0
ORD-000076-02,ORD-000076,PROD-0009,3,44.9,17.0,134.7,6.73,51.0
ORD-000077-01,ORD-000077,PROD-0009,1,44.9,17.0,44.9,4.49,17.0
ORD-000078-01,ORD-000078,PROD-0006,3,189.9,91.0,569.7,0.0,273.0
ORD-000078-02,ORD-000078,PROD-0001,2,59.9,24.5,119.8,0.0,49.0
ORD-000078-03,ORD-000078,PROD-0010,1,219.9,93.0,219.9,0.0,93.0
ORD-000078-04,ORD-000078,PROD-0008,1,399.9,238.0,399.9,0.0,238.0
ORD-000079-01,ORD-000079,PROD-0003,1,229.9,118.0,229.9,22.99,118.0
ORD-000079-02,ORD-000079,PROD-0002,1,149.9,72.0,149.9,14.99,72.0
ORD-000079-03,ORD-000079,PROD-0011,1,179.9,82.0,179.9,17.99,82.0
ORD-000079-04,ORD-000079,PROD-0009,3,44.9,17.0,134.7,13.47,51.0
ORD-000080-01,ORD-000080,PROD-0005,1,349.9,221.0,349.9,0.0,221.0
ORD-000080-02,ORD-000080,PROD-0011,3,179.9,82.0,539.7,0.0,246.0
ORD-000081-01,ORD-000081,PROD-0002,2,149.9,72.0,299.8,44.97,144.0
ORD-000081-02,ORD-000081,PROD-0008,3,399.9,238.0,1199.7,179.95,714.0
ORD-000082-01,ORD-000082,PROD-0011,2,179.9,82.0,359.8,17.99,164.0
ORD-000083-01,ORD-000083,PROD-0002,3,149.9,72.0,449.7,0.0,216.0
ORD-000083-02,ORD-000083,PROD-0005,2,349.9,221.0,699.8,0.0,442.0
ORD-000083-03,ORD-000083,PROD-0003,3,229.9,118.0,689.7,0.0,354.0
ORD-000083-04,ORD-000083,PROD-0004,3,99.9,43.0,299.7,0.0,129.0
ORD-000084-01,ORD-000084,PROD-0002,2,149.9,72.0,299.8,44.97,144.0
ORD-000085-01,ORD-000085,PROD-0009,1,44.9,17.0,44.9,2.25,17.0
ORD-000085-02,ORD-000085,PROD-0007,3,279.9,154.0,839.7,41.98,462.0
ORD-000085-03,ORD-000085,PROD-0011,3,179.9,82.0,539.7,26.99,246.0
ORD-000086-01,ORD-000086,PROD-0012,2,259.9,137.0,519.8,0.0,274.0
ORD-000086-02,ORD-000086,PROD-0007,2,279.9,154.0,559.8,0.0,308.0
ORD-000087-01,ORD-000087,PROD-0002,3,149.9,72.0,449.7,0.0,216.0
ORD-000087-02,ORD-000087,PROD-0001,1,59.9,24.5,59.9,0.0,24.5
ORD-000087-03,ORD-000087,PROD-0012,3,259.9,137.0,779.7,0.0,411.0
ORD-000087-04,ORD-000087,PROD-0006,3,189.9,91.0,569.7,0.0,273.0
ORD-000088-01,ORD-000088,PROD-0011,1,179.9,82.0,179.9,0.0,82.0
ORD-000088-02,ORD-000088,PROD-0007,1,279.9,154.0,279.9,0.0,154.0
ORD-000089-01,ORD-000089,PROD-0006,2,189.9,91.0,379.8,18.99,182.0
ORD-000090-01,ORD-000090,PROD-0006,3,189.9,91.0,569.7,28.49,273.0
ORD-000090-02,ORD-000090,PROD-0008,3,399.9,238.0,1199.7,59.98,714.0
ORD-000090-03,ORD-000090,PROD-0012,1,259.9,137.0,259.9,12.99,137.0
ORD-000090-04,ORD-000090,PROD-0007,2,279.9,154.0,559.8,27.99,308.0
ORD-000091-01,ORD-000091,PROD-0010,2,219.9,93.0,439.8,65.97,186.0
ORD-000091-02,ORD-000091,PROD-0004,2,99.9,43.0,199.8,29.97,86.0
ORD-000091-03,ORD-000091,PROD-0006,2,189.9,91.0,379.8,56.97,182.0
ORD-000091-04,ORD-000091,PROD-0007,1,279.9,154.0,279.9,41.98,154.0
ORD-000092-01,ORD-000092,PROD-0012,3,259.9,137.0,779.7,116.95,411.0
ORD-000092-02,ORD-000092,PROD-0002,2,149.9,72.0,299.8,44.97,144.0
ORD-000092-03,ORD-000092,PROD-0007,1,279.9,154.0,279.9,41.98,154.0
ORD-000093-01,ORD-000093,PROD-0010,3,219.9,93.0,659.7,32.99,279.0
ORD-000093-02,ORD-000093,PROD-0007,2,279.9,154.0,559.8,27.99,308.0
ORD-000093-03,ORD-000093,PROD-0009,3,44.9,17.0,134.7,6.73,51.0
ORD-000093-04,ORD-000093,PROD-0012,1,259.9,137.0,259.9,12.99,137.0
ORD-000094-01,ORD-000094,PROD-0010,3,219.9,93.0,659.7,0.0,279.0
ORD-000095-01,ORD-000095,PROD-0008,2,399.9,238.0,799.8,79.98,476.0
ORD-000095-02,ORD-000095,PROD-0006,2,189.9,91.0,379.8,37.98,182.0
ORD-000096-01,ORD-000096,PROD-0002,3,149.9,72.0,449.7,22.49,216.0
ORD-000097-01,ORD-000097,PROD-0006,3,189.9,91.0,569.7,28.49,273.0
ORD-000097-02,ORD-000097,PROD-0002,1,149.9,72.0,149.9,7.5,72.0
ORD-000097-03,ORD-000097,PROD-0005,1,349.9,221.0,349.9,17.5,221.0
ORD-000097-04,ORD-000097,PROD-0001,2,59.9,24.5,119.8,5.99,49.0
ORD-000098-01,ORD-000098,PROD-0004,3,99.9,43.0,299.7,29.97,129.0
ORD-000098-02,ORD-000098,PROD-0007,3,279.9,154.0,839.7,83.97,462.0
ORD-000098-03,ORD-000098,PROD-0003,2,229.9,118.0,459.8,45.98,236.0
ORD-000098-04,ORD-000098,PROD-0010,2,219.9,93.0,439.8,43.98,186.0
ORD-000099-01,ORD-000099,PROD-0010,1,219.9,93.0,219.9,0.0,93.0
ORD-000100-01,ORD-000100,PROD-0010,2,219.9,93.0,439.8,43.98,186.0
ORD-000100-02,ORD-000100,PROD-0007,3,279.9,154.0,839.7,83.97,462.0
ORD-000100-03,ORD-000100,PROD-0012,1,259.9,137.0,259.9,25.99,137.0
ORD-000101-01,ORD-000101,PROD-0006,1,189.9,91.0,189.9,18.99,91.0
ORD-000101-02,ORD-000101,PROD-0002,2,149.9,72.0,299.8,29.98,144.0
ORD-000102-01,ORD-000102,PROD-0009,2,44.9,17.0,89.8,4.49,34.0
ORD-000102-02,ORD-000102,PROD-0003,2,229.9,118.0,459.8,22.99,236.0
ORD-000103-01,ORD-000103,PROD-0007,3,279.9,154.0,839.7,0.0,462.0
ORD-000103-02,ORD-000103,PROD-0011,2,179.9,82.0,359.8,0.0,164.0
ORD-000103-03,ORD-000103,PROD-0008,2,399.9,238.0,799.8,0.0,476.0
ORD-000103-04,ORD-000103,PROD-0012,1,259.9,137.0,259.9,0.0,137.0
ORD-000104-01,ORD-000104,PROD-0009,2,44.9,17.0,89.8,0.0,34.0
ORD-000104-02,ORD-000104,PROD-0012,3,259.9,137.0,779.7,0.0,411.0
ORD-000104-03,ORD-000104,PROD-0002,2,149.9,72.0,299.8,0.0,144.0
ORD-000104-04,ORD-000104,PROD-0010,3,219.9,93.0,659.7,0.0,279.0
ORD-000105-01,ORD-000105,PROD-0008,2,399.9,238.0,799.8,0.0,476.0
ORD-000106-01,ORD-000106,PROD-0010,1,219.9,93.0,219.9,21.99,93.0
ORD-000106-02,ORD-000106,PROD-0003,1,229.9,118.0,229.9,22.99,118.0
ORD-000107-01,ORD-000107,PROD-0009,1,44.9,17.0,44.9,0.0,17.0
ORD-000107-02,ORD-000107,PROD-0011,2,179.9,82.0,359.8,0.0,164.0
ORD-000107-03,ORD-000107,PROD-0002,1,149.9,72.0,149.9,0.0,72.0
ORD-000108-01,ORD-000108,PROD-0010,2,219.9,93.0,439.8,65.97,186.0
ORD-000108-02,ORD-000108,PROD-0011,3,179.9,82.0,539.7,80.95,246.0
ORD-000109-01,ORD-000109,PROD-0006,3,189.9,91.0,569.7,0.0,273.0
ORD-000109-02,ORD-000109,PROD-0010,2,219.9,93.0,439.8,0.0,186.0
ORD-000109-03,ORD-000109,PROD-0001,3,59.9,24.5,179.7,0.0,73.5
ORD-000109-04,ORD-000109,PROD-0002,3,149.9,72.0,449.7,0.0,216.0
ORD-000110-01,ORD-000110,PROD-0009,3,44.9,17.0,134.7,0.0,51.0
ORD-000110-02,ORD-000110,PROD-0010,2,219.9,93.0,439.8,0.0,186.0
ORD-000110-03,ORD-000110,PROD-0003,2,229.9,118.0,459.8,0.0,236.0
ORD-000111-01,ORD-000111,PROD-0004,2,99.9,43.0,199.8,0.0,86.0
ORD-000111-02,ORD-000111,PROD-0003,1,229.9,118.0,229.9,0.0,118.0
ORD-000111-03,ORD-000111,PROD-0005,3,349.9,221.0,1049.7,0.0,663.0
ORD-000111-04,ORD-000111,PROD-0011,2,179.9,82.0,359.8,0.0,164.0
ORD-000112-01,ORD-000112,PROD-0012,1,259.9,137.0,259.9,0.0,137.0
ORD-000113-01,ORD-000113,PROD-0002,2,149.9,72.0,299.8,0.0,144.0
ORD-000113-02,ORD-000113,PROD-0007,1,279.9,154.0,279.9,0.0,154.0
ORD-000113-03,ORD-000113,PROD-0003,1,229.9,118.0,229.9,0.0,118.0
ORD-000114-01,ORD-000114,PROD-0002,3,149.9,72.0,449.7,0.0,216.0
ORD-000114-02,ORD-000114,PROD-0009,1,44.9,17.0,44.9,0.0,17.0
ORD-000115-01,ORD-000115,PROD-0004,1,99.9,43.0,99.9,5.0,43.0
ORD-000115-02,ORD-000115,PROD-0002,3,149.9,72.0,449.7,22.49,216.0
ORD-000115-03,ORD-000115,PROD-0011,3,179.9,82.0,539.7,26.99,246.0
ORD-000115-04,ORD-000115,PROD-0003,2,229.9,118.0,459.8,22.99,236.0
ORD-000116-01,ORD-000116,PROD-0012,1,259.9,137.0,259.9,25.99,137.0
ORD-000116-02,ORD-000116,PROD-0001,3,59.9,24.5,179.7,17.97,73.5
ORD-000116-03,ORD-000116,PROD-0005,3,349.9,221.0,1049.7,104.97,663.0
ORD-000117-01,ORD-000117,PROD-0008,3,399.9,238.0,1199.7,59.98,714.0
ORD-000117-02,ORD-000117,PROD-0011,1,179.9,82.0,179.9,9.0,82.0
ORD-000118-01,ORD-000118,PROD-0002,1,149.9,72.0,149.9,22.48,72.0
ORD-000118-02,ORD-000118,PROD-0001,2,59.9,24.5,119.8,17.97,49.0
ORD-000118-03,ORD-000118,PROD-0010,1,219.9,93.0,219.9,32.98,93.0
ORD-000118-04,ORD-000118,PROD-0012,1,259.9,137.0,259.9,38.98,137.0
ORD-000119-01,ORD-000119,PROD-0011,3,179.9,82.0,539.7,26.99,246.0
ORD-000120-01,ORD-000120,PROD-0010,3,219.9,93.0,659.7,0.0,279.0
ORD-000120-02,ORD-000120,PROD-0011,2,179.9,82.0,359.8,0.0,164.0
ORD-000120-03,ORD-000120,PROD-0002,3,149.9,72.0,449.7,0.0,216.0
ORD-000120-04,ORD-000120,PROD-0005,1,349.9,221.0,349.9,0.0,221.0
ORD-000121-01,ORD-000121,PROD-0002,3,149.9,72.0,449.7,67.45,216.0
ORD-000121-02,ORD-000121,PROD-0001,1,59.9,24.5,59.9,8.98,24.5
ORD-000122-01,ORD-000122,PROD-0012,3,259.9,137.0,779.7,0.0,411.0
ORD-000122-02,ORD-000122,PROD-0005,1,349.9,221.0,349.9,0.0,221.0
ORD-000123-01,ORD-000123,PROD-0001,1,59.9,24.5,59.9,3.0,24.5
ORD-000123-02,ORD-000123,PROD-0008,2,399.9,238.0,799.8,39.99,476.0
ORD-000123-03,ORD-000123,PROD-0010,1,219.9,93.0,219.9,11.0,93.0
ORD-000124-01,ORD-000124,PROD-0007,1,279.9,154.0,279.9,0.0,154.0
ORD-000124-02,ORD-000124,PROD-0003,3,229.9,118.0,689.7,0.0,354.0
ORD-000124-03,ORD-000124,PROD-0011,3,179.9,82.0,539.7,0.0,246.0
ORD-000125-01,ORD-000125,PROD-0009,3,44.9,17.0,134.7,0.0,51.0
ORD-000126-01,ORD-000126,PROD-0006,2,189.9,91.0,379.8,0.0,182.0
ORD-000126-02,ORD-000126,PROD-0002,1,149.9,72.0,149.9,0.0,72.0
ORD-000126-03,ORD-000126,PROD-0009,2,44.9,17.0,89.8,0.0,34.0
ORD-000127-01,ORD-000127,PROD-0003,2,229.9,118.0,459.8,68.97,236.0
ORD-000127-02,ORD-000127,PROD-0001,1,59.9,24.5,59.9,8.98,24.5
ORD-000128-01,ORD-000128,PROD-0009,2,44.9,17.0,89.8,13.47,34.0
ORD-000128-02,ORD-000128,PROD-0004,2,99.9,43.0,199.8,29.97,86.0
ORD-000129-01,ORD-000129,PROD-0010,1,219.9,93.0,219.9,0.0,93.0
ORD-000130-01,ORD-000130,PROD-0006,2,189.9,91.0,379.8,0.0,182.0
ORD-000130-02,ORD-000130,PROD-0007,2,279.9,154.0,559.8,0.0,308.0
ORD-000130-03,ORD-000130,PROD-0012,2,259.9,137.0,519.8,0.0,274.0
ORD-000131-01,ORD-000131,PROD-0004,2,99.9,43.0,199.8,0.0,86.0
ORD-000131-02,ORD-000131,PROD-0008,2,399.9,238.0,799.8,0.0,476.0
ORD-000131-03,ORD-000131,PROD-0005,1,349.9,221.0,349.9,0.0,221.0
ORD-000132-01,ORD-000132,PROD-0009,1,44.9,17.0,44.9,0.0,17.0
ORD-000132-02,ORD-000132,PROD-0001,1,59.9,24.5,59.9,0.0,24.5
ORD-000132-03,ORD-000132,PROD-0005,2,349.9,221.0,699.8,0.0,442.0
ORD-000132-04,ORD-000132,PROD-0010,2,219.9,93.0,439.8,0.0,186.0
ORD-000133-01,ORD-000133,PROD-0003,2,229.9,118.0,459.8,0.0,236.0
ORD-000133-02,ORD-000133,PROD-0004,2,99.9,43.0,199.8,0.0,86.0
ORD-000134-01,ORD-000134,PROD-0002,1,149.9,72.0,149.9,22.48,72.0
ORD-000134-02,ORD-000134,PROD-0006,1,189.9,91.0,189.9,28.48,91.0
ORD-000135-01,ORD-000135,PROD-0004,2,99.9,43.0,199.8,29.97,86.0
ORD-000135-02,ORD-000135,PROD-0003,2,229.9,118.0,459.8,68.97,236.0
ORD-000135-03,ORD-000135,PROD-0005,1,349.9,221.0,349.9,52.48,221.0
ORD-000136-01,ORD-000136,PROD-0007,1,279.9,154.0,279.9,13.99,154.0
ORD-000136-02,ORD-000136,PROD-0003,3,229.9,118.0,689.7,34.49,354.0
ORD-000136-03,ORD-000136,PROD-0012,3,259.9,137.0,779.7,38.98,411.0
ORD-000137-01,ORD-000137,PROD-0007,1,279.9,154.0,279.9,0.0,154.0
ORD-000137-02,ORD-000137,PROD-0005,2,349.9,221.0,699.8,0.0,442.0
ORD-000137-03,ORD-000137,PROD-0003,3,229.9,118.0,689.7,0.0,354.0
ORD-000138-01,ORD-000138,PROD-0005,3,349.9,221.0,1049.7,0.0,663.0
ORD-000138-02,ORD-000138,PROD-0009,1,44.9,17.0,44.9,0.0,17.0
ORD-000139-01,ORD-000139,PROD-0012,3,259.9,137.0,779.7,116.95,411.0
ORD-000140-01,ORD-000140,PROD-0004,3,99.9,43.0,299.7,14.99,129.0
ORD-000141-01,ORD-000141,PROD-0001,3,59.9,24.5,179.7,0.0,73.5
ORD-000141-02,ORD-000141,PROD-0012,3,259.9,137.0,779.7,0.0,411.0
ORD-000141-03,ORD-000141,PROD-0003,1,229.9,118.0,229.9,0.0,118.0
ORD-000142-01,ORD-000142,PROD-0003,3,229.9,118.0,689.7,0.0,354.0
ORD-000142-02,ORD-000142,PROD-0007,2,279.9,154.0,559.8,0.0,308.0
ORD-000143-01,ORD-000143,PROD-0003,3,229.9,118.0,689.7,34.49,354.0
ORD-000143-02,ORD-000143,PROD-0012,3,259.9,137.0,779.7,38.98,411.0
ORD-000143-03,ORD-000143,PROD-0001,2,59.9,24.5,119.8,5.99,49.0
ORD-000144-01,ORD-000144,PROD-0006,1,189.9,91.0,189.9,0.0,91.0
ORD-000144-02,ORD-000144,PROD-0002,2,149.9,72.0,299.8,0.0,144.0
ORD-000145-01,ORD-000145,PROD-0004,2,99.9,43.0,199.8,0.0,86.0
ORD-000145-02,ORD-000145,PROD-0012,2,259.9,137.0,519.8,0.0,274.0
ORD-000145-03,ORD-000145,PROD-0002,1,149.9,72.0,149.9,0.0,72.0
ORD-000146-01,ORD-000146,PROD-0009,2,44.9,17.0,89.8,4.49,34.0
ORD-000146-02,ORD-000146,PROD-0007,3,279.9,154.0,839.7,41.98,462.0
ORD-000146-03,ORD-000146,PROD-0002,3,149.9,72.0,449.7,22.49,216.0
ORD-000147-01,ORD-000147,PROD-0006,1,189.9,91.0,189.9,0.0,91.0
ORD-000148-01,ORD-000148,PROD-0010,1,219.9,93.0,219.9,32.98,93.0
ORD-000148-02,ORD-000148,PROD-0007,1,279.9,154.0,279.9,41.98,154.0
ORD-000149-01,ORD-000149,PROD-0005,1,349.9,221.0,349.9,34.99,221.0
ORD-000149-02,ORD-000149,PROD-0004,2,99.9,43.0,199.8,19.98,86.0
ORD-000149-03,ORD-000149,PROD-0002,3,149.9,72.0,449.7,44.97,216.0
ORD-000150-01,ORD-000150,PROD-0002,1,149.9,72.0,149.9,22.48,72.0
ORD-000150-02,ORD-000150,PROD-0001,1,59.9,24.5,59.9,8.98,24.5
ORD-000151-01,ORD-000151,PROD-0003,1,229.9,118.0,229.9,0.0,118.0
ORD-000151-02,ORD-000151,PROD-0006,2,189.9,91.0,379.8,0.0,182.0
ORD-000151-03,ORD-000151,PROD-0007,1,279.9,154.0,279.9,0.0,154.0
ORD-000151-04,ORD-000151,PROD-0011,2,179.9,82.0,359.8,0.0,164.0
ORD-000152-01,ORD-000152,PROD-0009,1,44.9,17.0,44.9,6.73,17.0
ORD-000152-02,ORD-000152,PROD-0007,3,279.9,154.0,839.7,125.95,462.0
ORD-000152-03,ORD-000152,PROD-0010,1,219.9,93.0,219.9,32.98,93.0
ORD-000153-01,ORD-000153,PROD-0009,3,44.9,17.0,134.7,6.73,51.0
ORD-000154-01,ORD-000154,PROD-0002,3,149.9,72.0,449.7,0.0,216.0
ORD-000154-02,ORD-000154,PROD-0011,1,179.9,82.0,179.9,0.0,82.0
ORD-000154-03,ORD-000154,PROD-0007,3,279.9,154.0,839.7,0.0,462.0
ORD-000154-04,ORD-000154,PROD-0004,2,99.9,43.0,199.8,0.0,86.0
ORD-000155-01,ORD-000155,PROD-0012,3,259.9,137.0,779.7,77.97,411.0
ORD-000156-01,ORD-000156,PROD-0005,3,349.9,221.0,1049.7,0.0,663.0
ORD-000157-01,ORD-000157,PROD-0003,1,229.9,118.0,229.9,0.0,118.0
ORD-000157-02,ORD-000157,PROD-0010,2,219.9,93.0,439.8,0.0,186.0
ORD-000157-03,ORD-000157,PROD-0011,2,179.9,82.0,359.8,0.0,164.0
ORD-000157-04,ORD-000157,PROD-0007,3,279.9,154.0,839.7,0.0,462.0
ORD-000158-01,ORD-000158,PROD-0012,1,259.9,137.0,259.9,0.0,137.0
ORD-000158-02,ORD-000158,PROD-0011,2,179.9,82.0,359.8,0.0,164.0
ORD-000158-03,ORD-000158,PROD-0002,3,149.9,72.0,449.7,0.0,216.0
ORD-000158-04,ORD-000158,PROD-0004,2,99.9,43.0,199.8,0.0,86.0
ORD-000159-01,ORD-000159,PROD-0001,1,59.9,24.5,59.9,8.98,24.5
ORD-000159-02,ORD-000159,PROD-0009,2,44.9,17.0,89.8,13.47,34.0
ORD-000159-03,ORD-000159,PROD-0003,3,229.9,118.0,689.7,103.45,354.0
ORD-000160-01,ORD-000160,PROD-0006,3,189.9,91.0,569.7,0.0,273.0
ORD-000161-01,ORD-000161,PROD-0003,2,229.9,118.0,459.8,0.0,236.0
ORD-000161-02,ORD-000161,PROD-0008,2,399.9,238.0,799.8,0.0,476.0
ORD-000161-03,ORD-000161,PROD-0010,1,219.9,93.0,219.9,0.0,93.0
ORD-000161-04,ORD-000161,PROD-0009,2,44.9,17.0,89.8,0.0,34.0
ORD-000162-01,ORD-000162,PROD-0011,2,179.9,82.0,359.8,0.0,164.0
ORD-000162-02,ORD-000162,PROD-0004,3,99.9,43.0,299.7,0.0,129.0
ORD-000163-01,ORD-000163,PROD-0012,2,259.9,137.0,519.8,0.0,274.0
ORD-000163-02,ORD-000163,PROD-0011,2,179.9,82.0,359.8,0.0,164.0
ORD-000163-03,ORD-000163,PROD-0005,2,349.9,221.0,699.8,0.0,442.0
ORD-000164-01,ORD-000164,PROD-0009,3,44.9,17.0,134.7,6.73,51.0
ORD-000165-01,ORD-000165,PROD-0005,1,349.9,221.0,349.9,0.0,221.0
ORD-000165-02,ORD-000165,PROD-0012,1,259.9,137.0,259.9,0.0,137.0
ORD-000165-03,ORD-000165,PROD-0011,3,179.9,82.0,539.7,0.0,246.0
ORD-000166-01,ORD-000166,PROD-0007,3,279.9,154.0,839.7,41.98,462.0
ORD-000166-02,ORD-000166,PROD-0012,1,259.9,137.0,259.9,12.99,137.0
ORD-000166-03,ORD-000166,PROD-0011,3,179.9,82.0,539.7,26.99,246.0
ORD-000167-01,ORD-000167,PROD-0003,1,229.9,118.0,229.9,34.48,118.0
ORD-000167-02,ORD-000167,PROD-0011,2,179.9,82.0,359.8,53.97,164.0
ORD-000167-03,ORD-000167,PROD-0009,1,44.9,17.0,44.9,6.73,17.0
ORD-000168-01,ORD-000168,PROD-0007,2,279.9,154.0,559.8,0.0,308.0
ORD-000168-02,ORD-000168,PROD-0006,3,189.9,91.0,569.7,0.0,273.0
ORD-000168-03,ORD-000168,PROD-0011,2,179.9,82.0,359.8,0.0,164.0
ORD-000169-01,ORD-000169,PROD-0001,2,59.9,24.5,119.8,5.99,49.0
ORD-000169-02,ORD-000169,PROD-0003,2,229.9,118.0,459.8,22.99,236.0
ORD-000169-03,ORD-000169,PROD-0011,3,179.9,82.0,539.7,26.99,246.0
ORD-000169-04,ORD-000169,PROD-0004,2,99.9,43.0,199.8,9.99,86.0
ORD-000170-01,ORD-000170,PROD-0005,2,349.9,221.0,699.8,104.97,442.0
ORD-000170-02,ORD-000170,PROD-0004,1,99.9,43.0,99.9,14.98,43.0
ORD-000170-03,ORD-000170,PROD-0003,1,229.9,118.0,229.9,34.48,118.0
ORD-000170-04,ORD-000170,PROD-0010,3,219.9,93.0,659.7,98.95,279.0
ORD-000171-01,ORD-000171,PROD-0001,1,59.9,24.5,59.9,5.99,24.5
ORD-000171-02,ORD-000171,PROD-0006,1,189.9,91.0,189.9,18.99,91.0
ORD-000171-03,ORD-000171,PROD-0009,3,44.9,17.0,134.7,13.47,51.0
ORD-000172-01,ORD-000172,PROD-0003,2,229.9,118.0,459.8,22.99,236.0
ORD-000172-02,ORD-000172,PROD-0002,2,149.9,72.0,299.8,14.99,144.0
ORD-000172-03,ORD-000172,PROD-0001,2,59.9,24.5,119.8,5.99,49.0
ORD-000173-01,ORD-000173,PROD-0007,1,279.9,154.0,279.9,0.0,154.0
ORD-000173-02,ORD-000173,PROD-0001,1,59.9,24.5,59.9,0.0,24.5
ORD-000174-01,ORD-000174,PROD-0009,3,44.9,17.0,134.7,6.73,51.0
ORD-000174-02,ORD-000174,PROD-0010,1,219.9,93.0,219.9,11.0,93.0
ORD-000174-03,ORD-000174,PROD-0001,3,59.9,24.5,179.7,8.98,73.5
ORD-000175-01,ORD-000175,PROD-0004,3,99.9,43.0,299.7,0.0,129.0
ORD-000175-02,ORD-000175,PROD-0011,1,179.9,82.0,179.9,0.0,82.0
ORD-000176-01,ORD-000176,PROD-0009,3,44.9,17.0,134.7,20.2,51.0
ORD-000177-01,ORD-000177,PROD-0006,2,189.9,91.0,379.8,0.0,182.0
ORD-000177-02,ORD-000177,PROD-0007,1,279.9,154.0,279.9,0.0,154.0
ORD-000178-01,ORD-000178,PROD-0010,3,219.9,93.0,659.7,0.0,279.0
ORD-000179-01,ORD-000179,PROD-0005,1,349.9,221.0,349.9,17.5,221.0
ORD-000179-02,ORD-000179,PROD-0008,1,399.9,238.0,399.9,20.0,238.0
ORD-000179-03,ORD-000179,PROD-0001,1,59.9,24.5,59.9,3.0,24.5
ORD-000180-01,ORD-000180,PROD-0006,2,189.9,91.0,379.8,0.0,182.0
ORD-000180-02,ORD-000180,PROD-0012,3,259.9,137.0,779.7,0.0,411.0
ORD-000181-01,ORD-000181,PROD-0007,1,279.9,154.0,279.9,0.0,154.0
ORD-000181-02,ORD-000181,PROD-0011,3,179.9,82.0,539.7,0.0,246.0
ORD-000181-03,ORD-000181,PROD-0003,3,229.9,118.0,689.7,0.0,354.0
ORD-000181-04,ORD-000181,PROD-0002,1,149.9,72.0,149.9,0.0,72.0
ORD-000182-01,ORD-000182,PROD-0010,2,219.9,93.0,439.8,43.98,186.0
ORD-000182-02,ORD-000182,PROD-0001,2,59.9,24.5,119.8,11.98,49.0
ORD-000182-03,ORD-000182,PROD-0003,1,229.9,118.0,229.9,22.99,118.0
ORD-000183-01,ORD-000183,PROD-0011,3,179.9,82.0,539.7,53.97,246.0
ORD-000183-02,ORD-000183,PROD-0006,3,189.9,91.0,569.7,56.97,273.0
ORD-000184-01,ORD-000184,PROD-0009,1,44.9,17.0,44.9,6.73,17.0
ORD-000184-02,ORD-000184,PROD-0010,1,219.9,93.0,219.9,32.98,93.0
ORD-000185-01,ORD-000185,PROD-0001,3,59.9,24.5,179.7,0.0,73.5
ORD-000185-02,ORD-000185,PROD-0009,3,44.9,17.0,134.7,0.0,51.0
ORD-000185-03,ORD-000185,PROD-0004,2,99.9,43.0,199.8,0.0,86.0
ORD-000186-01,ORD-000186,PROD-0012,2,259.9,137.0,519.8,25.99,274.0
ORD-000186-02,ORD-000186,PROD-0011,2,179.9,82.0,359.8,17.99,164.0
ORD-000186-03,ORD-000186,PROD-0001,1,59.9,24.5,59.9,3.0,24.5
ORD-000186-04,ORD-000186,PROD-0002,3,149.9,72.0,449.7,22.49,216.0
ORD-000187-01,ORD-000187,PROD-0006,2,189.9,91.0,379.8,56.97,182.0
ORD-000187-02,ORD-000187,PROD-0001,2,59.9,24.5,119.8,17.97,49.0
ORD-000187-03,ORD-000187,PROD-0004,3,99.9,43.0,299.7,44.96,129.0
ORD-000188-01,ORD-000188,PROD-0009,3,44.9,17.0,134.7,0.0,51.0
ORD-000188-02,ORD-000188,PROD-0012,1,259.9,137.0,259.9,0.0,137.0
ORD-000188-03,ORD-000188,PROD-0006,1,189.9,91.0,189.9,0.0,91.0
ORD-000189-01,ORD-000189,PROD-0012,1,259.9,137.0,259.9,12.99,137.0
ORD-000189-02,ORD-000189,PROD-0006,2,189.9,91.0,379.8,18.99,182.0
ORD-000190-01,ORD-000190,PROD-0001,2,59.9,24.5,119.8,11.98,49.0
ORD-000190-02,ORD-000190,PROD-0009,3,44.9,17.0,134.7,13.47,51.0
ORD-000190-03,ORD-000190,PROD-0012,2,259.9,137.0,519.8,51.98,274.0
ORD-000190-04,ORD-000190,PROD-0011,3,179.9,82.0,539.7,53.97,246.0
ORD-000191-01,ORD-000191,PROD-0009,3,44.9,17.0,134.7,13.47,51.0
ORD-000191-02,ORD-000191,PROD-0007,3,279.9,154.0,839.7,83.97,462.0
ORD-000191-03,ORD-000191,PROD-0011,1,179.9,82.0,179.9,17.99,82.0
ORD-000192-01,ORD-000192,PROD-0012,3,259.9,137.0,779.7,116.95,411.0
ORD-000192-02,ORD-000192,PROD-0009,3,44.9,17.0,134.7,20.2,51.0
ORD-000192-03,ORD-000192,PROD-0006,3,189.9,91.0,569.7,85.45,273.0
ORD-000193-01,ORD-000193,PROD-0009,3,44.9,17.0,134.7,0.0,51.0
ORD-000193-02,ORD-000193,PROD-0012,3,259.9,137.0,779.7,0.0,411.0
ORD-000194-01,ORD-000194,PROD-0007,1,279.9,154.0,279.9,41.98,154.0
ORD-000194-02,ORD-000194,PROD-0001,1,59.9,24.5,59.9,8.98,24.5
ORD-000194-03,ORD-000194,PROD-0009,2,44.9,17.0,89.8,13.47,34.0
ORD-000195-01,ORD-000195,PROD-0004,2,99.9,43.0,199.8,0.0,86.0
ORD-000195-02,ORD-000195,PROD-0009,2,44.9,17.0,89.8,0.0,34.0
ORD-000195-03,ORD-000195,PROD-0001,1,59.9,24.5,59.9,0.0,24.5
ORD-000196-01,ORD-000196,PROD-0012,2,259.9,137.0,519.8,51.98,274.0
ORD-000196-02,ORD-000196,PROD-0011,2,179.9,82.0,359.8,35.98,164.0
ORD-000196-03,ORD-000196,PROD-0001,2,59.9,24.5,119.8,11.98,49.0
ORD-000197-01,ORD-000197,PROD-0010,1,219.9,93.0,219.9,0.0,93.0
ORD-000197-02,ORD-000197,PROD-0009,3,44.9,17.0,134.7,0.0,51.0
ORD-000197-03,ORD-000197,PROD-0012,1,259.9,137.0,259.9,0.0,137.0
ORD-000198-01,ORD-000198,PROD-0009,1,44.9,17.0,44.9,2.25,17.0
ORD-000198-02,ORD-000198,PROD-0005,3,349.9,221.0,1049.7,52.48,663.0
ORD-000198-03,ORD-000198,PROD-0003,2,229.9,118.0,459.8,22.99,236.0
ORD-000199-01,ORD-000199,PROD-0008,2,399.9,238.0,799.8,79.98,476.0
ORD-000199-02,ORD-000199,PROD-0010,1,219.9,93.0,219.9,21.99,93.0
ORD-000199-03,ORD-000199,PROD-0009,3,44.9,17.0,134.7,13.47,51.0
ORD-000200-01,ORD-000200,PROD-0004,2,99.9,43.0,199.8,19.98,86.0
ORD-000200-02,ORD-000200,PROD-0012,2,259.9,137.0,519.8,51.98,274.0
ORD-000200-03,ORD-000200,PROD-0006,2,189.9,91.0,379.8,37.98,182.0
ORD-000201-01,ORD-000201,PROD-0001,2,59.9,24.5,119.8,0.0,49.0
ORD-000201-02,ORD-000201,PROD-0011,2,179.9,82.0,359.8,0.0,164.0
ORD-000202-01,ORD-000202,PROD-0005,3,349.9,221.0,1049.7,104.97,663.0
ORD-000203-01,ORD-000203,PROD-0004,3,99.9,43.0,299.7,29.97,129.0
ORD-000204-01,ORD-000204,PROD-0012,3,259.9,137.0,779.7,116.95,411.0
ORD-000205-01,ORD-000205,PROD-0005,2,349.9,221.0,699.8,69.98,442.0
ORD-000205-02,ORD-000205,PROD-0007,2,279.9,154.0,559.8,55.98,308.0
ORD-000206-01,ORD-000206,PROD-0012,3,259.9,137.0,779.7,116.95,411.0
ORD-000207-01,ORD-000207,PROD-0007,1,279.9,154.0,279.9,0.0,154.0
ORD-000207-02,ORD-000207,PROD-0012,3,259.9,137.0,779.7,0.0,411.0
ORD-000207-03,ORD-000207,PROD-0001,1,59.9,24.5,59.9,0.0,24.5
ORD-000207-04,ORD-000207,PROD-0008,1,399.9,238.0,399.9,0.0,238.0
ORD-000208-01,ORD-000208,PROD-0009,3,44.9,17.0,134.7,20.2,51.0
ORD-000209-01,ORD-000209,PROD-0004,1,99.9,43.0,99.9,14.98,43.0
ORD-000209-02,ORD-000209,PROD-0007,1,279.9,154.0,279.9,41.98,154.0
ORD-000209-03,ORD-000209,PROD-0009,1,44.9,17.0,44.9,6.73,17.0
ORD-000210-01,ORD-000210,PROD-0005,3,349.9,221.0,1049.7,104.97,663.0
ORD-000211-01,ORD-000211,PROD-0010,2,219.9,93.0,439.8,65.97,186.0
ORD-000211-02,ORD-000211,PROD-0002,2,149.9,72.0,299.8,44.97,144.0
ORD-000211-03,ORD-000211,PROD-0004,2,99.9,43.0,199.8,29.97,86.0
ORD-000212-01,ORD-000212,PROD-0004,2,99.9,43.0,199.8,9.99,86.0
ORD-000212-02,ORD-000212,PROD-0012,2,259.9,137.0,519.8,25.99,274.0
ORD-000212-03,ORD-000212,PROD-0007,1,279.9,154.0,279.9,13.99,154.0
ORD-000213-01,ORD-000213,PROD-0005,1,349.9,221.0,349.9,34.99,221.0
ORD-000214-01,ORD-000214,PROD-0001,2,59.9,24.5,119.8,11.98,49.0
ORD-000214-02,ORD-000214,PROD-0009,3,44.9,17.0,134.7,13.47,51.0
ORD-000215-01,ORD-000215,PROD-0007,2,279.9,154.0,559.8,0.0,308.0
ORD-000216-01,ORD-000216,PROD-0012,2,259.9,137.0,519.8,0.0,274.0
ORD-000216-02,ORD-000216,PROD-0008,1,399.9,238.0,399.9,0.0,238.0
ORD-000217-01,ORD-000217,PROD-0007,1,279.9,154.0,279.9,27.99,154.0
ORD-000217-02,ORD-000217,PROD-0008,1,399.9,238.0,399.9,39.99,238.0
ORD-000217-03,ORD-000217,PROD-0011,3,179.9,82.0,539.7,53.97,246.0
ORD-000218-01,ORD-000218,PROD-0006,2,189.9,91.0,379.8,0.0,182.0
ORD-000218-02,ORD-000218,PROD-0010,2,219.9,93.0,439.8,0.0,186.0
ORD-000218-03,ORD-000218,PROD-0002,1,149.9,72.0,149.9,0.0,72.0
ORD-000218-04,ORD-000218,PROD-0009,3,44.9,17.0,134.7,0.0,51.0
ORD-000219-01,ORD-000219,PROD-0002,3,149.9,72.0,449.7,0.0,216.0
ORD-000219-02,ORD-000219,PROD-0009,2,44.9,17.0,89.8,0.0,34.0
ORD-000220-01,ORD-000220,PROD-0012,3,259.9,137.0,779.7,116.95,411.0
ORD-000220-02,ORD-000220,PROD-0002,2,149.9,72.0,299.8,44.97,144.0
ORD-000220-03,ORD-000220,PROD-0008,2,399.9,238.0,799.8,119.97,476.0
ORD-000221-01,ORD-000221,PROD-0010,1,219.9,93.0,219.9,0.0,93.0
ORD-000222-01,ORD-000222,PROD-0002,3,149.9,72.0,449.7,0.0,216.0
ORD-000222-02,ORD-000222,PROD-0004,2,99.9,43.0,199.8,0.0,86.0
ORD-000222-03,ORD-000222,PROD-0008,2,399.9,238.0,799.8,0.0,476.0
ORD-000223-01,ORD-000223,PROD-0012,2,259.9,137.0,519.8,77.97,274.0
ORD-000223-02,ORD-000223,PROD-0011,2,179.9,82.0,359.8,53.97,164.0
ORD-000224-01,ORD-000224,PROD-0003,2,229.9,118.0,459.8,0.0,236.0
ORD-000224-02,ORD-000224,PROD-0010,3,219.9,93.0,659.7,0.0,279.0
ORD-000224-03,ORD-000224,PROD-0002,3,149.9,72.0,449.7,0.0,216.0
ORD-000224-04,ORD-000224,PROD-0012,1,259.9,137.0,259.9,0.0,137.0
ORD-000225-01,ORD-000225,PROD-0006,1,189.9,91.0,189.9,28.48,91.0
ORD-000225-02,ORD-000225,PROD-0001,2,59.9,24.5,119.8,17.97,49.0
ORD-000225-03,ORD-000225,PROD-0009,2,44.9,17.0,89.8,13.47,34.0
ORD-000225-04,ORD-000225,PROD-0007,2,279.9,154.0,559.8,83.97,308.0
ORD-000226-01,ORD-000226,PROD-0005,3,349.9,221.0,1049.7,0.0,663.0
ORD-000226-02,ORD-000226,PROD-0004,3,99.9,43.0,299.7,0.0,129.0
ORD-000226-03,ORD-000226,PROD-0001,1,59.9,24.5,59.9,0.0,24.5
ORD-000226-04,ORD-000226,PROD-0010,3,219.9,93.0,659.7,0.0,279.0
ORD-000227-01,ORD-000227,PROD-0009,2,44.9,17.0,89.8,13.47,34.0
ORD-000227-02,ORD-000227,PROD-0007,3,279.9,154.0,839.7,125.95,462.0
ORD-000227-03,ORD-000227,PROD-0010,2,219.9,93.0,439.8,65.97,186.0
ORD-000228-01,ORD-000228,PROD-0012,3,259.9,137.0,779.7,0.0,411.0
ORD-000228-02,ORD-000228,PROD-0007,1,279.9,154.0,279.9,0.0,154.0
ORD-000228-03,ORD-000228,PROD-0003,3,229.9,118.0,689.7,0.0,354.0
ORD-000229-01,ORD-000229,PROD-0003,2,229.9,118.0,459.8,45.98,236.0
ORD-000230-01,ORD-000230,PROD-0010,1,219.9,93.0,219.9,0.0,93.0
ORD-000231-01,ORD-000231,PROD-0004,3,99.9,43.0,299.7,44.96,129.0
ORD-000232-01,ORD-000232,PROD-0002,2,149.9,72.0,299.8,0.0,144.0
ORD-000232-02,ORD-000232,PROD-0005,2,349.9,221.0,699.8,0.0,442.0
ORD-000233-01,ORD-000233,PROD-0006,3,189.9,91.0,569.7,0.0,273.0
ORD-000233-02,ORD-000233,PROD-0005,1,349.9,221.0,349.9,0.0,221.0
ORD-000233-03,ORD-000233,PROD-0004,2,99.9,43.0,199.8,0.0,86.0
ORD-000234-01,ORD-000234,PROD-0009,2,44.9,17.0,89.8,8.98,34.0
ORD-000235-01,ORD-000235,PROD-0008,1,399.9,238.0,399.9,20.0,238.0
ORD-000236-01,ORD-000236,PROD-0004,2,99.9,43.0,199.8,19.98,86.0
ORD-000236-02,ORD-000236,PROD-0005,3,349.9,221.0,1049.7,104.97,663.0
ORD-000236-03,ORD-000236,PROD-0002,3,149.9,72.0,449.7,44.97,216.0
ORD-000237-01,ORD-000237,PROD-0008,1,399.9,238.0,399.9,0.0,238.0
ORD-000237-02,ORD-000237,PROD-0004,3,99.9,43.0,299.7,0.0,129.0
ORD-000238-01,ORD-000238,PROD-0011,3,179.9,82.0,539.7,0.0,246.0
ORD-000239-01,ORD-000239,PROD-0008,2,399.9,238.0,799.8,39.99,476.0
ORD-000239-02,ORD-000239,PROD-0003,2,229.9,118.0,459.8,22.99,236.0
ORD-000239-03,ORD-000239,PROD-0009,1,44.9,17.0,44.9,2.25,17.0
ORD-000240-01,ORD-000240,PROD-0008,3,399.9,238.0,1199.7,59.98,714.0
ORD-000240-02,ORD-000240,PROD-0002,3,149.9,72.0,449.7,22.49,216.0
ORD-000241-01,ORD-000241,PROD-0003,1,229.9,118.0,229.9,0.0,118.0
ORD-000241-02,ORD-000241,PROD-0009,2,44.9,17.0,89.8,0.0,34.0
ORD-000241-03,ORD-000241,PROD-0005,2,349.9,221.0,699.8,0.0,442.0
ORD-000242-01,ORD-000242,PROD-0008,1,399.9,238.0,399.9,0.0,238.0
ORD-000242-02,ORD-000242,PROD-0003,3,229.9,118.0,689.7,0.0,354.0
ORD-000242-03,ORD-000242,PROD-0010,3,219.9,93.0,659.7,0.0,279.0
ORD-000243-01,ORD-000243,PROD-0003,2,229.9,118.0,459.8,68.97,236.0
ORD-000244-01,ORD-000244,PROD-0012,1,259.9,137.0,259.9,25.99,137.0
ORD-000245-01,ORD-000245,PROD-0009,2,44.9,17.0,89.8,0.0,34.0
ORD-000245-02,ORD-000245,PROD-0012,1,259.9,137.0,259.9,0.0,137.0
ORD-000245-03,ORD-000245,PROD-0005,2,349.9,221.0,699.8,0.0,442.0
ORD-000246-01,ORD-000246,PROD-0006,2,189.9,91.0,379.8,0.0,182.0
ORD-000246-02,ORD-000246,PROD-0012,3,259.9,137.0,779.7,0.0,411.0
ORD-000246-03,ORD-000246,PROD-0009,2,44.9,17.0,89.8,0.0,34.0
ORD-000247-01,ORD-000247,PROD-0007,3,279.9,154.0,839.7,125.95,462.0
ORD-000247-02,ORD-000247,PROD-0011,2,179.9,82.0,359.8,53.97,164.0
ORD-000247-03,ORD-000247,PROD-0010,1,219.9,93.0,219.9,32.98,93.0
ORD-000248-01,ORD-000248,PROD-0008,3,399.9,238.0,1199.7,119.97,714.0
ORD-000248-02,ORD-000248,PROD-0006,2,189.9,91.0,379.8,37.98,182.0
ORD-000248-03,ORD-000248,PROD-0010,2,219.9,93.0,439.8,43.98,186.0
ORD-000249-01,ORD-000249,PROD-0002,3,149.9,72.0,449.7,0.0,216.0
ORD-000249-02,ORD-000249,PROD-0012,1,259.9,137.0,259.9,0.0,137.0
ORD-000249-03,ORD-000249,PROD-0011,1,179.9,82.0,179.9,0.0,82.0
ORD-000249-04,ORD-000249,PROD-0008,2,399.9,238.0,799.8,0.0,476.0
ORD-000250-01,ORD-000250,PROD-0011,1,179.9,82.0,179.9,0.0,82.0
ORD-000250-02,ORD-000250,PROD-0003,1,229.9,118.0,229.9,0.0,118.0
ORD-000250-03,ORD-000250,PROD-0012,1,259.9,137.0,259.9,0.0,137.0
ORD-000250-04,ORD-000250,PROD-0009,3,44.9,17.0,134.7,0.0,51.0
ORD-000251-01,ORD-000251,PROD-0011,3,179.9,82.0,539.7,0.0,246.0
ORD-000251-02,ORD-000251,PROD-0012,3,259.9,137.0,779.7,0.0,411.0
ORD-000251-03,ORD-000251,PROD-0010,3,219.9,93.0,659.7,0.0,279.0
ORD-000251-04,ORD-000251,PROD-0007,3,279.9,154.0,839.7,0.0,462.0
ORD-000252-01,ORD-000252,PROD-0001,1,59.9,24.5,59.9,3.0,24.5
ORD-000252-02,ORD-000252,PROD-0012,2,259.9,137.0,519.8,25.99,274.0
ORD-000252-03,ORD-000252,PROD-0009,2,44.9,17.0,89.8,4.49,34.0
ORD-000253-01,ORD-000253,PROD-0009,2,44.9,17.0,89.8,8.98,34.0
ORD-000254-01,ORD-000254,PROD-0005,2,349.9,221.0,699.8,34.99,442.0
ORD-000254-02,ORD-000254,PROD-0002,3,149.9,72.0,449.7,22.49,216.0
ORD-000255-01,ORD-000255,PROD-0003,1,229.9,118.0,229.9,0.0,118.0
ORD-000255-02,ORD-000255,PROD-0005,3,349.9,221.0,1049.7,0.0,663.0
ORD-000256-01,ORD-000256,PROD-0005,2,349.9,221.0,699.8,69.98,442.0
ORD-000257-01,ORD-000257,PROD-0006,1,189.9,91.0,189.9,0.0,91.0
ORD-000257-02,ORD-000257,PROD-0008,1,399.9,238.0,399.9,0.0,238.0
ORD-000257-03,ORD-000257,PROD-0001,1,59.9,24.5,59.9,0.0,24.5
ORD-000257-04,ORD-000257,PROD-0012,2,259.9,137.0,519.8,0.0,274.0
ORD-000258-01,ORD-000258,PROD-0007,1,279.9,154.0,279.9,0.0,154.0
ORD-000258-02,ORD-000258,PROD-0008,3,399.9,238.0,1199.7,0.0,714.0
ORD-000259-01,ORD-000259,PROD-0012,3,259.9,137.0,779.7,0.0,411.0
ORD-000260-01,ORD-000260,PROD-0011,2,179.9,82.0,359.8,0.0,164.0
ORD-000260-02,ORD-000260,PROD-0007,1,279.9,154.0,279.9,0.0,154.0
ORD-000261-01,ORD-000261,PROD-0006,1,189.9,91.0,189.9,28.48,91.0
ORD-000261-02,ORD-000261,PROD-0002,1,149.9,72.0,149.9,22.48,72.0
ORD-000262-01,ORD-000262,PROD-0003,2,229.9,118.0,459.8,68.97,236.0
ORD-000263-01,ORD-000263,PROD-0001,3,59.9,24.5,179.7,0.0,73.5
ORD-000263-02,ORD-000263,PROD-0008,2,399.9,238.0,799.8,0.0,476.0
ORD-000263-03,ORD-000263,PROD-0011,3,179.9,82.0,539.7,0.0,246.0
ORD-000264-01,ORD-000264,PROD-0002,1,149.9,72.0,149.9,0.0,72.0
ORD-000264-02,ORD-000264,PROD-0009,2,44.9,17.0,89.8,0.0,34.0
ORD-000265-01,ORD-000265,PROD-0010,3,219.9,93.0,659.7,0.0,279.0
ORD-000265-02,ORD-000265,PROD-0004,1,99.9,43.0,99.9,0.0,43.0
ORD-000265-03,ORD-000265,PROD-0006,3,189.9,91.0,569.7,0.0,273.0
ORD-000266-01,ORD-000266,PROD-0002,3,149.9,72.0,449.7,0.0,216.0
ORD-000266-02,ORD-000266,PROD-0012,1,259.9,137.0,259.9,0.0,137.0
ORD-000266-03,ORD-000266,PROD-0009,1,44.9,17.0,44.9,0.0,17.0
ORD-000267-01,ORD-000267,PROD-0009,1,44.9,17.0,44.9,6.73,17.0
ORD-000267-02,ORD-000267,PROD-0010,2,219.9,93.0,439.8,65.97,186.0
ORD-000267-03,ORD-000267,PROD-0011,1,179.9,82.0,179.9,26.98,82.0
ORD-000267-04,ORD-000267,PROD-0005,3,349.9,221.0,1049.7,157.45,663.0
ORD-000268-01,ORD-000268,PROD-0006,3,189.9,91.0,569.7,0.0,273.0
ORD-000268-02,ORD-000268,PROD-0001,1,59.9,24.5,59.9,0.0,24.5
ORD-000268-03,ORD-000268,PROD-0010,3,219.9,93.0,659.7,0.0,279.0
ORD-000268-04,ORD-000268,PROD-0005,1,349.9,221.0,349.9,0.0,221.0
ORD-000269-01,ORD-000269,PROD-0010,1,219.9,93.0,219.9,0.0,93.0
ORD-000269-02,ORD-000269,PROD-0011,3,179.9,82.0,539.7,0.0,246.0
ORD-000270-01,ORD-000270,PROD-0009,3,44.9,17.0,134.7,0.0,51.0
ORD-000270-02,ORD-000270,PROD-0007,2,279.9,154.0,559.8,0.0,308.0
ORD-000271-01,ORD-000271,PROD-0012,3,259.9,137.0,779.7,0.0,411.0
ORD-000271-02,ORD-000271,PROD-0006,3,189.9,91.0,569.7,0.0,273.0
ORD-000271-03,ORD-000271,PROD-0010,1,219.9,93.0,219.9,0.0,93.0
ORD-000271-04,ORD-000271,PROD-0004,2,99.9,43.0,199.8,0.0,86.0
ORD-000272-01,ORD-000272,PROD-0005,2,349.9,221.0,699.8,0.0,442.0
ORD-000272-02,ORD-000272,PROD-0001,1,59.9,24.5,59.9,0.0,24.5
ORD-000273-01,ORD-000273,PROD-0004,2,99.9,43.0,199.8,0.0,86.0
ORD-000273-02,ORD-000273,PROD-0005,1,349.9,221.0,349.9,0.0,221.0
ORD-000274-01,ORD-000274,PROD-0010,3,219.9,93.0,659.7,32.99,279.0
ORD-000275-01,ORD-000275,PROD-0004,3,99.9,43.0,299.7,14.99,129.0
ORD-000276-01,ORD-000276,PROD-0003,3,229.9,118.0,689.7,68.97,354.0
ORD-000276-02,ORD-000276,PROD-0001,3,59.9,24.5,179.7,17.97,73.5
ORD-000277-01,ORD-000277,PROD-0008,3,399.9,238.0,1199.7,0.0,714.0
ORD-000278-01,ORD-000278,PROD-0009,3,44.9,17.0,134.7,0.0,51.0
ORD-000278-02,ORD-000278,PROD-0004,3,99.9,43.0,299.7,0.0,129.0
ORD-000278-03,ORD-000278,PROD-0008,1,399.9,238.0,399.9,0.0,238.0
ORD-000278-04,ORD-000278,PROD-0007,3,279.9,154.0,839.7,0.0,462.0
ORD-000279-01,ORD-000279,PROD-0002,3,149.9,72.0,449.7,67.45,216.0
ORD-000280-01,ORD-000280,PROD-0010,1,219.9,93.0,219.9,0.0,93.0
ORD-000280-02,ORD-000280,PROD-0008,2,399.9,238.0,799.8,0.0,476.0
ORD-000280-03,ORD-000280,PROD-0012,1,259.9,137.0,259.9,0.0,137.0
ORD-000281-01,ORD-000281,PROD-0005,2,349.9,221.0,699.8,0.0,442.0
ORD-000281-02,ORD-000281,PROD-0001,3,59.9,24.5,179.7,0.0,73.5
ORD-000282-01,ORD-000282,PROD-0009,3,44.9,17.0,134.7,0.0,51.0
ORD-000282-02,ORD-000282,PROD-0008,1,399.9,238.0,399.9,0.0,238.0
ORD-000282-03,ORD-000282,PROD-0010,3,219.9,93.0,659.7,0.0,279.0
ORD-000283-01,ORD-000283,PROD-0008,3,399.9,238.0,1199.7,179.95,714.0
ORD-000284-01,ORD-000284,PROD-0009,3,44.9,17.0,134.7,6.73,51.0
ORD-000284-02,ORD-000284,PROD-0002,3,149.9,72.0,449.7,22.49,216.0
ORD-000284-03,ORD-000284,PROD-0006,1,189.9,91.0,189.9,9.5,91.0
ORD-000284-04,ORD-000284,PROD-0008,1,399.9,238.0,399.9,20.0,238.0
ORD-000285-01,ORD-000285,PROD-0001,3,59.9,24.5,179.7,8.98,73.5
ORD-000285-02,ORD-000285,PROD-0006,2,189.9,91.0,379.8,18.99,182.0
ORD-000286-01,ORD-000286,PROD-0004,2,99.9,43.0,199.8,0.0,86.0
ORD-000286-02,ORD-000286,PROD-0003,3,229.9,118.0,689.7,0.0,354.0
ORD-000286-03,ORD-000286,PROD-0006,1,189.9,91.0,189.9,0.0,91.0
ORD-000287-01,ORD-000287,PROD-0008,1,399.9,238.0,399.9,0.0,238.0
ORD-000287-02,ORD-000287,PROD-0009,3,44.9,17.0,134.7,0.0,51.0
ORD-000287-03,ORD-000287,PROD-0003,1,229.9,118.0,229.9,0.0,118.0
ORD-000288-01,ORD-000288,PROD-0011,1,179.9,82.0,179.9,0.0,82.0
ORD-000288-02,ORD-000288,PROD-0010,2,219.9,93.0,439.8,0.0,186.0
ORD-000289-01,ORD-000289,PROD-0007,1,279.9,154.0,279.9,0.0,154.0
ORD-000289-02,ORD-000289,PROD-0005,1,349.9,221.0,349.9,0.0,221.0
ORD-000289-03,ORD-000289,PROD-0008,1,399.9,238.0,399.9,0.0,238.0
ORD-000289-04,ORD-000289,PROD-0011,1,179.9,82.0,179.9,0.0,82.0
ORD-000290-01,ORD-000290,PROD-0006,1,189.9,91.0,189.9,0.0,91.0
ORD-000291-01,ORD-000291,PROD-0004,1,99.9,43.0,99.9,5.0,43.0
ORD-000291-02,ORD-000291,PROD-0012,2,259.9,137.0,519.8,25.99,274.0
ORD-000292-01,ORD-000292,PROD-0008,2,399.9,238.0,799.8,79.98,476.0
ORD-000292-02,ORD-000292,PROD-0004,1,99.9,43.0,99.9,9.99,43.0
ORD-000292-03,ORD-000292,PROD-0007,3,279.9,154.0,839.7,83.97,462.0
ORD-000293-01,ORD-000293,PROD-0009,1,44.9,17.0,44.9,6.73,17.0
ORD-000294-01,ORD-000294,PROD-0004,2,99.9,43.0,199.8,19.98,86.0
ORD-000295-01,ORD-000295,PROD-0008,2,399.9,238.0,799.8,119.97,476.0
ORD-000295-02,ORD-000295,PROD-0011,1,179.9,82.0,179.9,26.98,82.0
ORD-000296-01,ORD-000296,PROD-0008,2,399.9,238.0,799.8,0.0,476.0
ORD-000296-02,ORD-000296,PROD-0002,2,149.9,72.0,299.8,0.0,144.0
ORD-000297-01,ORD-000297,PROD-0012,2,259.9,137.0,519.8,0.0,274.0
ORD-000297-02,ORD-000297,PROD-0009,3,44.9,17.0,134.7,0.0,51.0
ORD-000297-03,ORD-000297,PROD-0010,2,219.9,93.0,439.8,0.0,186.0
ORD-000297-04,ORD-000297,PROD-0003,1,229.9,118.0,229.9,0.0,118.0
ORD-000298-01,ORD-000298,PROD-0012,3,259.9,137.0,779.7,0.0,411.0
ORD-000298-02,ORD-000298,PROD-0008,1,399.9,238.0,399.9,0.0,238.0
ORD-000298-03,ORD-000298,PROD-0005,1,349.9,221.0,349.9,0.0,221.0
ORD-000299-01,ORD-000299,PROD-0004,2,99.9,43.0,199.8,19.98,86.0
ORD-000299-02,ORD-000299,PROD-0012,2,259.9,137.0,519.8,51.98,274.0
ORD-000299-03,ORD-000299,PROD-0010,2,219.9,93.0,439.8,43.98,186.0
ORD-000299-04,ORD-000299,PROD-0008,1,399.9,238.0,399.9,39.99,238.0
ORD-000300-01,ORD-000300,PROD-0011,2,179.9,82.0,359.8,0.0,164.0
ORD-000301-01,ORD-000301,PROD-0010,3,219.9,93.0,659.7,0.0,279.0
ORD-000301-02,ORD-000301,PROD-0011,3,179.9,82.0,539.7,0.0,246.0
ORD-000301-03,ORD-000301,PROD-0012,1,259.9,137.0,259.9,0.0,137.0
ORD-000302-01,ORD-000302,PROD-0005,2,349.9,221.0,699.8,0.0,442.0
ORD-000303-01,ORD-000303,PROD-0010,3,219.9,93.0,659.7,0.0,279.0
ORD-000304-01,ORD-000304,PROD-0003,2,229.9,118.0,459.8,45.98,236.0
ORD-000304-02,ORD-000304,PROD-0010,3,219.9,93.0,659.7,65.97,279.0
ORD-000304-03,ORD-000304,PROD-0011,3,179.9,82.0,539.7,53.97,246.0
ORD-000305-01,ORD-000305,PROD-0008,3,399.9,238.0,1199.7,0.0,714.0
ORD-000306-01,ORD-000306,PROD-0012,2,259.9,137.0,519.8,77.97,274.0
ORD-000306-02,ORD-000306,PROD-0005,1,349.9,221.0,349.9,52.48,221.0
ORD-000307-01,ORD-000307,PROD-0003,1,229.9,118.0,229.9,0.0,118.0
ORD-000308-01,ORD-000308,PROD-0008,3,399.9,238.0,1199.7,0.0,714.0
ORD-000308-02,ORD-000308,PROD-0007,2,279.9,154.0,559.8,0.0,308.0
ORD-000308-03,ORD-000308,PROD-0001,3,59.9,24.5,179.7,0.0,73.5
ORD-000309-01,ORD-000309,PROD-0001,3,59.9,24.5,179.7,0.0,73.5
ORD-000309-02,ORD-000309,PROD-0006,3,189.9,91.0,569.7,0.0,273.0
ORD-000309-03,ORD-000309,PROD-0007,1,279.9,154.0,279.9,0.0,154.0
ORD-000310-01,ORD-000310,PROD-0002,2,149.9,72.0,299.8,44.97,144.0
ORD-000310-02,ORD-000310,PROD-0008,2,399.9,238.0,799.8,119.97,476.0
ORD-000310-03,ORD-000310,PROD-0004,1,99.9,43.0,99.9,14.98,43.0
ORD-000310-04,ORD-000310,PROD-0006,3,189.9,91.0,569.7,85.45,273.0
ORD-000311-01,ORD-000311,PROD-0004,2,99.9,43.0,199.8,0.0,86.0
ORD-000311-02,ORD-000311,PROD-0006,3,189.9,91.0,569.7,0.0,273.0
ORD-000312-01,ORD-000312,PROD-0007,2,279.9,154.0,559.8,0.0,308.0
ORD-000312-02,ORD-000312,PROD-0009,1,44.9,17.0,44.9,0.0,17.0
ORD-000312-03,ORD-000312,PROD-0002,3,149.9,72.0,449.7,0.0,216.0
ORD-000312-04,ORD-000312,PROD-0001,3,59.9,24.5,179.7,0.0,73.5
ORD-000313-01,ORD-000313,PROD-0006,1,189.9,91.0,189.9,18.99,91.0
ORD-000313-02,ORD-000313,PROD-0004,2,99.9,43.0,199.8,19.98,86.0
ORD-000314-01,ORD-000314,PROD-0004,3,99.9,43.0,299.7,0.0,129.0
ORD-000315-01,ORD-000315,PROD-0010,2,219.9,93.0,439.8,0.0,186.0
ORD-000315-02,ORD-000315,PROD-0006,1,189.9,91.0,189.9,0.0,91.0
ORD-000315-03,ORD-000315,PROD-0009,1,44.9,17.0,44.9,0.0,17.0
ORD-000316-01,ORD-000316,PROD-0010,1,219.9,93.0,219.9,11.0,93.0
ORD-000316-02,ORD-000316,PROD-0006,3,189.9,91.0,569.7,28.49,273.0
ORD-000316-03,ORD-000316,PROD-0005,3,349.9,221.0,1049.7,52.48,663.0
ORD-000316-04,ORD-000316,PROD-0011,3,179.9,82.0,539.7,26.99,246.0
ORD-000317-01,ORD-000317,PROD-0008,3,399.9,238.0,1199.7,0.0,714.0
ORD-000317-02,ORD-000317,PROD-0004,2,99.9,43.0,199.8,0.0,86.0
ORD-000317-03,ORD-000317,PROD-0011,2,179.9,82.0,359.8,0.0,164.0
ORD-000317-04,ORD-000317,PROD-0003,2,229.9,118.0,459.8,0.0,236.0
ORD-000318-01,ORD-000318,PROD-0003,3,229.9,118.0,689.7,0.0,354.0
ORD-000318-02,ORD-000318,PROD-0005,1,349.9,221.0,349.9,0.0,221.0
ORD-000318-03,ORD-000318,PROD-0006,2,189.9,91.0,379.8,0.0,182.0
ORD-000318-04,ORD-000318,PROD-0012,3,259.9,137.0,779.7,0.0,411.0
ORD-000319-01,ORD-000319,PROD-0008,1,399.9,238.0,399.9,0.0,238.0
ORD-000319-02,ORD-000319,PROD-0007,2,279.9,154.0,559.8,0.0,308.0
ORD-000320-01,ORD-000320,PROD-0012,3,259.9,137.0,779.7,0.0,411.0
ORD-000321-01,ORD-000321,PROD-0002,2,149.9,72.0,299.8,0.0,144.0
ORD-000321-02,ORD-000321,PROD-0010,2,219.9,93.0,439.8,0.0,186.0
ORD-000321-03,ORD-000321,PROD-0012,3,259.9,137.0,779.7,0.0,411.0
ORD-000321-04,ORD-000321,PROD-0007,3,279.9,154.0,839.7,0.0,462.0
ORD-000322-01,ORD-000322,PROD-0004,3,99.9,43.0,299.7,29.97,129.0
ORD-000322-02,ORD-000322,PROD-0012,3,259.9,137.0,779.7,77.97,411.0
ORD-000322-03,ORD-000322,PROD-0006,2,189.9,91.0,379.8,37.98,182.0
ORD-000322-04,ORD-000322,PROD-0005,2,349.9,221.0,699.8,69.98,442.0
ORD-000323-01,ORD-000323,PROD-0001,3,59.9,24.5,179.7,0.0,73.5
ORD-000324-01,ORD-000324,PROD-0007,1,279.9,154.0,279.9,41.98,154.0
ORD-000324-02,ORD-000324,PROD-0012,3,259.9,137.0,779.7,116.95,411.0
ORD-000324-03,ORD-000324,PROD-0011,1,179.9,82.0,179.9,26.98,82.0
ORD-000324-04,ORD-000324,PROD-0009,2,44.9,17.0,89.8,13.47,34.0
ORD-000325-01,ORD-000325,PROD-0011,1,179.9,82.0,179.9,0.0,82.0
ORD-000326-01,ORD-000326,PROD-0010,2,219.9,93.0,439.8,21.99,186.0
ORD-000326-02,ORD-000326,PROD-0003,3,229.9,118.0,689.7,34.49,354.0
ORD-000326-03,ORD-000326,PROD-0008,2,399.9,238.0,799.8,39.99,476.0
ORD-000326-04,ORD-000326,PROD-0009,2,44.9,17.0,89.8,4.49,34.0
ORD-000327-01,ORD-000327,PROD-0001,2,59.9,24.5,119.8,11.98,49.0
ORD-000327-02,ORD-000327,PROD-0012,3,259.9,137.0,779.7,77.97,411.0
ORD-000327-03,ORD-000327,PROD-0010,2,219.9,93.0,439.8,43.98,186.0
ORD-000328-01,ORD-000328,PROD-0004,2,99.9,43.0,199.8,9.99,86.0
ORD-000329-01,ORD-000329,PROD-0010,2,219.9,93.0,439.8,21.99,186.0
ORD-000329-02,ORD-000329,PROD-0006,2,189.9,91.0,379.8,18.99,182.0
ORD-000329-03,ORD-000329,PROD-0007,1,279.9,154.0,279.9,13.99,154.0
ORD-000329-04,ORD-000329,PROD-0011,1,179.9,82.0,179.9,9.0,82.0
ORD-000330-01,ORD-000330,PROD-0012,2,259.9,137.0,519.8,51.98,274.0
ORD-000330-02,ORD-000330,PROD-0010,2,219.9,93.0,439.8,43.98,186.0
ORD-000330-03,ORD-000330,PROD-0001,1,59.9,24.5,59.9,5.99,24.5
ORD-000331-01,ORD-000331,PROD-0010,3,219.9,93.0,659.7,0.0,279.0
ORD-000331-02,ORD-000331,PROD-0003,2,229.9,118.0,459.8,0.0,236.0
ORD-000332-01,ORD-000332,PROD-0008,2,399.9,238.0,799.8,0.0,476.0
ORD-000332-02,ORD-000332,PROD-0007,1,279.9,154.0,279.9,0.0,154.0
ORD-000333-01,ORD-000333,PROD-0007,3,279.9,154.0,839.7,0.0,462.0
ORD-000333-02,ORD-000333,PROD-0008,3,399.9,238.0,1199.7,0.0,714.0
ORD-000333-03,ORD-000333,PROD-0005,1,349.9,221.0,349.9,0.0,221.0
ORD-000333-04,ORD-000333,PROD-0011,2,179.9,82.0,359.8,0.0,164.0
ORD-000334-01,ORD-000334,PROD-0009,1,44.9,17.0,44.9,2.25,17.0
ORD-000334-02,ORD-000334,PROD-0011,3,179.9,82.0,539.7,26.99,246.0
ORD-000334-03,ORD-000334,PROD-0001,3,59.9,24.5,179.7,8.98,73.5
ORD-000335-01,ORD-000335,PROD-0011,3,179.9,82.0,539.7,80.95,246.0
ORD-000335-02,ORD-000335,PROD-0004,2,99.9,43.0,199.8,29.97,86.0
ORD-000335-03,ORD-000335,PROD-0010,3,219.9,93.0,659.7,98.95,279.0
ORD-000335-04,ORD-000335,PROD-0012,3,259.9,137.0,779.7,116.95,411.0
ORD-000336-01,ORD-000336,PROD-0006,1,189.9,91.0,189.9,18.99,91.0
ORD-000336-02,ORD-000336,PROD-0004,1,99.9,43.0,99.9,9.99,43.0
ORD-000336-03,ORD-000336,PROD-0005,1,349.9,221.0,349.9,34.99,221.0
ORD-000336-04,ORD-000336,PROD-0010,3,219.9,93.0,659.7,65.97,279.0
ORD-000337-01,ORD-000337,PROD-0002,2,149.9,72.0,299.8,0.0,144.0
ORD-000337-02,ORD-000337,PROD-0003,2,229.9,118.0,459.8,0.0,236.0
ORD-000338-01,ORD-000338,PROD-0005,2,349.9,221.0,699.8,104.97,442.0
ORD-000338-02,ORD-000338,PROD-0003,1,229.9,118.0,229.9,34.48,118.0
ORD-000338-03,ORD-000338,PROD-0002,2,149.9,72.0,299.8,44.97,144.0
ORD-000339-01,ORD-000339,PROD-0002,1,149.9,72.0,149.9,14.99,72.0
ORD-000339-02,ORD-000339,PROD-0003,3,229.9,118.0,689.7,68.97,354.0
ORD-000339-03,ORD-000339,PROD-0009,3,44.9,17.0,134.7,13.47,51.0
ORD-000339-04,ORD-000339,PROD-0007,1,279.9,154.0,279.9,27.99,154.0
ORD-000340-01,ORD-000340,PROD-0003,3,229.9,118.0,689.7,34.49,354.0
ORD-000340-02,ORD-000340,PROD-0011,2,179.9,82.0,359.8,17.99,164.0
ORD-000340-03,ORD-000340,PROD-0001,2,59.9,24.5,119.8,5.99,49.0
ORD-000340-04,ORD-000340,PROD-0010,1,219.9,93.0,219.9,11.0,93.0
ORD-000341-01,ORD-000341,PROD-0009,1,44.9,17.0,44.9,2.25,17.0
ORD-000342-01,ORD-000342,PROD-0006,3,189.9,91.0,569.7,0.0,273.0
ORD-000343-01,ORD-000343,PROD-0002,1,149.9,72.0,149.9,0.0,72.0
ORD-000343-02,ORD-000343,PROD-0011,3,179.9,82.0,539.7,0.0,246.0
ORD-000343-03,ORD-000343,PROD-0006,2,189.9,91.0,379.8,0.0,182.0
ORD-000343-04,ORD-000343,PROD-0008,3,399.9,238.0,1199.7,0.0,714.0
ORD-000344-01,ORD-000344,PROD-0008,1,399.9,238.0,399.9,0.0,238.0
ORD-000344-02,ORD-000344,PROD-0009,1,44.9,17.0,44.9,0.0,17.0
ORD-000344-03,ORD-000344,PROD-0012,2,259.9,137.0,519.8,0.0,274.0
ORD-000345-01,ORD-000345,PROD-0012,1,259.9,137.0,259.9,25.99,137.0
ORD-000345-02,ORD-000345,PROD-0010,1,219.9,93.0,219.9,21.99,93.0
ORD-000346-01,ORD-000346,PROD-0011,2,179.9,82.0,359.8,53.97,164.0
ORD-000346-02,ORD-000346,PROD-0001,1,59.9,24.5,59.9,8.98,24.5
ORD-000347-01,ORD-000347,PROD-0007,3,279.9,154.0,839.7,83.97,462.0
ORD-000347-02,ORD-000347,PROD-0006,3,189.9,91.0,569.7,56.97,273.0
ORD-000348-01,ORD-000348,PROD-0005,1,349.9,221.0,349.9,0.0,221.0
ORD-000349-01,ORD-000349,PROD-0003,1,229.9,118.0,229.9,0.0,118.0
ORD-000349-02,ORD-000349,PROD-0001,1,59.9,24.5,59.9,0.0,24.5
ORD-000349-03,ORD-000349,PROD-0008,1,399.9,238.0,399.9,0.0,238.0
ORD-000349-04,ORD-000349,PROD-0002,1,149.9,72.0,149.9,0.0,72.0
ORD-000350-01,ORD-000350,PROD-0011,3,179.9,82.0,539.7,80.95,246.0
ORD-000350-02,ORD-000350,PROD-0005,2,349.9,221.0,699.8,104.97,442.0
ORD-000351-01,ORD-000351,PROD-0006,3,189.9,91.0,569.7,0.0,273.0
ORD-000351-02,ORD-000351,PROD-0007,1,279.9,154.0,279.9,0.0,154.0
ORD-000351-03,ORD-000351,PROD-0001,1,59.9,24.5,59.9,0.0,24.5
ORD-000352-01,ORD-000352,PROD-0001,1,59.9,24.5,59.9,8.98,24.5
ORD-000352-02,ORD-000352,PROD-0004,3,99.9,43.0,299.7,44.96,129.0
ORD-000352-03,ORD-000352,PROD-0002,2,149.9,72.0,299.8,44.97,144.0
ORD-000353-01,ORD-000353,PROD-0001,1,59.9,24.5,59.9,0.0,24.5
ORD-000353-02,ORD-000353,PROD-0002,1,149.9,72.0,149.9,0.0,72.0
ORD-000353-03,ORD-000353,PROD-0012,1,259.9,137.0,259.9,0.0,137.0
ORD-000353-04,ORD-000353,PROD-0009,2,44.9,17.0,89.8,0.0,34.0
ORD-000354-01,ORD-000354,PROD-0004,1,99.9,43.0,99.9,14.98,43.0
ORD-000354-02,ORD-000354,PROD-0002,1,149.9,72.0,149.9,22.48,72.0
ORD-000354-03,ORD-000354,PROD-0006,1,189.9,91.0,189.9,28.48,91.0
ORD-000355-01,ORD-000355,PROD-0003,2,229.9,118.0,459.8,22.99,236.0
ORD-000355-02,ORD-000355,PROD-0007,3,279.9,154.0,839.7,41.98,462.0
ORD-000355-03,ORD-000355,PROD-0006,1,189.9,91.0,189.9,9.5,91.0
ORD-000355-04,ORD-000355,PROD-0012,3,259.9,137.0,779.7,38.98,411.0
ORD-000356-01,ORD-000356,PROD-0008,1,399.9,238.0,399.9,0.0,238.0
ORD-000356-02,ORD-000356,PROD-0007,2,279.9,154.0,559.8,0.0,308.0
ORD-000356-03,ORD-000356,PROD-0003,3,229.9,118.0,689.7,0.0,354.0
ORD-000356-04,ORD-000356,PROD-0006,1,189.9,91.0,189.9,0.0,91.0
ORD-000357-01,ORD-000357,PROD-0005,1,349.9,221.0,349.9,34.99,221.0
ORD-000357-02,ORD-000357,PROD-0001,2,59.9,24.5,119.8,11.98,49.0
ORD-000357-03,ORD-000357,PROD-0007,2,279.9,154.0,559.8,55.98,308.0
ORD-000357-04,ORD-000357,PROD-0004,3,99.9,43.0,299.7,29.97,129.0
ORD-000358-01,ORD-000358,PROD-0008,1,399.9,238.0,399.9,39.99,238.0
ORD-000358-02,ORD-000358,PROD-0002,1,149.9,72.0,149.9,14.99,72.0
ORD-000358-03,ORD-000358,PROD-0012,3,259.9,137.0,779.7,77.97,411.0
ORD-000358-04,ORD-000358,PROD-0010,1,219.9,93.0,219.9,21.99,93.0
ORD-000359-01,ORD-000359,PROD-0003,3,229.9,118.0,689.7,0.0,354.0
ORD-000359-02,ORD-000359,PROD-0008,3,399.9,238.0,1199.7,0.0,714.0
ORD-000359-03,ORD-000359,PROD-0010,1,219.9,93.0,219.9,0.0,93.0
ORD-000360-01,ORD-000360,PROD-0007,3,279.9,154.0,839.7,125.95,462.0
ORD-000361-01,ORD-000361,PROD-0010,2,219.9,93.0,439.8,43.98,186.0
ORD-000362-01,ORD-000362,PROD-0006,3,189.9,91.0,569.7,28.49,273.0
ORD-000362-02,ORD-000362,PROD-0003,1,229.9,118.0,229.9,11.5,118.0
ORD-000362-03,ORD-000362,PROD-0009,3,44.9,17.0,134.7,6.73,51.0
ORD-000363-01,ORD-000363,PROD-0012,2,259.9,137.0,519.8,51.98,274.0
ORD-000363-02,ORD-000363,PROD-0004,2,99.9,43.0,199.8,19.98,86.0
ORD-000364-01,ORD-000364,PROD-0008,3,399.9,238.0,1199.7,59.98,714.0
ORD-000365-01,ORD-000365,PROD-0002,2,149.9,72.0,299.8,0.0,144.0
ORD-000365-02,ORD-000365,PROD-0012,1,259.9,137.0,259.9,0.0,137.0
ORD-000365-03,ORD-000365,PROD-0007,1,279.9,154.0,279.9,0.0,154.0
ORD-000365-04,ORD-000365,PROD-0003,1,229.9,118.0,229.9,0.0,118.0
ORD-000366-01,ORD-000366,PROD-0008,2,399.9,238.0,799.8,0.0,476.0
ORD-000366-02,ORD-000366,PROD-0006,2,189.9,91.0,379.8,0.0,182.0
ORD-000367-01,ORD-000367,PROD-0011,2,179.9,82.0,359.8,53.97,164.0
ORD-000367-02,ORD-000367,PROD-0012,3,259.9,137.0,779.7,116.95,411.0
ORD-000367-03,ORD-000367,PROD-0006,3,189.9,91.0,569.7,85.45,273.0
ORD-000368-01,ORD-000368,PROD-0008,2,399.9,238.0,799.8,0.0,476.0
ORD-000368-02,ORD-000368,PROD-0006,1,189.9,91.0,189.9,0.0,91.0
ORD-000369-01,ORD-000369,PROD-0003,1,229.9,118.0,229.9,0.0,118.0
ORD-000369-02,ORD-000369,PROD-0004,1,99.9,43.0,99.9,0.0,43.0
ORD-000370-01,ORD-000370,PROD-0003,3,229.9,118.0,689.7,0.0,354.0
ORD-000370-02,ORD-000370,PROD-0006,1,189.9,91.0,189.9,0.0,91.0
ORD-000370-03,ORD-000370,PROD-0008,3,399.9,238.0,1199.7,0.0,714.0
ORD-000371-01,ORD-000371,PROD-0011,2,179.9,82.0,359.8,0.0,164.0
ORD-000371-02,ORD-000371,PROD-0005,3,349.9,221.0,1049.7,0.0,663.0
ORD-000371-03,ORD-000371,PROD-0008,3,399.9,238.0,1199.7,0.0,714.0
ORD-000372-01,ORD-000372,PROD-0005,1,349.9,221.0,349.9,0.0,221.0
ORD-000373-01,ORD-000373,PROD-0005,1,349.9,221.0,349.9,0.0,221.0
ORD-000373-02,ORD-000373,PROD-0004,1,99.9,43.0,99.9,0.0,43.0
ORD-000374-01,ORD-000374,PROD-0007,2,279.9,154.0,559.8,55.98,308.0
ORD-000374-02,ORD-000374,PROD-0003,2,229.9,118.0,459.8,45.98,236.0
ORD-000374-03,ORD-000374,PROD-0012,2,259.9,137.0,519.8,51.98,274.0
ORD-000375-01,ORD-000375,PROD-0008,3,399.9,238.0,1199.7,179.95,714.0
ORD-000375-02,ORD-000375,PROD-0005,2,349.9,221.0,699.8,104.97,442.0
ORD-000375-03,ORD-000375,PROD-0003,1,229.9,118.0,229.9,34.48,118.0
ORD-000375-04,ORD-000375,PROD-0007,3,279.9,154.0,839.7,125.95,462.0
ORD-000376-01,ORD-000376,PROD-0011,3,179.9,82.0,539.7,26.99,246.0
ORD-000376-02,ORD-000376,PROD-0005,2,349.9,221.0,699.8,34.99,442.0
ORD-000376-03,ORD-000376,PROD-0007,3,279.9,154.0,839.7,41.98,462.0
ORD-000376-04,ORD-000376,PROD-0003,3,229.9,118.0,689.7,34.49,354.0
ORD-000377-01,ORD-000377,PROD-0004,2,99.9,43.0,199.8,19.98,86.0
ORD-000377-02,ORD-000377,PROD-0001,2,59.9,24.5,119.8,11.98,49.0
ORD-000377-03,ORD-000377,PROD-0011,3,179.9,82.0,539.7,53.97,246.0
ORD-000377-04,ORD-000377,PROD-0003,3,229.9,118.0,689.7,68.97,354.0
ORD-000378-01,ORD-000378,PROD-0008,3,399.9,238.0,1199.7,0.0,714.0
ORD-000378-02,ORD-000378,PROD-0002,2,149.9,72.0,299.8,0.0,144.0
ORD-000378-03,ORD-000378,PROD-0010,3,219.9,93.0,659.7,0.0,279.0
ORD-000379-01,ORD-000379,PROD-0003,1,229.9,118.0,229.9,34.48,118.0
ORD-000379-02,ORD-000379,PROD-0010,2,219.9,93.0,439.8,65.97,186.0
ORD-000379-03,ORD-000379,PROD-0001,2,59.9,24.5,119.8,17.97,49.0
ORD-000380-01,ORD-000380,PROD-0009,3,44.9,17.0,134.7,0.0,51.0
ORD-000380-02,ORD-000380,PROD-0011,1,179.9,82.0,179.9,0.0,82.0
ORD-000380-03,ORD-000380,PROD-0002,3,149.9,72.0,449.7,0.0,216.0
ORD-000381-01,ORD-000381,PROD-0002,2,149.9,72.0,299.8,0.0,144.0
ORD-000381-02,ORD-000381,PROD-0009,1,44.9,17.0,44.9,0.0,17.0
ORD-000381-03,ORD-000381,PROD-0010,1,219.9,93.0,219.9,0.0,93.0
ORD-000382-01,ORD-000382,PROD-0009,3,44.9,17.0,134.7,0.0,51.0
ORD-000382-02,ORD-000382,PROD-0010,3,219.9,93.0,659.7,0.0,279.0
ORD-000383-01,ORD-000383,PROD-0012,2,259.9,137.0,519.8,0.0,274.0
ORD-000383-02,ORD-000383,PROD-0006,3,189.9,91.0,569.7,0.0,273.0
ORD-000383-03,ORD-000383,PROD-0003,3,229.9,118.0,689.7,0.0,354.0
ORD-000384-01,ORD-000384,PROD-0003,1,229.9,118.0,229.9,0.0,118.0
ORD-000384-02,ORD-000384,PROD-0004,2,99.9,43.0,199.8,0.0,86.0
ORD-000384-03,ORD-000384,PROD-0012,3,259.9,137.0,779.7,0.0,411.0
ORD-000385-01,ORD-000385,PROD-0002,2,149.9,72.0,299.8,29.98,144.0
ORD-000385-02,ORD-000385,PROD-0005,3,349.9,221.0,1049.7,104.97,663.0
ORD-000385-03,ORD-000385,PROD-0001,1,59.9,24.5,59.9,5.99,24.5
ORD-000385-04,ORD-000385,PROD-0012,1,259.9,137.0,259.9,25.99,137.0
ORD-000386-01,ORD-000386,PROD-0010,1,219.9,93.0,219.9,0.0,93.0
ORD-000386-02,ORD-000386,PROD-0006,3,189.9,91.0,569.7,0.0,273.0
ORD-000386-03,ORD-000386,PROD-0011,3,179.9,82.0,539.7,0.0,246.0
ORD-000387-01,ORD-000387,PROD-0003,3,229.9,118.0,689.7,0.0,354.0
ORD-000387-02,ORD-000387,PROD-0009,1,44.9,17.0,44.9,0.0,17.0
ORD-000387-03,ORD-000387,PROD-0001,1,59.9,24.5,59.9,0.0,24.5
ORD-000388-01,ORD-000388,PROD-0007,3,279.9,154.0,839.7,0.0,462.0
ORD-000388-02,ORD-000388,PROD-0012,1,259.9,137.0,259.9,0.0,137.0
ORD-000388-03,ORD-000388,PROD-0004,2,99.9,43.0,199.8,0.0,86.0
ORD-000389-01,ORD-000389,PROD-0002,2,149.9,72.0,299.8,44.97,144.0
ORD-000390-01,ORD-000390,PROD-0007,2,279.9,154.0,559.8,0.0,308.0
ORD-000390-02,ORD-000390,PROD-0004,3,99.9,43.0,299.7,0.0,129.0
ORD-000390-03,ORD-000390,PROD-0002,2,149.9,72.0,299.8,0.0,144.0
ORD-000391-01,ORD-000391,PROD-0007,1,279.9,154.0,279.9,0.0,154.0
ORD-000391-02,ORD-000391,PROD-0010,2,219.9,93.0,439.8,0.0,186.0
ORD-000391-03,ORD-000391,PROD-0002,1,149.9,72.0,149.9,0.0,72.0
ORD-000391-04,ORD-000391,PROD-0003,2,229.9,118.0,459.8,0.0,236.0
ORD-000392-01,ORD-000392,PROD-0011,2,179.9,82.0,359.8,53.97,164.0
ORD-000392-02,ORD-000392,PROD-0007,3,279.9,154.0,839.7,125.95,462.0
ORD-000392-03,ORD-000392,PROD-0006,3,189.9,91.0,569.7,85.45,273.0
ORD-000393-01,ORD-000393,PROD-0001,3,59.9,24.5,179.7,8.98,73.5
ORD-000393-02,ORD-000393,PROD-0002,1,149.9,72.0,149.9,7.5,72.0
ORD-000394-01,ORD-000394,PROD-0002,3,149.9,72.0,449.7,0.0,216.0
ORD-000395-01,ORD-000395,PROD-0001,2,59.9,24.5,119.8,11.98,49.0
ORD-000396-01,ORD-000396,PROD-0012,2,259.9,137.0,519.8,51.98,274.0
ORD-000396-02,ORD-000396,PROD-0003,1,229.9,118.0,229.9,22.99,118.0
ORD-000396-03,ORD-000396,PROD-0008,2,399.9,238.0,799.8,79.98,476.0
ORD-000397-01,ORD-000397,PROD-0009,2,44.9,17.0,89.8,4.49,34.0
ORD-000397-02,ORD-000397,PROD-0001,2,59.9,24.5,119.8,5.99,49.0
ORD-000398-01,ORD-000398,PROD-0006,3,189.9,91.0,569.7,56.97,273.0
ORD-000398-02,ORD-000398,PROD-0010,2,219.9,93.0,439.8,43.98,186.0
ORD-000398-03,ORD-000398,PROD-0001,2,59.9,24.5,119.8,11.98,49.0
ORD-000399-01,ORD-000399,PROD-0012,1,259.9,137.0,259.9,0.0,137.0
ORD-000400-01,ORD-000400,PROD-0005,2,349.9,221.0,699.8,34.99,442.0
ORD-000400-02,ORD-000400,PROD-0001,2,59.9,24.5,119.8,5.99,49.0
ORD-000400-03,ORD-000400,PROD-0008,3,399.9,238.0,1199.7,59.98,714.0
ORD-000400-04,ORD-000400,PROD-0011,2,179.9,82.0,359.8,17.99,164.0
ORD-000401-01,ORD-000401,PROD-0003,2,229.9,118.0,459.8,45.98,236.0
ORD-000401-02,ORD-000401,PROD-0010,2,219.9,93.0,439.8,43.98,186.0
ORD-000401-03,ORD-000401,PROD-0005,1,349.9,221.0,349.9,34.99,221.0
ORD-000402-01,ORD-000402,PROD-0012,3,259.9,137.0,779.7,38.98,411.0
ORD-000403-01,ORD-000403,PROD-0011,2,179.9,82.0,359.8,17.99,164.0
ORD-000404-01,ORD-000404,PROD-0001,3,59.9,24.5,179.7,17.97,73.5
ORD-000404-02,ORD-000404,PROD-0011,3,179.9,82.0,539.7,53.97,246.0
ORD-000405-01,ORD-000405,PROD-0010,1,219.9,93.0,219.9,21.99,93.0
ORD-000405-02,ORD-000405,PROD-0011,2,179.9,82.0,359.8,35.98,164.0
ORD-000405-03,ORD-000405,PROD-0001,2,59.9,24.5,119.8,11.98,49.0
ORD-000405-04,ORD-000405,PROD-0009,1,44.9,17.0,44.9,4.49,17.0
ORD-000406-01,ORD-000406,PROD-0011,3,179.9,82.0,539.7,26.99,246.0
ORD-000406-02,ORD-000406,PROD-0003,3,229.9,118.0,689.7,34.49,354.0
ORD-000406-03,ORD-000406,PROD-0005,1,349.9,221.0,349.9,17.5,221.0
ORD-000407-01,ORD-000407,PROD-0007,1,279.9,154.0,279.9,13.99,154.0
ORD-000407-02,ORD-000407,PROD-0011,2,179.9,82.0,359.8,17.99,164.0
ORD-000407-03,ORD-000407,PROD-0001,1,59.9,24.5,59.9,3.0,24.5
ORD-000407-04,ORD-000407,PROD-0004,1,99.9,43.0,99.9,5.0,43.0
ORD-000408-01,ORD-000408,PROD-0006,3,189.9,91.0,569.7,0.0,273.0
ORD-000409-01,ORD-000409,PROD-0009,3,44.9,17.0,134.7,20.2,51.0
ORD-000410-01,ORD-000410,PROD-0012,1,259.9,137.0,259.9,0.0,137.0
ORD-000410-02,ORD-000410,PROD-0004,1,99.9,43.0,99.9,0.0,43.0
ORD-000410-03,ORD-000410,PROD-0007,1,279.9,154.0,279.9,0.0,154.0
ORD-000410-04,ORD-000410,PROD-0011,1,179.9,82.0,179.9,0.0,82.0
ORD-000411-01,ORD-000411,PROD-0011,2,179.9,82.0,359.8,0.0,164.0
ORD-000411-02,ORD-000411,PROD-0004,2,99.9,43.0,199.8,0.0,86.0
ORD-000411-03,ORD-000411,PROD-0005,3,349.9,221.0,1049.7,0.0,663.0
ORD-000411-04,ORD-000411,PROD-0003,2,229.9,118.0,459.8,0.0,236.0
ORD-000412-01,ORD-000412,PROD-0005,3,349.9,221.0,1049.7,157.45,663.0
ORD-000412-02,ORD-000412,PROD-0011,1,179.9,82.0,179.9,26.98,82.0
ORD-000412-03,ORD-000412,PROD-0006,2,189.9,91.0,379.8,56.97,182.0
ORD-000412-04,ORD-000412,PROD-0002,2,149.9,72.0,299.8,44.97,144.0
ORD-000413-01,ORD-000413,PROD-0001,2,59.9,24.5,119.8,5.99,49.0
ORD-000413-02,ORD-000413,PROD-0005,3,349.9,221.0,1049.7,52.48,663.0
ORD-000413-03,ORD-000413,PROD-0002,2,149.9,72.0,299.8,14.99,144.0
ORD-000413-04,ORD-000413,PROD-0008,2,399.9,238.0,799.8,39.99,476.0
ORD-000414-01,ORD-000414,PROD-0008,3,399.9,238.0,1199.7,179.95,714.0
ORD-000414-02,ORD-000414,PROD-0001,3,59.9,24.5,179.7,26.95,73.5
ORD-000414-03,ORD-000414,PROD-0011,1,179.9,82.0,179.9,26.98,82.0
ORD-000415-01,ORD-000415,PROD-0003,1,229.9,118.0,229.9,0.0,118.0
ORD-000416-01,ORD-000416,PROD-0005,2,349.9,221.0,699.8,0.0,442.0
ORD-000416-02,ORD-000416,PROD-0004,2,99.9,43.0,199.8,0.0,86.0
ORD-000416-03,ORD-000416,PROD-0002,1,149.9,72.0,149.9,0.0,72.0
ORD-000417-01,ORD-000417,PROD-0008,1,399.9,238.0,399.9,59.98,238.0
ORD-000418-01,ORD-000418,PROD-0003,1,229.9,118.0,229.9,0.0,118.0
ORD-000418-02,ORD-000418,PROD-0010,3,219.9,93.0,659.7,0.0,279.0
ORD-000418-03,ORD-000418,PROD-0002,3,149.9,72.0,449.7,0.0,216.0
ORD-000419-01,ORD-000419,PROD-0003,2,229.9,118.0,459.8,0.0,236.0
ORD-000419-02,ORD-000419,PROD-0007,3,279.9,154.0,839.7,0.0,462.0
ORD-000419-03,ORD-000419,PROD-0004,3,99.9,43.0,299.7,0.0,129.0
ORD-000419-04,ORD-000419,PROD-0010,1,219.9,93.0,219.9,0.0,93.0
ORD-000420-01,ORD-000420,PROD-0002,2,149.9,72.0,299.8,0.0,144.0
ORD-000420-02,ORD-000420,PROD-0001,3,59.9,24.5,179.7,0.0,73.5
ORD-000420-03,ORD-000420,PROD-0008,2,399.9,238.0,799.8,0.0,476.0
ORD-000420-04,ORD-000420,PROD-0003,3,229.9,118.0,689.7,0.0,354.0
ORD-000421-01,ORD-000421,PROD-0006,1,189.9,91.0,189.9,0.0,91.0
ORD-000421-02,ORD-000421,PROD-0010,2,219.9,93.0,439.8,0.0,186.0
ORD-000421-03,ORD-000421,PROD-0011,3,179.9,82.0,539.7,0.0,246.0
ORD-000421-04,ORD-000421,PROD-0001,3,59.9,24.5,179.7,0.0,73.5
ORD-000422-01,ORD-000422,PROD-0006,2,189.9,91.0,379.8,0.0,182.0
ORD-000422-02,ORD-000422,PROD-0008,3,399.9,238.0,1199.7,0.0,714.0
ORD-000422-03,ORD-000422,PROD-0003,3,229.9,118.0,689.7,0.0,354.0
ORD-000422-04,ORD-000422,PROD-0002,2,149.9,72.0,299.8,0.0,144.0
ORD-000423-01,ORD-000423,PROD-0010,2,219.9,93.0,439.8,21.99,186.0
ORD-000423-02,ORD-000423,PROD-0005,2,349.9,221.0,699.8,34.99,442.0
ORD-000423-03,ORD-000423,PROD-0009,1,44.9,17.0,44.9,2.25,17.0
ORD-000424-01,ORD-000424,PROD-0003,1,229.9,118.0,229.9,0.0,118.0
ORD-000424-02,ORD-000424,PROD-0008,2,399.9,238.0,799.8,0.0,476.0
ORD-000424-03,ORD-000424,PROD-0007,1,279.9,154.0,279.9,0.0,154.0
ORD-000425-01,ORD-000425,PROD-0004,2,99.9,43.0,199.8,0.0,86.0
ORD-000426-01,ORD-000426,PROD-0007,1,279.9,154.0,279.9,0.0,154.0
ORD-000426-02,ORD-000426,PROD-0002,2,149.9,72.0,299.8,0.0,144.0
ORD-000427-01,ORD-000427,PROD-0006,1,189.9,91.0,189.9,0.0,91.0
ORD-000428-01,ORD-000428,PROD-0006,1,189.9,91.0,189.9,0.0,91.0
ORD-000428-02,ORD-000428,PROD-0010,3,219.9,93.0,659.7,0.0,279.0
ORD-000428-03,ORD-000428,PROD-0003,2,229.9,118.0,459.8,0.0,236.0
ORD-000428-04,ORD-000428,PROD-0004,2,99.9,43.0,199.8,0.0,86.0
ORD-000429-01,ORD-000429,PROD-0003,2,229.9,118.0,459.8,22.99,236.0
ORD-000429-02,ORD-000429,PROD-0007,2,279.9,154.0,559.8,27.99,308.0
ORD-000430-01,ORD-000430,PROD-0011,3,179.9,82.0,539.7,80.95,246.0
ORD-000430-02,ORD-000430,PROD-0002,1,149.9,72.0,149.9,22.48,72.0
ORD-000430-03,ORD-000430,PROD-0006,2,189.9,91.0,379.8,56.97,182.0
ORD-000431-01,ORD-000431,PROD-0002,2,149.9,72.0,299.8,0.0,144.0
ORD-000431-02,ORD-000431,PROD-0001,3,59.9,24.5,179.7,0.0,73.5
ORD-000431-03,ORD-000431,PROD-0009,1,44.9,17.0,44.9,0.0,17.0
ORD-000431-04,ORD-000431,PROD-0006,3,189.9,91.0,569.7,0.0,273.0
ORD-000432-01,ORD-000432,PROD-0008,2,399.9,238.0,799.8,0.0,476.0
ORD-000433-01,ORD-000433,PROD-0009,1,44.9,17.0,44.9,4.49,17.0
ORD-000434-01,ORD-000434,PROD-0002,3,149.9,72.0,449.7,44.97,216.0
ORD-000435-01,ORD-000435,PROD-0011,2,179.9,82.0,359.8,0.0,164.0
ORD-000435-02,ORD-000435,PROD-0008,1,399.9,238.0,399.9,0.0,238.0
ORD-000435-03,ORD-000435,PROD-0010,1,219.9,93.0,219.9,0.0,93.0
ORD-000435-04,ORD-000435,PROD-0005,1,349.9,221.0,349.9,0.0,221.0
ORD-000436-01,ORD-000436,PROD-0008,2,399.9,238.0,799.8,0.0,476.0
ORD-000436-02,ORD-000436,PROD-0007,3,279.9,154.0,839.7,0.0,462.0
ORD-000436-03,ORD-000436,PROD-0010,3,219.9,93.0,659.7,0.0,279.0
ORD-000436-04,ORD-000436,PROD-0012,2,259.9,137.0,519.8,0.0,274.0
ORD-000437-01,ORD-000437,PROD-0001,2,59.9,24.5,119.8,0.0,49.0
ORD-000437-02,ORD-000437,PROD-0004,3,99.9,43.0,299.7,0.0,129.0
ORD-000438-01,ORD-000438,PROD-0003,1,229.9,118.0,229.9,11.5,118.0
ORD-000439-01,ORD-000439,PROD-0001,3,59.9,24.5,179.7,0.0,73.5
ORD-000439-02,ORD-000439,PROD-0006,3,189.9,91.0,569.7,0.0,273.0
ORD-000439-03,ORD-000439,PROD-0012,2,259.9,137.0,519.8,0.0,274.0
ORD-000439-04,ORD-000439,PROD-0002,2,149.9,72.0,299.8,0.0,144.0
ORD-000440-01,ORD-000440,PROD-0004,2,99.9,43.0,199.8,19.98,86.0
ORD-000440-02,ORD-000440,PROD-0001,3,59.9,24.5,179.7,17.97,73.5
ORD-000440-03,ORD-000440,PROD-0009,2,44.9,17.0,89.8,8.98,34.0
ORD-000440-04,ORD-000440,PROD-0011,3,179.9,82.0,539.7,53.97,246.0
ORD-000441-01,ORD-000441,PROD-0001,2,59.9,24.5,119.8,17.97,49.0
ORD-000441-02,ORD-000441,PROD-0003,2,229.9,118.0,459.8,68.97,236.0
ORD-000441-03,ORD-000441,PROD-0005,2,349.9,221.0,699.8,104.97,442.0
ORD-000441-04,ORD-000441,PROD-0004,1,99.9,43.0,99.9,14.98,43.0
ORD-000442-01,ORD-000442,PROD-0007,1,279.9,154.0,279.9,0.0,154.0
ORD-000442-02,ORD-000442,PROD-0011,3,179.9,82.0,539.7,0.0,246.0
ORD-000442-03,ORD-000442,PROD-0006,1,189.9,91.0,189.9,0.0,91.0
ORD-000442-04,ORD-000442,PROD-0008,2,399.9,238.0,799.8,0.0,476.0
ORD-000443-01,ORD-000443,PROD-0005,1,349.9,221.0,349.9,0.0,221.0
ORD-000443-02,ORD-000443,PROD-0004,1,99.9,43.0,99.9,0.0,43.0
ORD-000443-03,ORD-000443,PROD-0011,2,179.9,82.0,359.8,0.0,164.0
ORD-000443-04,ORD-000443,PROD-0009,2,44.9,17.0,89.8,0.0,34.0
ORD-000444-01,ORD-000444,PROD-0008,2,399.9,238.0,799.8,79.98,476.0
ORD-000444-02,ORD-000444,PROD-0005,2,349.9,221.0,699.8,69.98,442.0
ORD-000445-01,ORD-000445,PROD-0009,1,44.9,17.0,44.9,0.0,17.0
ORD-000446-01,ORD-000446,PROD-0012,2,259.9,137.0,519.8,77.97,274.0
ORD-000446-02,ORD-000446,PROD-0002,1,149.9,72.0,149.9,22.48,72.0
ORD-000446-03,ORD-000446,PROD-0003,1,229.9,118.0,229.9,34.48,118.0
ORD-000446-04,ORD-000446,PROD-0006,1,189.9,91.0,189.9,28.48,91.0
ORD-000447-01,ORD-000447,PROD-0006,3,189.9,91.0,569.7,0.0,273.0
ORD-000447-02,ORD-000447,PROD-0011,2,179.9,82.0,359.8,0.0,164.0
ORD-000447-03,ORD-000447,PROD-0004,1,99.9,43.0,99.9,0.0,43.0
ORD-000447-04,ORD-000447,PROD-0003,1,229.9,118.0,229.9,0.0,118.0
ORD-000448-01,ORD-000448,PROD-0002,2,149.9,72.0,299.8,44.97,144.0
ORD-000449-01,ORD-000449,PROD-0011,3,179.9,82.0,539.7,0.0,246.0
ORD-000450-01,ORD-000450,PROD-0001,3,59.9,24.5,179.7,26.95,73.5
ORD-000450-02,ORD-000450,PROD-0005,1,349.9,221.0,349.9,52.48,221.0
ORD-000450-03,ORD-000450,PROD-0009,3,44.9,17.0,134.7,20.2,51.0
ORD-000451-01,ORD-000451,PROD-0002,2,149.9,72.0,299.8,14.99,144.0
ORD-000451-02,ORD-000451,PROD-0001,2,59.9,24.5,119.8,5.99,49.0
ORD-000451-03,ORD-000451,PROD-0009,3,44.9,17.0,134.7,6.73,51.0
ORD-000452-01,ORD-000452,PROD-0001,3,59.9,24.5,179.7,17.97,73.5
ORD-000452-02,ORD-000452,PROD-0012,3,259.9,137.0,779.7,77.97,411.0
ORD-000453-01,ORD-000453,PROD-0011,1,179.9,82.0,179.9,17.99,82.0
ORD-000454-01,ORD-000454,PROD-0006,2,189.9,91.0,379.8,37.98,182.0
ORD-000454-02,ORD-000454,PROD-0005,3,349.9,221.0,1049.7,104.97,663.0
ORD-000455-01,ORD-000455,PROD-0006,1,189.9,91.0,189.9,0.0,91.0
ORD-000455-02,ORD-000455,PROD-0008,1,399.9,238.0,399.9,0.0,238.0
ORD-000456-01,ORD-000456,PROD-0010,2,219.9,93.0,439.8,21.99,186.0
ORD-000456-02,ORD-000456,PROD-0009,3,44.9,17.0,134.7,6.73,51.0
ORD-000456-03,ORD-000456,PROD-0011,2,179.9,82.0,359.8,17.99,164.0
ORD-000456-04,ORD-000456,PROD-0007,3,279.9,154.0,839.7,41.98,462.0
ORD-000457-01,ORD-000457,PROD-0012,3,259.9,137.0,779.7,38.98,411.0
ORD-000457-02,ORD-000457,PROD-0009,1,44.9,17.0,44.9,2.25,17.0
ORD-000458-01,ORD-000458,PROD-0002,2,149.9,72.0,299.8,29.98,144.0
ORD-000459-01,ORD-000459,PROD-0003,2,229.9,118.0,459.8,0.0,236.0
ORD-000459-02,ORD-000459,PROD-0010,1,219.9,93.0,219.9,0.0,93.0
ORD-000460-01,ORD-000460,PROD-0010,2,219.9,93.0,439.8,0.0,186.0
ORD-000460-02,ORD-000460,PROD-0008,2,399.9,238.0,799.8,0.0,476.0
ORD-000460-03,ORD-000460,PROD-0006,3,189.9,91.0,569.7,0.0,273.0
ORD-000461-01,ORD-000461,PROD-0007,3,279.9,154.0,839.7,125.95,462.0
ORD-000461-02,ORD-000461,PROD-0004,1,99.9,43.0,99.9,14.98,43.0
ORD-000461-03,ORD-000461,PROD-0012,3,259.9,137.0,779.7,116.95,411.0
ORD-000461-04,ORD-000461,PROD-0006,2,189.9,91.0,379.8,56.97,182.0
ORD-000462-01,ORD-000462,PROD-0011,3,179.9,82.0,539.7,0.0,246.0
ORD-000463-01,ORD-000463,PROD-0011,3,179.9,82.0,539.7,53.97,246.0
ORD-000464-01,ORD-000464,PROD-0010,2,219.9,93.0,439.8,43.98,186.0
ORD-000464-02,ORD-000464,PROD-0001,2,59.9,24.5,119.8,11.98,49.0
ORD-000464-03,ORD-000464,PROD-0008,1,399.9,238.0,399.9,39.99,238.0
ORD-000464-04,ORD-000464,PROD-0011,2,179.9,82.0,359.8,35.98,164.0
ORD-000465-01,ORD-000465,PROD-0002,2,149.9,72.0,299.8,0.0,144.0
ORD-000465-02,ORD-000465,PROD-0003,3,229.9,118.0,689.7,0.0,354.0
ORD-000465-03,ORD-000465,PROD-0005,1,349.9,221.0,349.9,0.0,221.0
ORD-000466-01,ORD-000466,PROD-0005,1,349.9,221.0,349.9,0.0,221.0
ORD-000466-02,ORD-000466,PROD-0007,1,279.9,154.0,279.9,0.0,154.0
ORD-000466-03,ORD-000466,PROD-0002,1,149.9,72.0,149.9,0.0,72.0
ORD-000467-01,ORD-000467,PROD-0008,1,399.9,238.0,399.9,20.0,238.0
ORD-000468-01,ORD-000468,PROD-0005,2,349.9,221.0,699.8,69.98,442.0
ORD-000468-02,ORD-000468,PROD-0010,2,219.9,93.0,439.8,43.98,186.0
ORD-000469-01,ORD-000469,PROD-0001,3,59.9,24.5,179.7,17.97,73.5
ORD-000469-02,ORD-000469,PROD-0012,1,259.9,137.0,259.9,25.99,137.0
ORD-000469-03,ORD-000469,PROD-0008,1,399.9,238.0,399.9,39.99,238.0
ORD-000469-04,ORD-000469,PROD-0005,1,349.9,221.0,349.9,34.99,221.0
ORD-000470-01,ORD-000470,PROD-0005,1,349.9,221.0,349.9,0.0,221.0
ORD-000471-01,ORD-000471,PROD-0011,3,179.9,82.0,539.7,0.0,246.0
ORD-000471-02,ORD-000471,PROD-0006,2,189.9,91.0,379.8,0.0,182.0
ORD-000471-03,ORD-000471,PROD-0005,2,349.9,221.0,699.8,0.0,442.0
ORD-000472-01,ORD-000472,PROD-0010,2,219.9,93.0,439.8,0.0,186.0
ORD-000473-01,ORD-000473,PROD-0009,1,44.9,17.0,44.9,4.49,17.0
ORD-000474-01,ORD-000474,PROD-0002,2,149.9,72.0,299.8,0.0,144.0
ORD-000475-01,ORD-000475,PROD-0010,3,219.9,93.0,659.7,98.95,279.0
ORD-000476-01,ORD-000476,PROD-0001,3,59.9,24.5,179.7,26.95,73.5
ORD-000476-02,ORD-000476,PROD-0004,2,99.9,43.0,199.8,29.97,86.0
ORD-000477-01,ORD-000477,PROD-0002,1,149.9,72.0,149.9,14.99,72.0
ORD-000477-02,ORD-000477,PROD-0010,3,219.9,93.0,659.7,65.97,279.0
ORD-000478-01,ORD-000478,PROD-0012,3,259.9,137.0,779.7,0.0,411.0
ORD-000479-01,ORD-000479,PROD-0007,1,279.9,154.0,279.9,0.0,154.0
ORD-000479-02,ORD-000479,PROD-0012,3,259.9,137.0,779.7,0.0,411.0
ORD-000479-03,ORD-000479,PROD-0005,3,349.9,221.0,1049.7,0.0,663.0
ORD-000480-01,ORD-000480,PROD-0007,1,279.9,154.0,279.9,27.99,154.0
ORD-000481-01,ORD-000481,PROD-0002,1,149.9,72.0,149.9,0.0,72.0
ORD-000481-02,ORD-000481,PROD-0011,2,179.9,82.0,359.8,0.0,164.0
ORD-000481-03,ORD-000481,PROD-0012,2,259.9,137.0,519.8,0.0,274.0
ORD-000482-01,ORD-000482,PROD-0002,3,149.9,72.0,449.7,0.0,216.0
ORD-000482-02,ORD-000482,PROD-0010,2,219.9,93.0,439.8,0.0,186.0
ORD-000483-01,ORD-000483,PROD-0001,1,59.9,24.5,59.9,8.98,24.5
ORD-000483-02,ORD-000483,PROD-0008,2,399.9,238.0,799.8,119.97,476.0
ORD-000484-01,ORD-000484,PROD-0004,2,99.9,43.0,199.8,9.99,86.0
ORD-000484-02,ORD-000484,PROD-0010,2,219.9,93.0,439.8,21.99,186.0
ORD-000484-03,ORD-000484,PROD-0011,2,179.9,82.0,359.8,17.99,164.0
ORD-000484-04,ORD-000484,PROD-0001,2,59.9,24.5,119.8,5.99,49.0
ORD-000485-01,ORD-000485,PROD-0010,1,219.9,93.0,219.9,0.0,93.0
ORD-000486-01,ORD-000486,PROD-0001,1,59.9,24.5,59.9,3.0,24.5
ORD-000486-02,ORD-000486,PROD-0012,2,259.9,137.0,519.8,25.99,274.0
ORD-000487-01,ORD-000487,PROD-0005,3,349.9,221.0,1049.7,0.0,663.0
ORD-000487-02,ORD-000487,PROD-0006,3,189.9,91.0,569.7,0.0,273.0
ORD-000487-03,ORD-000487,PROD-0001,3,59.9,24.5,179.7,0.0,73.5
ORD-000488-01,ORD-000488,PROD-0004,3,99.9,43.0,299.7,0.0,129.0
ORD-000488-02,ORD-000488,PROD-0011,3,179.9,82.0,539.7,0.0,246.0
ORD-000488-03,ORD-000488,PROD-0008,2,399.9,238.0,799.8,0.0,476.0
ORD-000489-01,ORD-000489,PROD-0008,1,399.9,238.0,399.9,0.0,238.0
ORD-000490-01,ORD-000490,PROD-0004,2,99.9,43.0,199.8,0.0,86.0
ORD-000490-02,ORD-000490,PROD-0007,1,279.9,154.0,279.9,0.0,154.0
ORD-000490-03,ORD-000490,PROD-0003,1,229.9,118.0,229.9,0.0,118.0
ORD-000490-04,ORD-000490,PROD-0001,2,59.9,24.5,119.8,0.0,49.0
ORD-000491-01,ORD-000491,PROD-0004,1,99.9,43.0,99.9,0.0,43.0
ORD-000491-02,ORD-000491,PROD-0005,1,349.9,221.0,349.9,0.0,221.0
ORD-000492-01,ORD-000492,PROD-0007,1,279.9,154.0,279.9,0.0,154.0
ORD-000492-02,ORD-000492,PROD-0011,2,179.9,82.0,359.8,0.0,164.0
ORD-000493-01,ORD-000493,PROD-0002,1,149.9,72.0,149.9,14.99,72.0
ORD-000494-01,ORD-000494,PROD-0010,3,219.9,93.0,659.7,98.95,279.0
ORD-000495-01,ORD-000495,PROD-0004,1,99.9,43.0,99.9,0.0,43.0
ORD-000495-02,ORD-000495,PROD-0002,3,149.9,72.0,449.7,0.0,216.0
ORD-000495-03,ORD-000495,PROD-0008,2,399.9,238.0,799.8,0.0,476.0
ORD-000495-04,ORD-000495,PROD-0011,3,179.9,82.0,539.7,0.0,246.0
ORD-000496-01,ORD-000496,PROD-0008,3,399.9,238.0,1199.7,179.95,714.0
ORD-000496-02,ORD-000496,PROD-0005,3,349.9,221.0,1049.7,157.45,663.0
ORD-000496-03,ORD-000496,PROD-0010,3,219.9,93.0,659.7,98.95,279.0
ORD-000496-04,ORD-000496,PROD-0007,1,279.9,154.0,279.9,41.98,154.0
ORD-000497-01,ORD-000497,PROD-0006,3,189.9,91.0,569.7,28.49,273.0
ORD-000497-02,ORD-000497,PROD-0005,1,349.9,221.0,349.9,17.5,221.0
ORD-000498-01,ORD-000498,PROD-0008,2,399.9,238.0,799.8,79.98,476.0
ORD-000498-02,ORD-000498,PROD-0007,2,279.9,154.0,559.8,55.98,308.0
ORD-000498-03,ORD-000498,PROD-0011,2,179.9,82.0,359.8,35.98,164.0
ORD-000498-04,ORD-000498,PROD-0006,2,189.9,91.0,379.8,37.98,182.0
ORD-000499-01,ORD-000499,PROD-0005,1,349.9,221.0,349.9,0.0,221.0
ORD-000500-01,ORD-000500,PROD-0004,3,99.9,43.0,299.7,0.0,129.0
ORD-000500-02,ORD-000500,PROD-0010,3,219.9,93.0,659.7,0.0,279.0
ORD-000500-03,ORD-000500,PROD-0003,3,229.9,118.0,689.7,0.0,354.0
ORD-000501-01,ORD-000501,PROD-0007,1,279.9,154.0,279.9,41.98,154.0
ORD-000501-02,ORD-000501,PROD-0004,3,99.9,43.0,299.7,44.96,129.0
ORD-000502-01,ORD-000502,PROD-0002,2,149.9,72.0,299.8,44.97,144.0
ORD-000502-02,ORD-000502,PROD-0006,3,189.9,91.0,569.7,85.45,273.0
ORD-000502-03,ORD-000502,PROD-0004,2,99.9,43.0,199.8,29.97,86.0
ORD-000503-01,ORD-000503,PROD-0008,3,399.9,238.0,1199.7,0.0,714.0
ORD-000504-01,ORD-000504,PROD-0010,1,219.9,93.0,219.9,21.99,93.0
ORD-000505-01,ORD-000505,PROD-0006,3,189.9,91.0,569.7,28.49,273.0
ORD-000506-01,ORD-000506,PROD-0001,2,59.9,24.5,119.8,0.0,49.0
ORD-000506-02,ORD-000506,PROD-0003,2,229.9,118.0,459.8,0.0,236.0
ORD-000506-03,ORD-000506,PROD-0004,1,99.9,43.0,99.9,0.0,43.0
ORD-000506-04,ORD-000506,PROD-0002,1,149.9,72.0,149.9,0.0,72.0
ORD-000507-01,ORD-000507,PROD-0007,3,279.9,154.0,839.7,0.0,462.0
ORD-000507-02,ORD-000507,PROD-0003,2,229.9,118.0,459.8,0.0,236.0
ORD-000507-03,ORD-000507,PROD-0002,2,149.9,72.0,299.8,0.0,144.0
ORD-000507-04,ORD-000507,PROD-0011,3,179.9,82.0,539.7,0.0,246.0
ORD-000508-01,ORD-000508,PROD-0010,3,219.9,93.0,659.7,0.0,279.0
ORD-000508-02,ORD-000508,PROD-0004,3,99.9,43.0,299.7,0.0,129.0
ORD-000508-03,ORD-000508,PROD-0009,2,44.9,17.0,89.8,0.0,34.0
ORD-000509-01,ORD-000509,PROD-0008,3,399.9,238.0,1199.7,119.97,714.0
ORD-000509-02,ORD-000509,PROD-0012,1,259.9,137.0,259.9,25.99,137.0
ORD-000509-03,ORD-000509,PROD-0010,2,219.9,93.0,439.8,43.98,186.0
ORD-000509-04,ORD-000509,PROD-0001,3,59.9,24.5,179.7,17.97,73.5
ORD-000510-01,ORD-000510,PROD-0007,2,279.9,154.0,559.8,55.98,308.0
ORD-000510-02,ORD-000510,PROD-0011,3,179.9,82.0,539.7,53.97,246.0
ORD-000510-03,ORD-000510,PROD-0003,1,229.9,118.0,229.9,22.99,118.0
ORD-000510-04,ORD-000510,PROD-0002,1,149.9,72.0,149.9,14.99,72.0
ORD-000511-01,ORD-000511,PROD-0009,1,44.9,17.0,44.9,0.0,17.0
ORD-000511-02,ORD-000511,PROD-0002,3,149.9,72.0,449.7,0.0,216.0
ORD-000511-03,ORD-000511,PROD-0006,2,189.9,91.0,379.8,0.0,182.0
ORD-000511-04,ORD-000511,PROD-0011,2,179.9,82.0,359.8,0.0,164.0
ORD-000512-01,ORD-000512,PROD-0006,1,189.9,91.0,189.9,28.48,91.0
ORD-000512-02,ORD-000512,PROD-0007,1,279.9,154.0,279.9,41.98,154.0
ORD-000512-03,ORD-000512,PROD-0004,2,99.9,43.0,199.8,29.97,86.0
ORD-000512-04,ORD-000512,PROD-0011,1,179.9,82.0,179.9,26.98,82.0
ORD-000513-01,ORD-000513,PROD-0003,1,229.9,118.0,229.9,0.0,118.0
ORD-000513-02,ORD-000513,PROD-0008,1,399.9,238.0,399.9,0.0,238.0
ORD-000513-03,ORD-000513,PROD-0005,3,349.9,221.0,1049.7,0.0,663.0
ORD-000513-04,ORD-000513,PROD-0012,1,259.9,137.0,259.9,0.0,137.0
ORD-000514-01,ORD-000514,PROD-0006,3,189.9,91.0,569.7,85.45,273.0
ORD-000514-02,ORD-000514,PROD-0003,3,229.9,118.0,689.7,103.45,354.0
ORD-000514-03,ORD-000514,PROD-0004,1,99.9,43.0,99.9,14.98,43.0
ORD-000514-04,ORD-000514,PROD-0001,2,59.9,24.5,119.8,17.97,49.0
ORD-000515-01,ORD-000515,PROD-0004,1,99.9,43.0,99.9,9.99,43.0
ORD-000515-02,ORD-000515,PROD-0012,1,259.9,137.0,259.9,25.99,137.0
ORD-000515-03,ORD-000515,PROD-0006,1,189.9,91.0,189.9,18.99,91.0
ORD-000515-04,ORD-000515,PROD-0011,2,179.9,82.0,359.8,35.98,164.0
ORD-000516-01,ORD-000516,PROD-0007,3,279.9,154.0,839.7,0.0,462.0
ORD-000517-01,ORD-000517,PROD-0006,2,189.9,91.0,379.8,0.0,182.0
ORD-000518-01,ORD-000518,PROD-0001,2,59.9,24.5,119.8,17.97,49.0
ORD-000518-02,ORD-000518,PROD-0002,2,149.9,72.0,299.8,44.97,144.0
ORD-000518-03,ORD-000518,PROD-0004,3,99.9,43.0,299.7,44.96,129.0
ORD-000519-01,ORD-000519,PROD-0006,3,189.9,91.0,569.7,85.45,273.0
ORD-000519-02,ORD-000519,PROD-0003,3,229.9,118.0,689.7,103.45,354.0
ORD-000520-01,ORD-000520,PROD-0009,3,44.9,17.0,134.7,13.47,51.0
ORD-000520-02,ORD-000520,PROD-0010,1,219.9,93.0,219.9,21.99,93.0
ORD-000521-01,ORD-000521,PROD-0008,1,399.9,238.0,399.9,0.0,238.0
ORD-000521-02,ORD-000521,PROD-0005,2,349.9,221.0,699.8,0.0,442.0
ORD-000521-03,ORD-000521,PROD-0004,1,99.9,43.0,99.9,0.0,43.0
ORD-000522-01,ORD-000522,PROD-0009,2,44.9,17.0,89.8,13.47,34.0
ORD-000523-01,ORD-000523,PROD-0010,3,219.9,93.0,659.7,98.95,279.0
ORD-000523-02,ORD-000523,PROD-0007,2,279.9,154.0,559.8,83.97,308.0
ORD-000524-01,ORD-000524,PROD-0003,1,229.9,118.0,229.9,34.48,118.0
ORD-000524-02,ORD-000524,PROD-0002,3,149.9,72.0,449.7,67.45,216.0
ORD-000525-01,ORD-000525,PROD-0010,2,219.9,93.0,439.8,0.0,186.0
ORD-000525-02,ORD-000525,PROD-0004,2,99.9,43.0,199.8,0.0,86.0
ORD-000526-01,ORD-000526,PROD-0007,1,279.9,154.0,279.9,13.99,154.0
ORD-000526-02,ORD-000526,PROD-0009,2,44.9,17.0,89.8,4.49,34.0
ORD-000526-03,ORD-000526,PROD-0010,1,219.9,93.0,219.9,11.0,93.0
ORD-000526-04,ORD-000526,PROD-0012,2,259.9,137.0,519.8,25.99,274.0
ORD-000527-01,ORD-000527,PROD-0009,2,44.9,17.0,89.8,0.0,34.0
ORD-000527-02,ORD-000527,PROD-0010,1,219.9,93.0,219.9,0.0,93.0
ORD-000527-03,ORD-000527,PROD-0008,3,399.9,238.0,1199.7,0.0,714.0
ORD-000527-04,ORD-000527,PROD-0002,2,149.9,72.0,299.8,0.0,144.0
ORD-000528-01,ORD-000528,PROD-0007,2,279.9,154.0,559.8,27.99,308.0
ORD-000528-02,ORD-000528,PROD-0006,3,189.9,91.0,569.7,28.49,273.0
ORD-000528-03,ORD-000528,PROD-0012,3,259.9,137.0,779.7,38.98,411.0
ORD-000528-04,ORD-000528,PROD-0008,1,399.9,238.0,399.9,20.0,238.0
ORD-000529-01,ORD-000529,PROD-0011,2,179.9,82.0,359.8,0.0,164.0
ORD-000529-02,ORD-000529,PROD-0006,3,189.9,91.0,569.7,0.0,273.0
ORD-000529-03,ORD-000529,PROD-0001,1,59.9,24.5,59.9,0.0,24.5
ORD-000529-04,ORD-000529,PROD-0007,1,279.9,154.0,279.9,0.0,154.0
ORD-000530-01,ORD-000530,PROD-0001,1,59.9,24.5,59.9,0.0,24.5
ORD-000530-02,ORD-000530,PROD-0002,3,149.9,72.0,449.7,0.0,216.0
ORD-000531-01,ORD-000531,PROD-0010,1,219.9,93.0,219.9,0.0,93.0
ORD-000531-02,ORD-000531,PROD-0005,3,349.9,221.0,1049.7,0.0,663.0
ORD-000531-03,ORD-000531,PROD-0007,3,279.9,154.0,839.7,0.0,462.0
ORD-000531-04,ORD-000531,PROD-0002,2,149.9,72.0,299.8,0.0,144.0
ORD-000532-01,ORD-000532,PROD-0009,1,44.9,17.0,44.9,0.0,17.0
ORD-000532-02,ORD-000532,PROD-0007,1,279.9,154.0,279.9,0.0,154.0
ORD-000532-03,ORD-000532,PROD-0005,2,349.9,221.0,699.8,0.0,442.0
ORD-000532-04,ORD-000532,PROD-0011,1,179.9,82.0,179.9,0.0,82.0
ORD-000533-01,ORD-000533,PROD-0004,2,99.9,43.0,199.8,0.0,86.0
ORD-000533-02,ORD-000533,PROD-0005,2,349.9,221.0,699.8,0.0,442.0
ORD-000534-01,ORD-000534,PROD-0008,3,399.9,238.0,1199.7,0.0,714.0
ORD-000534-02,ORD-000534,PROD-0012,1,259.9,137.0,259.9,0.0,137.0
ORD-000535-01,ORD-000535,PROD-0008,3,399.9,238.0,1199.7,59.98,714.0
ORD-000535-02,ORD-000535,PROD-0012,2,259.9,137.0,519.8,25.99,274.0
ORD-000535-03,ORD-000535,PROD-0006,2,189.9,91.0,379.8,18.99,182.0
ORD-000536-01,ORD-000536,PROD-0006,2,189.9,91.0,379.8,37.98,182.0
ORD-000536-02,ORD-000536,PROD-0002,3,149.9,72.0,449.7,44.97,216.0
ORD-000536-03,ORD-000536,PROD-0001,2,59.9,24.5,119.8,11.98,49.0
ORD-000537-01,ORD-000537,PROD-0009,3,44.9,17.0,134.7,0.0,51.0
ORD-000537-02,ORD-000537,PROD-0007,2,279.9,154.0,559.8,0.0,308.0
ORD-000537-03,ORD-000537,PROD-0004,1,99.9,43.0,99.9,0.0,43.0
ORD-000537-04,ORD-000537,PROD-0001,3,59.9,24.5,179.7,0.0,73.5
ORD-000538-01,ORD-000538,PROD-0007,3,279.9,154.0,839.7,83.97,462.0
ORD-000538-02,ORD-000538,PROD-0008,2,399.9,238.0,799.8,79.98,476.0
ORD-000538-03,ORD-000538,PROD-0002,2,149.9,72.0,299.8,29.98,144.0
ORD-000539-01,ORD-000539,PROD-0003,3,229.9,118.0,689.7,103.45,354.0
ORD-000539-02,ORD-000539,PROD-0008,3,399.9,238.0,1199.7,179.95,714.0
ORD-000539-03,ORD-000539,PROD-0002,1,149.9,72.0,149.9,22.48,72.0
ORD-000539-04,ORD-000539,PROD-0011,1,179.9,82.0,179.9,26.98,82.0
ORD-000540-01,ORD-000540,PROD-0012,3,259.9,137.0,779.7,38.98,411.0
ORD-000540-02,ORD-000540,PROD-0005,2,349.9,221.0,699.8,34.99,442.0
ORD-000541-01,ORD-000541,PROD-0011,2,179.9,82.0,359.8,35.98,164.0
ORD-000542-01,ORD-000542,PROD-0006,3,189.9,91.0,569.7,0.0,273.0
ORD-000543-01,ORD-000543,PROD-0007,2,279.9,154.0,559.8,0.0,308.0
ORD-000543-02,ORD-000543,PROD-0012,2,259.9,137.0,519.8,0.0,274.0
ORD-000544-01,ORD-000544,PROD-0004,1,99.9,43.0,99.9,0.0,43.0
ORD-000544-02,ORD-000544,PROD-0008,3,399.9,238.0,1199.7,0.0,714.0
ORD-000544-03,ORD-000544,PROD-0011,2,179.9,82.0,359.8,0.0,164.0
ORD-000545-01,ORD-000545,PROD-0008,3,399.9,238.0,1199.7,179.95,714.0
ORD-000545-02,ORD-000545,PROD-0005,2,349.9,221.0,699.8,104.97,442.0
ORD-000546-01,ORD-000546,PROD-0001,2,59.9,24.5,119.8,17.97,49.0
ORD-000546-02,ORD-000546,PROD-0009,2,44.9,17.0,89.8,13.47,34.0
ORD-000547-01,ORD-000547,PROD-0012,2,259.9,137.0,519.8,0.0,274.0
ORD-000547-02,ORD-000547,PROD-0009,1,44.9,17.0,44.9,0.0,17.0
ORD-000548-01,ORD-000548,PROD-0003,3,229.9,118.0,689.7,34.49,354.0
ORD-000548-02,ORD-000548,PROD-0004,1,99.9,43.0,99.9,5.0,43.0
ORD-000548-03,ORD-000548,PROD-0011,3,179.9,82.0,539.7,26.99,246.0
ORD-000549-01,ORD-000549,PROD-0006,2,189.9,91.0,379.8,0.0,182.0
ORD-000550-01,ORD-000550,PROD-0004,2,99.9,43.0,199.8,9.99,86.0
ORD-000551-01,ORD-000551,PROD-0011,2,179.9,82.0,359.8,53.97,164.0
ORD-000551-02,ORD-000551,PROD-0007,1,279.9,154.0,279.9,41.98,154.0
ORD-000551-03,ORD-000551,PROD-0005,1,349.9,221.0,349.9,52.48,221.0
ORD-000551-04,ORD-000551,PROD-0008,1,399.9,238.0,399.9,59.98,238.0
ORD-000552-01,ORD-000552,PROD-0010,1,219.9,93.0,219.9,0.0,93.0
ORD-000553-01,ORD-000553,PROD-0007,2,279.9,154.0,559.8,83.97,308.0
ORD-000553-02,ORD-000553,PROD-0001,3,59.9,24.5,179.7,26.95,73.5
ORD-000554-01,ORD-000554,PROD-0001,2,59.9,24.5,119.8,0.0,49.0
ORD-000554-02,ORD-000554,PROD-0009,2,44.9,17.0,89.8,0.0,34.0
ORD-000555-01,ORD-000555,PROD-0009,2,44.9,17.0,89.8,0.0,34.0
ORD-000556-01,ORD-000556,PROD-0010,3,219.9,93.0,659.7,98.95,279.0
ORD-000556-02,ORD-000556,PROD-0008,2,399.9,238.0,799.8,119.97,476.0
ORD-000557-01,ORD-000557,PROD-0005,1,349.9,221.0,349.9,0.0,221.0
ORD-000557-02,ORD-000557,PROD-0004,3,99.9,43.0,299.7,0.0,129.0
ORD-000558-01,ORD-000558,PROD-0007,1,279.9,154.0,279.9,0.0,154.0
ORD-000558-02,ORD-000558,PROD-0008,2,399.9,238.0,799.8,0.0,476.0
ORD-000559-01,ORD-000559,PROD-0012,3,259.9,137.0,779.7,0.0,411.0
ORD-000559-02,ORD-000559,PROD-0006,3,189.9,91.0,569.7,0.0,273.0
ORD-000560-01,ORD-000560,PROD-0002,1,149.9,72.0,149.9,7.5,72.0
ORD-000560-02,ORD-000560,PROD-0005,3,349.9,221.0,1049.7,52.48,663.0
ORD-000561-01,ORD-000561,PROD-0005,1,349.9,221.0,349.9,0.0,221.0
ORD-000561-02,ORD-000561,PROD-0001,2,59.9,24.5,119.8,0.0,49.0
ORD-000562-01,ORD-000562,PROD-0009,1,44.9,17.0,44.9,0.0,17.0
ORD-000562-02,ORD-000562,PROD-0005,1,349.9,221.0,349.9,0.0,221.0
ORD-000562-03,ORD-000562,PROD-0010,1,219.9,93.0,219.9,0.0,93.0
ORD-000563-01,ORD-000563,PROD-0011,1,179.9,82.0,179.9,26.98,82.0
ORD-000563-02,ORD-000563,PROD-0003,2,229.9,118.0,459.8,68.97,236.0
ORD-000564-01,ORD-000564,PROD-0006,2,189.9,91.0,379.8,56.97,182.0
ORD-000564-02,ORD-000564,PROD-0008,2,399.9,238.0,799.8,119.97,476.0
ORD-000564-03,ORD-000564,PROD-0009,3,44.9,17.0,134.7,20.2,51.0
ORD-000564-04,ORD-000564,PROD-0005,3,349.9,221.0,1049.7,157.45,663.0
ORD-000565-01,ORD-000565,PROD-0003,3,229.9,118.0,689.7,0.0,354.0
ORD-000566-01,ORD-000566,PROD-0009,2,44.9,17.0,89.8,13.47,34.0
ORD-000566-02,ORD-000566,PROD-0011,1,179.9,82.0,179.9,26.98,82.0
ORD-000566-03,ORD-000566,PROD-0012,3,259.9,137.0,779.7,116.95,411.0
ORD-000566-04,ORD-000566,PROD-0002,1,149.9,72.0,149.9,22.48,72.0
ORD-000567-01,ORD-000567,PROD-0010,2,219.9,93.0,439.8,65.97,186.0
ORD-000568-01,ORD-000568,PROD-0003,3,229.9,118.0,689.7,0.0,354.0
ORD-000568-02,ORD-000568,PROD-0006,1,189.9,91.0,189.9,0.0,91.0
ORD-000568-03,ORD-000568,PROD-0002,3,149.9,72.0,449.7,0.0,216.0
ORD-000568-04,ORD-000568,PROD-0011,1,179.9,82.0,179.9,0.0,82.0
ORD-000569-01,ORD-000569,PROD-0011,2,179.9,82.0,359.8,17.99,164.0
ORD-000569-02,ORD-000569,PROD-0009,3,44.9,17.0,134.7,6.73,51.0
ORD-000569-03,ORD-000569,PROD-0001,2,59.9,24.5,119.8,5.99,49.0
ORD-000570-01,ORD-000570,PROD-0007,1,279.9,154.0,279.9,0.0,154.0
ORD-000570-02,ORD-000570,PROD-0006,1,189.9,91.0,189.9,0.0,91.0
ORD-000571-01,ORD-000571,PROD-0007,2,279.9,154.0,559.8,83.97,308.0
ORD-000571-02,ORD-000571,PROD-0006,1,189.9,91.0,189.9,28.48,91.0
ORD-000571-03,ORD-000571,PROD-0005,3,349.9,221.0,1049.7,157.45,663.0
ORD-000571-04,ORD-000571,PROD-0011,2,179.9,82.0,359.8,53.97,164.0
ORD-000572-01,ORD-000572,PROD-0002,2,149.9,72.0,299.8,0.0,144.0
ORD-000572-02,ORD-000572,PROD-0004,1,99.9,43.0,99.9,0.0,43.0
ORD-000573-01,ORD-000573,PROD-0009,2,44.9,17.0,89.8,0.0,34.0
ORD-000573-02,ORD-000573,PROD-0008,3,399.9,238.0,1199.7,0.0,714.0
ORD-000573-03,ORD-000573,PROD-0003,3,229.9,118.0,689.7,0.0,354.0
ORD-000573-04,ORD-000573,PROD-0006,3,189.9,91.0,569.7,0.0,273.0
ORD-000574-01,ORD-000574,PROD-0007,2,279.9,154.0,559.8,83.97,308.0
ORD-000574-02,ORD-000574,PROD-0010,2,219.9,93.0,439.8,65.97,186.0
ORD-000574-03,ORD-000574,PROD-0001,2,59.9,24.5,119.8,17.97,49.0
ORD-000575-01,ORD-000575,PROD-0005,3,349.9,221.0,1049.7,0.0,663.0
ORD-000576-01,ORD-000576,PROD-0004,1,99.9,43.0,99.9,9.99,43.0
ORD-000576-02,ORD-000576,PROD-0002,2,149.9,72.0,299.8,29.98,144.0
ORD-000577-01,ORD-000577,PROD-0012,1,259.9,137.0,259.9,0.0,137.0
ORD-000577-02,ORD-000577,PROD-0011,2,179.9,82.0,359.8,0.0,164.0
ORD-000577-03,ORD-000577,PROD-0004,2,99.9,43.0,199.8,0.0,86.0
ORD-000578-01,ORD-000578,PROD-0006,1,189.9,91.0,189.9,0.0,91.0
ORD-000578-02,ORD-000578,PROD-0001,1,59.9,24.5,59.9,0.0,24.5
ORD-000579-01,ORD-000579,PROD-0008,2,399.9,238.0,799.8,0.0,476.0
ORD-000579-02,ORD-000579,PROD-0006,1,189.9,91.0,189.9,0.0,91.0
ORD-000579-03,ORD-000579,PROD-0011,1,179.9,82.0,179.9,0.0,82.0
ORD-000580-01,ORD-000580,PROD-0004,1,99.9,43.0,99.9,14.98,43.0
ORD-000580-02,ORD-000580,PROD-0011,3,179.9,82.0,539.7,80.95,246.0
ORD-000580-03,ORD-000580,PROD-0005,2,349.9,221.0,699.8,104.97,442.0
ORD-000581-01,ORD-000581,PROD-0002,3,149.9,72.0,449.7,0.0,216.0
ORD-000582-01,ORD-000582,PROD-0009,2,44.9,17.0,89.8,4.49,34.0
ORD-000582-02,ORD-000582,PROD-0006,3,189.9,91.0,569.7,28.49,273.0
ORD-000582-03,ORD-000582,PROD-0011,3,179.9,82.0,539.7,26.99,246.0
ORD-000583-01,ORD-000583,PROD-0005,3,349.9,221.0,1049.7,104.97,663.0
ORD-000583-02,ORD-000583,PROD-0001,1,59.9,24.5,59.9,5.99,24.5
ORD-000584-01,ORD-000584,PROD-0009,1,44.9,17.0,44.9,2.25,17.0
ORD-000584-02,ORD-000584,PROD-0007,1,279.9,154.0,279.9,13.99,154.0
ORD-000584-03,ORD-000584,PROD-0011,1,179.9,82.0,179.9,9.0,82.0
ORD-000584-04,ORD-000584,PROD-0005,1,349.9,221.0,349.9,17.5,221.0
ORD-000585-01,ORD-000585,PROD-0012,1,259.9,137.0,259.9,0.0,137.0
ORD-000585-02,ORD-000585,PROD-0005,1,349.9,221.0,349.9,0.0,221.0
ORD-000585-03,ORD-000585,PROD-0009,1,44.9,17.0,44.9,0.0,17.0
ORD-000586-01,ORD-000586,PROD-0011,1,179.9,82.0,179.9,0.0,82.0
ORD-000587-01,ORD-000587,PROD-0012,3,259.9,137.0,779.7,116.95,411.0
ORD-000587-02,ORD-000587,PROD-0003,2,229.9,118.0,459.8,68.97,236.0
ORD-000587-03,ORD-000587,PROD-0007,2,279.9,154.0,559.8,83.97,308.0
ORD-000588-01,ORD-000588,PROD-0012,3,259.9,137.0,779.7,77.97,411.0
ORD-000589-01,ORD-000589,PROD-0003,2,229.9,118.0,459.8,0.0,236.0
ORD-000589-02,ORD-000589,PROD-0008,1,399.9,238.0,399.9,0.0,238.0
ORD-000589-03,ORD-000589,PROD-0004,2,99.9,43.0,199.8,0.0,86.0
ORD-000589-04,ORD-000589,PROD-0007,1,279.9,154.0,279.9,0.0,154.0
ORD-000590-01,ORD-000590,PROD-0003,3,229.9,118.0,689.7,103.45,354.0
ORD-000590-02,ORD-000590,PROD-0012,3,259.9,137.0,779.7,116.95,411.0
ORD-000590-03,ORD-000590,PROD-0007,1,279.9,154.0,279.9,41.98,154.0
ORD-000591-01,ORD-000591,PROD-0010,1,219.9,93.0,219.9,21.99,93.0
ORD-000592-01,ORD-000592,PROD-0001,1,59.9,24.5,59.9,0.0,24.5
ORD-000593-01,ORD-000593,PROD-0003,3,229.9,118.0,689.7,0.0,354.0
ORD-000593-02,ORD-000593,PROD-0004,2,99.9,43.0,199.8,0.0,86.0
ORD-000593-03,ORD-000593,PROD-0001,3,59.9,24.5,179.7,0.0,73.5
ORD-000593-04,ORD-000593,PROD-0009,3,44.9,17.0,134.7,0.0,51.0
ORD-000594-01,ORD-000594,PROD-0007,1,279.9,154.0,279.9,0.0,154.0
ORD-000594-02,ORD-000594,PROD-0003,3,229.9,118.0,689.7,0.0,354.0
ORD-000594-03,ORD-000594,PROD-0006,2,189.9,91.0,379.8,0.0,182.0
ORD-000594-04,ORD-000594,PROD-0005,3,349.9,221.0,1049.7,0.0,663.0
ORD-000595-01,ORD-000595,PROD-0002,1,149.9,72.0,149.9,14.99,72.0
ORD-000595-02,ORD-000595,PROD-0001,1,59.9,24.5,59.9,5.99,24.5
ORD-000595-03,ORD-000595,PROD-0010,2,219.9,93.0,439.8,43.98,186.0
ORD-000596-01,ORD-000596,PROD-0005,2,349.9,221.0,699.8,0.0,442.0
ORD-000597-01,ORD-000597,PROD-0008,3,399.9,238.0,1199.7,0.0,714.0
ORD-000597-02,ORD-000597,PROD-0012,2,259.9,137.0,519.8,0.0,274.0
ORD-000597-03,ORD-000597,PROD-0002,3,149.9,72.0,449.7,0.0,216.0
ORD-000597-04,ORD-000597,PROD-0010,2,219.9,93.0,439.8,0.0,186.0
ORD-000598-01,ORD-000598,PROD-0010,3,219.9,93.0,659.7,32.99,279.0
ORD-000598-02,ORD-000598,PROD-0011,1,179.9,82.0,179.9,9.0,82.0
ORD-000598-03,ORD-000598,PROD-0006,2,189.9,91.0,379.8,18.99,182.0
ORD-000598-04,ORD-000598,PROD-0003,2,229.9,118.0,459.8,22.99,236.0
ORD-000599-01,ORD-000599,PROD-0012,1,259.9,137.0,259.9,25.99,137.0
ORD-000599-02,ORD-000599,PROD-0002,2,149.9,72.0,299.8,29.98,144.0
ORD-000600-01,ORD-000600,PROD-0005,1,349.9,221.0,349.9,0.0,221.0
ORD-000600-02,ORD-000600,PROD-0008,3,399.9,238.0,1199.7,0.0,714.0
